timestep [],time [Myr],wd_col_slope [m],wd_col_margin [m],wd_col_proximal [m],wd_col_midplat [m]
0,0.0,44.5,32.0,4.5,17.0
1,0.0002,44.54599693163878,32.04599693163878,4.545996931638789,17.001248627118137
2,0.0004,44.59138642365188,32.09199199186529,4.530922068966009,17.042641073453915
3,0.0006,44.63623967752568,32.137983309358454,4.558955229346534,17.06930618972668
4,0.0008,44.68058702993685,32.16892035395179,4.598610189664496,17.095095709970046
5,0.001,44.710338386668404,32.214810422226286,4.635010493812563,17.121448356932596
6,0.0012,44.75402149194773,32.24651229172912,4.612668068701472,17.1482739275541
7,0.0014,44.793889467641755,32.2893422518088,4.577594050526848,17.175450903476765
8,0.0016,44.83301110059735,32.31962029238829,4.602386438939863,17.20292423772457
9,0.0018,44.87610789248527,32.36168375707763,4.586997312568886,17.22980236661469
10,0.002,44.91597237456685,32.40666796142839,4.61808651857441,17.271098816513447
11,0.0022,44.95509965682838,32.452362364272766,4.659425229604976,17.301192758785753
12,0.0024,44.994084023256484,32.497312025362696,4.702639162579221,17.343314284886684
13,0.0026,45.0330634156468,32.54180911547518,4.679058801091872,17.373654455828365
14,0.0028,45.07212748414264,32.586898279455795,4.70381347482619,17.415888136138552
15,0.003,45.11578719230385,32.63142030743298,4.737733728150541,17.461037947460596
16,0.0032,45.160621292039664,32.661211312506346,4.773064931564516,17.506889407957253
17,0.0034,45.20574554071489,32.702633822975024,4.7501340484941315,17.552734425601106
18,0.0036,45.25093057748072,32.747003886928205,4.772697151016528,17.59859958562275
19,0.0038,45.29611660622989,32.79205511499597,4.797205511237067,17.63932999934532
20,0.004,45.341286799168934,32.83718503159914,4.822645647033507,17.677326300414112
21,0.0042,45.38642133974803,32.88222909721034,4.861548833109404,17.71394619977521
22,0.0044,45.431475423471085,32.9272890413703,4.892199410875602,17.749726591132088
23,0.0046,45.47638333921948,32.972342191894654,4.92548165352929,17.79110092438954
24,0.0048,45.521171667979516,33.01736773766828,4.967903114939658,17.835019855450977
25,0.005,45.55137464058806,33.06220208626784,5.000912858114924,17.87975131414188
26,0.0052,45.578172082933236,33.10686080965875,5.0421203467374935,17.924689189253524
27,0.0054,45.61861180611823,33.15135362188726,5.079070892671356,17.969651815768998
28,0.0056,45.662285081753424,33.19570213028136,5.1223142201311695,18.014588611574574
29,0.0058,45.70669946467019,33.24016189493004,5.162535178126742,18.059484496295912
30,0.006,45.75125978701655,33.28438565691319,5.195306023042095,18.104333934324416
31,0.0062,45.79532094518603,33.32867476729829,5.236656687033495,18.149134334590293
32,0.0064,45.835421095576244,33.37294471919704,5.280447480281836,18.19367954809601
33,0.0066,45.87460029146264,33.417132523312326,5.318976480023198,18.23799246260224
34,0.0068,45.917705785295404,33.46124124408099,5.357030051844006,18.281411097151796
35,0.007,45.961780607645935,33.50529800248581,5.395417075930209,18.323878329017127
36,0.0072,45.9916736612957,33.549302979073126,5.434193000107992,18.36541365017223
37,0.0074,46.01738104108394,33.578784975896305,5.4777661472521055,18.406053594401772
38,0.0076,46.04192764175642,33.61930094519229,5.514830396008703,18.447921374352504
39,0.0078,46.06621376953127,33.6480959765388,5.55701189936042,18.49054974028948
40,0.008,46.09049946571536,33.67406674374639,5.600668952140982,18.533452924059127
41,0.0082,46.11565347057228,33.713756021385784,5.644545054216172,18.56232447018647
42,0.0084,46.14090167351216,33.75668638827429,5.68203758923532,18.587959039627744
43,0.0086,46.166216463052905,33.78510697272266,5.724060578738789,18.62693502747051
44,0.0088,46.1920686903722,33.80989028394695,5.76121477389284,18.654889604205252
45,0.009,46.21816390345521,33.848788216114606,5.802856532078852,18.680148312210076
46,0.0092,46.25826113100093,33.89021980130931,5.84582085346945,18.717868971728592
47,0.0094,46.30155648866858,33.931935333317846,5.837590182043301,18.744156304729948
48,0.0096,46.33085320240886,33.974431005517566,5.819959663079716,18.782886940872448
49,0.0098,46.37135594108505,34.01720921353942,5.803847348974711,18.82472200576348
50,0.01,46.41382604612662,34.06019294266689,5.79170508185215,18.867282053560746
51,0.0102,46.442553074637054,34.10321581590224,5.780615481292437,18.90995956303747
52,0.0104,46.48269224337566,34.146193477618745,5.769947220447644,18.952598717674462
53,0.0106,46.511617488457176,34.189077096860494,5.761102162660606,18.980878741369917
54,0.0108,46.55185324066363,34.230918893027365,5.7543969221809075,19.004850072600156
55,0.011,46.580633055282604,34.25799736846753,5.789391336079621,19.027820413584386
56,0.0112,46.62067871474783,34.281443007464034,5.832739169783622,19.049158692903433
57,0.0114,46.65964577180962,34.319251337741925,5.877804957490511,19.071225331627105
58,0.0116,46.69823512108143,34.34644643462732,5.921657818181556,19.10738187020203
59,0.0118,46.74020623071582,34.37051249728173,5.965416706737063,19.107056725062904
60,0.012,46.782090356425705,34.393524757084364,6.0076815028989605,19.0998104416212
61,0.0122,46.80960326450535,34.43118086771247,6.052069694004459,19.131956254500075
62,0.0124,46.833707820854606,34.458513815366146,6.096888859728159,19.133350473570427
63,0.0126,46.85781972746388,34.482322039525776,6.141763407836554,19.166684581972227
64,0.0128,46.88224296548364,34.51998879065537,6.186574842340294,19.192720745001107
65,0.013,46.90682620121969,34.560961023751204,6.228449069068542,19.23155587425974
66,0.0132,46.930710864732774,34.60265394948256,6.272171958658415,19.259353851283702
67,0.0134,46.95410023520455,34.64443187010098,6.316319379096765,19.298385486847096
68,0.0136,46.977231946366985,34.686137514036396,6.359173937137427,19.339766846273964
69,0.0138,47.00023813019209,34.72773118935374,6.401878267559512,19.366679986819662
70,0.014,47.03764799842376,34.76918658307676,6.442827458962828,19.404869820329523
71,0.0142,47.07498336207489,34.81049701685407,6.485795409951454,19.406171746822913
72,0.0144,47.112382141959245,34.83760127800885,6.529178467983151,19.432486185131488
73,0.0146,47.15002222029821,34.860501700324406,6.571531431439785,19.42280391444074
74,0.0148,47.1906006901569,34.883217830418076,6.614453082497787,19.45032027683276
75,0.015,47.21806408063073,34.920008584895236,6.656301801630606,19.4875265998561
76,0.0152,47.24256892693316,34.94517660211224,6.696957385313546,19.52716247108501
77,0.0154,47.26563746431942,34.982199582763975,6.739265720721172,19.5615176669816
78,0.0156,47.28813329891188,35.022043724782726,6.781690968491507,19.59864068251383
79,0.0158,47.31040166730987,35.062477080461804,6.823052339413552,19.637160557555404
80,0.016,47.33264149776026,35.10287399327502,6.8648101476867485,19.676127744002905
81,0.0162,47.35485903436779,35.128439408331495,6.904917961099443,19.700655512954604
82,0.0164,47.39114833822321,35.1649331902743,6.944538248879649,19.715936752206837
83,0.0166,47.43061144654664,35.20381387830502,6.984686775139575,19.74140732237033
84,0.0168,47.47086284894184,35.2284016977946,7.024187998402022,19.774998016223343
85,0.017,47.5109992590534,35.264232435133074,7.063490001807918,19.80516285331731
86,0.0172,47.551092035350656,35.30275090556082,7.102499229913654,19.832170787836617
87,0.0174,47.59104707631917,35.341824272318625,7.14292908312042,19.86450678766157
88,0.0176,47.630853703463856,35.38091858239292,7.183594824247498,19.899635008208268
89,0.0178,47.67050400349983,35.41989908528072,7.224189706180599,19.935739170363917
90,0.018,47.70999172611816,35.45873012071208,7.250448840457663,19.97208410791362
91,0.0182,47.746211733433924,35.48262384312819,7.273246506652712,20.00841910493697
92,0.0184,47.78146054321186,35.502801223329044,7.295731682306822,20.044664724507427
93,0.0186,47.81939695846499,35.52201684340164,7.316910977297341,20.08079599130239
94,0.0188,47.85474714090971,35.54075205257223,7.3374729073291975,20.11680422477173
95,0.019,47.89250203724737,35.57315074618894,7.371975883690704,20.152684744436005
96,0.0192,47.930690952752684,35.60951807995104,7.409652103913576,20.188434244583657
97,0.0194,47.9688496251533,35.64690107282307,7.447944833647265,20.223958651130072
98,0.0196,48.00649043291083,35.68443945939665,7.486241480795066,20.25822543000922
99,0.0198,48.043699414183166,35.72189183262665,7.524344790219923,20.291847155898022
100,0.02,48.07797080016579,35.759191519226746,7.562258310597458,20.326311623060157
101,0.0202,48.11150644125448,35.796322022087935,7.59877169494729,20.361094048222576
102,0.0204,48.1447827145187,35.83327751687734,7.635932457324484,20.39589552767727
103,0.0206,48.177904025647265,35.87002969870905,7.672964514521864,20.43025552547198
104,0.0208,48.211327763605496,35.90639650017129,7.7098192366074425,20.464221222692416
105,0.021,48.24445889957234,35.94259741579793,7.746489387635551,20.497887620420904
106,0.0212,48.27728825193771,35.97863487500962,7.781906874249981,20.531650028866338
107,0.0214,48.309913273475935,36.01450137274575,7.803217535987217,20.56543775143392
108,0.0216,48.34237523781996,36.050189866728836,7.822390810852286,20.599149014253328
109,0.0218,48.37503842420977,36.085696017883045,7.840279130263649,20.632732060289428
110,0.022,48.4102972137518,36.120992740517856,7.87197633809423,20.666166201569467
111,0.0222,48.445740485089566,36.156041978343865,7.90677485253584,20.699443472260203
112,0.0224,48.480153158760004,36.19082726120091,7.9410363829329915,20.732477925805853
113,0.0226,48.511399541019266,36.225328202171234,7.9614829957435305,20.75041392598983
114,0.0228,48.54175548662091,36.25954539809789,7.978878919886482,20.763403747440652
115,0.023,48.571729543122515,36.27913992400188,7.995675776268216,20.789494492685545
116,0.0232,48.60143583078506,36.29521741675804,8.012349291222218,20.80392132401622
117,0.0234,48.63087987441419,36.3105470312092,8.028958285401021,20.831154019423085
118,0.0236,48.66006075281211,36.324881014003275,8.045526724631166,20.86168333895465
119,0.0238,48.68990047856149,36.353722854943214,8.061980951846728,20.891840434062786
120,0.024,48.71928590460364,36.38600171124336,8.078318490424575,20.906913146045067
121,0.0242,48.748013351052535,36.41883945326181,8.095093554799869,20.93386196907285
122,0.0244,48.77630207562996,36.441278498056406,8.112159744924963,20.957307159660818
123,0.0246,48.80676183456213,36.46095757192643,8.14309664617436,20.977761720305207
124,0.0248,48.82401644067974,36.479880001796836,8.1627748605519,20.95738389516265
125,0.025,48.838114079675854,36.50883268083383,8.179596745453383,20.973043344022532
126,0.0252,48.85134073686152,36.5251370526446,8.195623966825247,20.99859258008378
127,0.0254,48.878835312957335,36.5390677519392,8.211433073877714,20.98131240565175
128,0.0256,48.906750864950524,36.56646554878328,8.239215239233795,20.953150102971275
129,0.0258,48.93463828053351,36.58679997705035,8.256266670045495,20.967334893364246
130,0.026,48.9653380812853,36.61536713845103,8.284830421981859,20.992555793583865
131,0.0262,48.99645662839329,36.64583444500284,8.314754128126363,20.97535099426073
132,0.0264,49.02748656930023,36.667672041636855,8.344549978574603,20.991841919595622
133,0.0266,49.058297105492365,36.68645477268055,8.361066156372205,21.017380784397144
134,0.0268,49.08886635064858,36.71415312550419,8.387487517328342,21.045201734621447
135,0.027,49.11919401420772,36.73395053615202,8.41705923574883,21.073491336954813
136,0.0272,49.14589969020047,36.75163241428647,8.433051334174928,21.095698220070595
137,0.0274,49.172440576084455,36.778553008983074,8.459994849648318,21.121002986840814
138,0.0276,49.19891719381732,36.80750494015043,8.488102054913824,21.10332121903201
139,0.0278,49.224977465740025,36.82701334621034,8.517242222435986,21.118696112337528
140,0.028,49.25065488668541,36.84401098188951,8.546678484675708,21.104876858213995
141,0.0282,49.27893858636158,36.87011513622631,8.576041575770033,21.080049284066686
142,0.0284,49.30480254884595,36.88334113857607,8.605239909250733,21.09469742668398
143,0.0286,49.33041391296319,36.89332266166003,8.634239703649495,21.118722408615643
144,0.0288,49.35831254018463,36.91628553496278,8.649726221760723,21.144418144604316
145,0.029,49.38605436539382,36.9335946497834,8.67404990642851,21.169834292004946
146,0.0292,49.41356531253703,36.958081567447955,8.699790446346434,21.153029720280966
147,0.0294,49.44120526999462,36.97081320155271,8.712205947611439,21.126083393632562
148,0.0296,49.46632975289767,36.980744904679725,8.72151789322007,21.097785598495953
149,0.0298,49.49318597438648,36.98995549782904,8.730022258753687,21.07037969115592
150,0.03,49.51979254103729,37.011741116142325,8.75272207451664,21.083626011235186
151,0.0302,49.54649480576038,37.035986319678635,8.732712714932873,21.07476520761307
152,0.0304,49.570397763815485,37.05326338641894,8.751158025718064,21.093781694316533
153,0.0306,49.59380048106528,37.069172475592225,8.763603678821124,21.111521898884387
154,0.0308,49.616697203796086,37.09309050467702,8.77311264320894,21.101067660915582
155,0.031,49.639271754206014,37.10916692800208,8.78147244686686,21.07964049721504
156,0.0312,49.66430775724481,37.13257061427489,8.789240152545753,21.09353238181135
157,0.0314,49.68931586867826,37.15757161769911,8.81103696026373,21.10069843372444
158,0.0316,49.7120818496133,37.17447064745757,8.779624747566624,21.105949380786363
159,0.0318,49.73390408902343,37.19775878005102,8.735008629917367,21.11064504235658
160,0.032,49.75563997237472,37.22096367750819,8.687613147260947,21.112896327866817
161,0.0322,49.779546861960995,37.23543720554569,8.639287041060745,21.130427369914976
162,0.0324,49.80143823017326,37.24783476661855,8.591844487063508,21.136579564340984
163,0.0326,49.82280834597848,37.26887682186049,8.600058877662473,21.154604249787386
164,0.0328,49.84348380464564,37.2918952359651,8.611898629486854,21.16041861684229
165,0.033,49.86642220229045,37.30586456861817,8.630657195630693,21.16448366067101
166,0.0332,49.88964350140563,37.326802923946104,8.592486499009274,21.168038986587998
167,0.0334,49.91278555168612,37.348089859980206,8.600249551623001,21.17142734676094
168,0.0336,49.93572656183132,37.360945289030184,8.619148571928193,21.188791232555776
169,0.0338,49.958429375646844,37.37152778783133,8.640323230687606,21.19554706049749
170,0.034,49.98087866859507,37.3904729117566,8.647148384792313,21.213462438235076
171,0.0342,50.003079438246836,37.40195595952808,8.650132472750702,21.233752184357016
172,0.0344,50.022774046216604,37.411490297087056,8.651830956257006,21.239643404495155
173,0.0346,50.04402993049898,37.429666829129786,8.652911739008161,21.24148810351921
174,0.0348,50.06541615667658,37.43503096870026,8.653544739148407,21.24216115241883
175,0.035,50.08663043178869,37.43688297326382,8.668823330817096,21.257440707434522
176,0.0352,50.107606325075274,37.45171988546503,8.67277744376616,21.261133542462474
177,0.0354,50.128332881281075,37.46213092534413,8.67304897969135,21.26186812440894
178,0.0356,50.14880696001366,37.470555019108374,8.671351254360774,21.276702227170993
179,0.0358,50.16902661143727,37.47822200716437,8.68297033582838,21.294882258222422
180,0.036,50.18899033906231,37.49487922714425,8.633697007568852,21.313713538568408
181,0.0362,50.2086969865412,37.51241238204642,8.569687828708158,21.332520028212368
182,0.0364,50.228145645301396,37.52152211175701,8.566442640017913,21.351131549271727
183,0.0366,50.2473355695692,37.53784677918406,8.56345682800266,21.369504663817544
184,0.0368,50.26626610230598,37.55447010016818,8.57536887795288,21.387627743060563
185,0.037,50.28493665467928,37.57078338113723,8.59108822311039,21.40549714688067
186,0.0372,50.30334666856129,37.58677280426985,8.600898203928377,21.423082174166403
187,0.0374,50.321495599597355,37.58947264321075,8.549999182240196,21.42566750583472
188,0.0376,50.33938295729313,37.60196133920787,8.548596772130635,21.42407753472815
189,0.0378,50.35700827462343,37.61621564186878,8.54587575801583,21.436227998544936
190,0.038,50.374371100569014,37.63054157721509,8.557004533232776,21.436534310112616
191,0.0382,50.39147092245854,37.64478698765858,8.551800977018907,21.448754808022013
192,0.0384,50.40830721810193,37.65069937560752,8.555213134891401,21.463782228146943
193,0.0386,50.424879565232146,37.654622616865964,8.50581439514346,21.46555490166898
194,0.0388,50.441187586212564,37.66729566190783,8.447495921495324,21.463217446205817
195,0.039,50.45723092439125,37.6728832978549,8.396095300006547,21.474261969186315
196,0.0392,50.47300888900147,37.676439590361,8.398217261843714,21.474570078614164
197,0.0394,50.48852110022869,37.68854357689965,8.397101746276132,21.47210550784438
198,0.0396,50.50376764174258,37.702590489541116,8.394828598203866,21.467953320321957
199,0.0398,50.51874829536749,37.70884967820831,8.391753279412038,21.477977258272766
200,0.04,50.53346272499453,37.72119594488163,8.402233155376642,21.49126309930394
201,0.0402,50.54791060218317,37.7345315575286,8.366531930100365,21.505146646205702
202,0.0404,50.56209163001239,37.747823081829054,8.323157051860939,21.517251387704935
203,0.0406,50.576005537163724,37.75177120740486,8.325771611954007,21.490118589662785
204,0.0408,50.58965207065793,37.761249707007416,8.32345922893506,21.45340312300301
205,0.041,50.60303098970762,37.76496742730566,8.333737828619649,21.449333073832406
206,0.0412,50.61614206374031,37.766233441864316,8.346948987691789,21.457223332604723
207,0.0414,50.62898507153544,37.77576772802226,8.360083662985225,21.468474633305163
208,0.0416,50.641559797598106,37.778069126064366,8.35826845787671,21.48042634417257
209,0.0418,50.65386603448419,37.77850027189209,8.367224364885088,21.49233591060434
210,0.042,50.66590358824708,37.778233994040676,8.370371448089871,21.504054181743346
211,0.0422,50.67767228855766,37.78674737102437,8.32097268388563,21.513342283854698
212,0.0424,50.68917197710711,37.7959422425234,8.268641719551209,21.520936052015173
213,0.0426,50.70038859396246,37.806050795041315,8.21082360995133,21.527353748585107
214,0.0428,50.7113241924115,37.80858073160981,8.2065722658467,21.53283619814323
215,0.043,50.7219826706859,37.81717649965194,8.157663486148149,21.537473895864927
216,0.0432,50.732366227704006,37.826878251326605,8.104842951315934,21.541274436546193
217,0.0434,50.742491013455364,37.836598839142255,8.097439764085507,21.511251393781244
218,0.0436,50.75235491526876,37.83832289763726,8.103150981566628,21.50694404967168
219,0.0438,50.761953492156344,37.838056250155915,8.108382662850595,21.47447493236708
220,0.044,50.771284117092186,37.84500390002756,8.070118492306637,21.431880716200745
221,0.0442,50.780340181682334,37.85195008382359,8.026081050781503,21.423581861564987
222,0.0444,50.7891189411548,37.85173737754629,7.982713507012184,21.42285339216268
223,0.0446,50.79762503347981,37.848747650083496,7.937003369336615,21.423202238291392
224,0.0448,50.80586062042721,37.85384263245571,7.890782192498819,21.427416160104222
225,0.045,50.81382643743182,37.85947769088557,7.840683300004873,21.43321415958706
226,0.0452,50.82152272163138,37.85670772526453,7.838033817002843,21.406594104496456
227,0.0454,50.8289495676334,37.85978981923757,7.794277952745336,21.37376110684397
228,0.0456,50.836107038857406,37.855944470599944,7.786846290241222,21.340308738943257
229,0.0458,50.84299519927667,37.85958659783176,7.790747293244262,21.308123912288913
230,0.046,50.84961412200402,37.8636537729887,7.793580985850523,21.277651096885496
231,0.0462,50.85596389154636,37.85440659221336,7.794377619943122,21.248860794279516
232,0.0464,50.86204460439407,37.840918286717475,7.798003228839301,21.221596805881887
233,0.0466,50.8678563691833,37.827365501629416,7.7982367011927405,21.191070836378028
234,0.0468,50.873399306750336,37.81271224184013,7.7962464953716415,21.15905342017471
235,0.047,50.87867355007231,37.79747937066889,7.792809139930941,21.15804074987341
236,0.0472,50.88367924436367,37.782006026782035,7.795089751386023,21.163216244121482
237,0.0474,50.88841654711483,37.76764770425203,7.798423255499127,21.161566051750242
238,0.0476,50.89288562810686,37.75259167877731,7.8029578599040565,21.127505384927815
239,0.0478,50.89708666942212,37.737073314343036,7.807624410092598,21.123219566796593
240,0.048,50.90101986545492,37.72136958211769,7.812124009232293,21.12601885700776
241,0.0482,50.904685422922256,37.70556964899045,7.802115070257573,21.130378694272927
242,0.0484,50.90808356087399,37.689663749793425,7.788803599278182,21.13490948378284
243,0.0486,50.911214510702116,37.688105188969786,7.7752533634463425,21.1392554621862
244,0.0488,50.91407851614784,37.689822673678385,7.760486297201609,21.14332527878318
245,0.049,50.91667583330745,37.69210289356505,7.75880884196989,21.147084704797134
246,0.0492,50.919006730635815,37.69334127163087,7.759128758867254,21.15033336125338
247,0.0494,50.92107148894971,37.69475362600437,7.760449727606057,21.15310736247781
248,0.0496,50.92287040143076,37.69609241446557,7.748514909783436,21.155459435306998
249,0.0498,50.92440377362746,37.69715280084856,7.734136526576809,21.157418160444735
250,0.05,50.92567192345705,37.69785363290926,7.718222255479628,21.158995458396994
251,0.0502,50.926675181205155,37.69027941387418,7.7154138147609554,21.160196279332702
252,0.0504,50.927413889523784,37.68066734343873,7.701750316727006,21.16102299827019
253,0.0506,50.92788840342853,37.670402964915255,7.699072858189991,21.161477102354475
254,0.0508,50.92809909029492,37.658620370339214,7.698699748096642,21.161559772561414
255,0.051,50.92804632985554,37.64597351671638,7.684399911446043,21.161272156127936
256,0.0512,50.92773051419675,37.63278990575999,7.68088692867012,21.160615427702453
257,0.0514,50.92715204775452,37.619179061199105,7.666355150830164,21.159573563974305
258,0.0516,50.92631134730922,37.61440195770789,7.648357249351598,21.15817330555886
259,0.0518,50.92520884197974,37.602205760971245,7.643470218325149,21.156417315980804
260,0.052,50.92384497321677,37.5972292075187,7.6415005932318945,21.15428530674735
261,0.0522,50.92222019479473,37.57837506754004,7.626570007219609,21.15120656787512
262,0.0524,50.9203349728026,37.55581320159077,7.607762278951145,21.109628021340605
263,0.0526,50.91818978563358,37.53328175488349,7.601699146241614,21.058585977220172
264,0.0528,50.91578512397398,37.51009837466612,7.591462417465266,21.04343901028971
265,0.053,50.91312149079098,37.486829793302164,7.577592053788813,21.03561747331066
266,0.0532,50.91019940131948,37.46322657842922,7.518768123167968,21.029323568536014
267,0.0534,50.90701938304312,37.43949570529156,7.454195591984667,21.023140974928587
268,0.0536,50.90358197477491,37.415567932931225,7.391087390431423,20.983736059613044
269,0.0538,50.89988772723243,37.40619754537406,7.330041313476675,20.938511526522696
270,0.054,50.895937203207644,37.38525935725975,7.271204977687132,20.89273664570597
271,0.0542,50.89141728680392,37.37607120538467,7.214969728129639,20.84821113334242
272,0.0544,50.88648909436363,37.360616456838706,7.161264959764335,20.804815841247
273,0.0546,50.881249503786314,37.3432384519791,7.104317451564496,20.76241888964561
274,0.0548,50.875717224761644,37.32525686128041,7.060824679876189,20.713428486177285
275,0.055,50.87021765763719,37.307657559979454,7.019141330453351,20.661582790781885
276,0.0552,50.86459687245753,37.29880934092104,7.01053659415658,20.60865391986543
277,0.0554,50.85876553624551,37.29179451680629,6.996721894977676,20.592195750619144
278,0.0556,50.8526907971529,37.28499667348887,6.98939479785723,20.570994297282724
279,0.0558,50.84636191213606,37.26370188568385,6.984491626843003,20.547390519937426
280,0.056,50.83977587330327,37.25309779603673,6.936335055675126,20.52313626907192
281,0.0562,50.83293230105187,37.244809477435645,6.870882040178498,20.49560288376601
282,0.0564,50.82583167030682,37.22842957059239,6.844011899989507,20.466764333645326
283,0.0566,50.81847468311166,37.21023818319332,6.822693493668469,20.43733390830487
284,0.0568,50.81085103098438,37.191374685442085,6.760567358325473,20.409936628876547
285,0.057,50.80049215394078,37.17236670497687,6.7424810308621375,20.38030026840027
286,0.0572,50.789568318259526,37.153722973326325,6.7209645882691404,20.36347402861338
287,0.0574,50.77807218449666,37.13526416106059,6.708247121261248,20.31004847073027
288,0.0576,50.76867946778599,37.116615573315414,6.699292030242375,20.2898464966158
289,0.0578,50.75745545404321,37.10615227694947,6.6913652037253275,20.277946938957715
290,0.058,50.747850579665965,37.097249471885775,6.681018536068939,20.259727589776844
291,0.0582,50.73837498071553,37.0799130736902,6.671119779785571,20.205490121537352
292,0.0584,50.7287176310627,37.06060384630881,6.659534827468045,20.153352533260474
293,0.0586,50.71853866398395,37.040682088949154,6.649933066620623,20.095861178235165
294,0.0588,50.70826701067953,37.02899973676224,6.637293965883974,20.066812423187137
295,0.059,50.69754987485175,37.018567796056466,6.62678837168351,20.01185483202891
296,0.0592,50.686440989191105,37.00813135349,6.616791119677171,19.952539004098597
297,0.0594,50.673169910396865,36.997442577134905,6.606467945852821,19.89274897352141
298,0.0596,50.65899873874839,36.97802414832681,6.594548870147321,19.833226035668368
299,0.0598,50.644402216690935,36.95657564123149,6.580670527431318,19.812837129754733
300,0.06,50.63203381477962,36.9432990610808,6.567504147615174,19.800639927115455
301,0.0602,50.619715234752405,36.93129853171792,6.553287385620224,19.75732958101841
302,0.0604,50.60750983684713,36.911253967305804,6.539604762558031,19.70804369488355
303,0.0606,50.59521425349981,36.88906095202925,6.525845013377331,19.657465406533376
304,0.0608,50.58020762861925,36.86622402239097,6.510730714420865,19.598391304636497
305,0.061,50.56690421815604,36.84317450144509,6.496202805237832,19.576601122584798
306,0.0612,50.55127650601639,36.82001372777164,6.482285841851933,19.54127227119588
307,0.0614,50.53491559186431,36.797156128530396,6.4663878079008015,19.509997012008682
308,0.0616,50.52078053225249,36.7826881543191,6.449633350575184,19.493617836023432
309,0.0618,50.50703462781297,36.76980762208256,6.435636571227866,19.447046152019716
310,0.062,50.4932179430474,36.757068777068646,6.418243059812511,19.388255223962695
311,0.0622,50.478887066179674,36.74415980394797,6.403002293441045,19.32451224534622
312,0.0624,50.461968548866814,36.716103624257144,6.386850737131482,19.259102963655113
313,0.0626,50.44686139648101,36.68469954670786,6.370478568515996,19.234017021947334
314,0.0628,50.43200357668024,36.65221894659809,6.351559186392282,19.186716634154774
315,0.063,50.41478979496963,36.63384847646955,6.332065293408324,19.157217947092647
316,0.0632,50.3965597688725,36.618296765385,6.314603894842465,19.13598005536854
317,0.0634,50.3804393359691,36.602405876706854,6.297526805922383,19.110865532018746
318,0.0636,50.3624264789032,36.58709192841692,6.2800502490635255,19.049828968908642
319,0.0638,50.34352817921303,36.56231390434823,6.264118349355055,18.980510047469156
320,0.064,50.32681903903149,36.53518359785978,6.2453990485948,18.95076631919803
321,0.0642,50.31047387276325,36.516923915298996,6.225089355198117,18.915198161249933
322,0.0644,50.291422588027864,36.49189620256729,6.2058002117093425,18.890376250250192
323,0.0646,50.27416857169108,36.464922368192305,6.186877730009634,18.856535854760978
324,0.0648,50.25490235607595,36.44625717306588,6.166095684577762,18.83403658619801
325,0.065,50.23733685911209,36.429245790006384,6.145933905728852,18.81574418696496
326,0.0652,50.219992827503,36.41233960919729,6.122702262790693,18.784135340251108
327,0.0654,50.20254186244506,36.3801684647327,6.099113469260665,18.763855778509516
328,0.0656,50.18491156718535,36.35897712659626,6.075666081372091,18.70240534661292
329,0.0658,50.16708116965343,36.32532371876322,6.051557285128997,18.631614353379916
330,0.066,50.14904589968142,36.302722668689015,6.027400638844771,18.55927960501975
331,0.0662,50.130810981722156,36.26818482179217,6.0016545826627965,18.487363149942674
332,0.0664,50.11237962122433,36.245680579847026,5.975092559592137,18.416529907084005
333,0.0666,50.09375362283289,36.21194218400693,5.947671811364919,18.387518165147753
334,0.0668,50.07493423781811,36.17560880998599,5.923949604883521,18.367431135714696
335,0.067,50.05592250019318,36.13797799907617,5.894330140269582,18.347593808852316
336,0.0672,50.03671939441798,36.09967117729275,5.86894212604357,18.328569447797044
337,0.0674,50.017325899389235,36.075090087167965,5.831396089798088,18.30871650457407
338,0.0676,49.997742925295654,36.043933205179854,5.790018192774211,18.25389954774322
339,0.0678,49.977971434321994,36.01115027599592,5.763358781288688,18.193337472884785
340,0.068,49.95801246295316,35.97780960708328,5.72459058601715,18.166508831758165
341,0.0682,49.93786712783579,35.94485728963142,5.698399948101933,18.14540998173501
342,0.0684,49.9175309805077,35.91079344595504,5.670327770891348,18.12508473592188
343,0.0686,49.896996910238684,35.87613353869472,5.640188017363194,18.10600309858072
344,0.0688,49.87386316266438,35.8508863506715,5.54701308356637,18.08728539028916
345,0.069,49.850010008671454,35.82730779976852,5.505753420981904,18.068508764912234
346,0.0692,49.82585829953814,35.80518484605487,5.412356138981418,18.049533365936348
347,0.0694,49.80115537722343,35.772574116412756,5.37073111855654,18.030319791895383
348,0.0696,49.77887797783178,35.737232176653684,5.327347405854054,18.010861189184592
349,0.0698,49.75705584268178,35.700937211037335,5.295079435777553,17.991155003395654
350,0.07,49.73485702496843,35.66443038624394,5.199708336158203,17.971201877571392
351,0.0702,49.70988971448686,35.637664821179264,5.15539561369725,17.951004720637386
352,0.0704,49.68691965262251,35.59863903668057,5.12528941811715,17.930566844611292
353,0.0706,49.66189755323675,35.57049885073561,5.098969936271855,17.909893211586766
354,0.0708,49.63877645201162,35.54456661694916,5.073582657101687,17.850840945088013
355,0.071,49.61595659432641,35.51886746062892,5.040636538721332,17.785960729796766
356,0.0712,49.59308095307807,35.492975820070406,5.0037720982547835,17.74742126479768
357,0.0714,49.56722853121693,35.4669867797328,4.965149362983233,17.6832851595741
358,0.0716,49.54294215118101,35.430635360410186,4.926608371893643,17.606811817504067
359,0.0718,49.51878276884284,35.40355754579669,4.887318521493056,17.572205325950243
360,0.072,49.49446100832763,35.3788252511749,4.857890806365276,17.537665101858575
361,0.0722,49.46995408813612,35.35454714689891,4.818818437116338,17.509904952562646
362,0.0724,49.445250016422456,35.314549397487184,4.788026962099653,17.47396882132373
363,0.0726,49.420725605198605,35.27042081186596,4.756370879032679,17.393937970902066
364,0.0728,49.39621338377151,35.23912923944256,4.708745868029494,17.355053126426156
365,0.073,49.371615392859646,35.200514342003494,4.671773121942046,17.326934899994452
366,0.0732,49.34689564199154,35.16020047974204,4.621380995943579,17.249726970408567
367,0.0734,49.322043396675916,35.11940700893008,4.581715496099887,17.211480600836804
368,0.0736,49.297056847564726,35.07994218025941,4.532701699817114,17.181927568960415
369,0.0738,49.271900654121396,35.051343779606405,4.472293778240836,17.14525470980685
370,0.074,49.24663116245831,35.01324003393454,4.4072779380571285,17.104990227390225
371,0.0742,49.21833763491517,34.98471771431131,4.3393304917299345,17.071471790569703
372,0.0744,49.19208396061768,34.95848299200339,4.295967414434453,16.987165545451834
373,0.0746,49.16331020156891,34.932620795718364,4.262090984485482,16.945489197780052
374,0.0748,49.136743258334626,34.90669173133821,4.2157743029311705,16.914879043195302
375,0.075,49.110637184228864,34.880548031434714,4.181717976336679,16.833411315500545
376,0.0752,49.08455514689841,34.85429838954913,4.1490664705268685,16.740152281898464
377,0.0754,49.05838256888734,34.812183777137804,4.104451782634973,16.64550582518791
378,0.0756,49.03209669124357,34.76605512529004,4.055914392122383,16.602893019640618
379,0.0758,49.00569438036421,34.718817616172544,4.022362626780643,16.571822330557975
380,0.076,48.979175987857225,34.67279815330463,3.9767725027852445,16.49318069474211
381,0.0762,48.9525425219458,34.62648405544384,3.943913694698928,16.406075746526483
382,0.0764,48.92540767986885,34.594845163249026,3.9120753610541796,16.331349574974894
383,0.0766,48.897969958492546,34.566755102232,3.881955648352152,16.26139336634173
384,0.0768,48.87033858710387,34.538449075760674,3.836564104010497,16.19259956374244
385,0.077,48.84255478533859,34.51068528880147,3.802323530242009,16.124573684084673
386,0.0772,48.814618162579116,34.482997239758475,3.7506418999472935,16.05696513977452
387,0.0774,48.783891685301384,34.443375362294795,3.7093131397510293,15.989941473351436
388,0.0776,48.75550572493779,34.40079777509981,3.6688698327534506,15.958759927967717
389,0.0778,48.7276468808183,34.3684692919017,3.6127126740858406,15.933337493083737
390,0.078,48.69944732134242,34.32413162667162,3.554523653130846,15.908720474957747
391,0.0782,48.67095478833765,34.292000237573795,3.475299008011591,15.884099598792945
392,0.0784,48.64228067282479,34.262922599014956,3.4344019563092534,15.859345702729456
393,0.0786,48.61388769414075,34.23455563325294,3.3987906851360057,15.834441278154387
394,0.0788,48.5855740430962,34.194816556407346,3.3391212856116557,15.809382825573092
395,0.079,48.55722861297742,34.151047272777646,3.2882063488749673,15.784041250508146
396,0.0792,48.52881194232579,34.105950201322415,3.2226155238818905,15.75837473105602
397,0.0794,48.50028152639529,34.0605233177231,3.153752882499898,15.73234603364919
398,0.0796,48.471643816044704,34.02783421962368,3.0578239988752225,15.70593525190751
399,0.0798,48.44022674392492,33.99649662693046,2.989011426087737,15.679296601446769
400,0.08,48.40994334417917,33.95360989172171,2.893263163723387,15.652501863298966
401,0.0802,48.37959762515147,33.92124587474522,2.8510247286939663,15.625573390788984
402,0.0804,48.35005307484913,33.89151830785612,2.8060822665765777,15.59810252767742
403,0.0806,48.32039604997035,33.86237073005837,2.773328051375755,15.56967530152999
404,0.0808,48.29056848203341,33.83127390256552,2.728091135793567,15.540155270722938
405,0.081,48.26100982601069,33.7894647846983,2.6945941362611365,15.509583479552662
406,0.0812,48.2305110173835,33.74570020378937,2.663981602562806,15.478063919980372
407,0.0814,48.20043927125745,33.71330397127102,2.6325155708839345,15.445716549244013
408,0.0816,48.170582281683735,33.68311521502053,2.588536691587054,15.412558537877981
409,0.0818,48.14076095681488,33.641703194341815,2.553156044964799,15.37860470728592
410,0.082,48.1109015245314,33.59803283477723,2.5214056082054954,15.347188155981062
411,0.0822,48.080980836245395,33.552100741775156,2.4907373122167744,15.316847060655622
412,0.0824,48.05101103901559,33.51695286888243,2.4597436834366526,15.286774305634054
413,0.0826,48.02098888325878,33.47200199780847,2.4137955189532034,15.256715868344148
414,0.0828,47.99091072121662,33.42666545461578,2.379405737608472,15.226154864750372
415,0.083,47.960775473136934,33.39373989953203,2.332575122958648,15.195310919310383
416,0.0832,47.93058367546364,33.361725348857235,2.2979867181766855,15.16478581264133
417,0.0834,47.90033663599289,33.329352648491486,2.2664913300869447,15.134392219045719
418,0.0836,47.87003297703352,33.29844974050738,2.234173361443249,15.104006462466103
419,0.0838,47.83967161368393,33.26825881625445,2.2022026166793043,15.073579142293166
420,0.084,47.809256312277896,33.22421660703789,2.156112052357496,15.029450157227945
421,0.0842,47.77879083669155,33.17656682025229,2.1198814471002914,14.982306747571887
422,0.0844,47.7482778647505,33.142276118897705,2.0875553800728466,14.934600139255574
423,0.0846,47.71671476245968,33.109034607688805,2.0542691288020745,14.88689220030309
424,0.0848,47.6845967335563,33.077673686180326,2.0170369484792223,14.839215416078812
425,0.085,47.65219882408858,33.0470845335749,1.9798948607658609,14.791647848322235
426,0.0852,47.619657471878384,33.016388585785464,1.9420158871339086,14.744218408241977
427,0.0854,47.57270873931614,32.98547131480607,1.9052332239329473,14.695882494705652
428,0.0856,47.52244527459239,32.95466966535294,1.8711053028772806,14.661468236771265
429,0.0858,47.472556719748845,32.92387083259907,1.822710621860034,14.630291586480881
430,0.086,47.422104210533405,32.893009039356656,1.7859640331121618,14.59984417797228
431,0.0862,47.38647764447384,32.86210413571554,1.699472746955272,14.569531989824265
432,0.0864,47.35450653837697,32.83116855661846,1.6023870685840138,14.539217569093253
433,0.0866,47.3223146577716,32.800207369766724,1.5046476696189728,14.508869865112061
434,0.0868,47.27564235270214,32.75585779086861,1.4577267313215159,14.478482960396853
435,0.087,47.24070996225702,32.708588697106094,1.407316041527793,14.448052377221659
436,0.0872,47.19359714810037,32.66080889803847,1.371336222839056,14.417587633870216
437,0.0874,47.158556225702775,32.61306377872527,1.3390073920345251,14.387087213530346
438,0.0876,47.1265454862491,32.565472443272526,1.3073424810070582,14.3565521344177
439,0.0878,47.095284062709396,32.51845473947089,1.1886127918305711,14.325980383612073
440,0.088,47.06416412400204,32.48473234100235,1.100474731747477,14.295378474586684
441,0.0882,47.03301087218661,32.44057376041415,0.9622542652294526,14.264746896521835
442,0.0884,47.001831082985916,32.39233417062427,0.8464118251387334,14.234087471563335
443,0.0886,46.97063566806518,32.357799512588336,0.7407224217285932,14.203396716754725
444,0.0888,46.93840594431388,32.32570268943252,0.6383542808218019,14.172685228253368
445,0.089,46.905668794438405,32.281290831514916,0.5215120114304073,14.14194747359811
446,0.0892,46.87272982137148,32.24689304750262,0.4728109728760369,14.111194603972852
447,0.0894,46.83970307361474,32.201299373566776,0.38887554685734704,14.080420920416865
448,0.0896,46.806610092101174,32.152472551797906,0.3529301596500619,14.002991504244862
449,0.0898,46.76021611196318,32.11759363578549,0.3254628121294732,13.959485455931762
450,0.09,46.70993757751674,32.071168364361604,0.29861877025146394,13.925206464496913
451,0.0902,46.67390521609239,32.03651552884107,0.21164234068986987,13.89351619529953
452,0.0904,46.64146895997696,31.99006083239885,0.17409388358594205,13.862529512648996
453,0.0906,46.60994284446276,31.9553385261474,0.08935225055756757,13.83172162714253
454,0.0908,46.57862579681912,31.90854190747667,0.0029717847644785134,13.755909252878286
455,0.091,46.547309221970956,31.873805698571797,-0.0340169641528929,13.667795099550194
456,0.0912,46.51599186340914,31.8419336325786,-0.06891683591415887,13.576522530340736
457,0.0914,46.484685633573285,31.81074092377233,-0.10049774462720373,13.48590687960907
458,0.0916,46.453397233803294,31.77984811275142,-0.13141673086725272,13.440183898766922
459,0.0918,46.422130184781125,31.734178503857876,-0.16218545932860878,13.406318675515077
460,0.092,46.39088679976258,31.698844493766003,-0.19290747355458754,13.375492727378889
461,0.0922,46.35966900009147,31.66598071905977,-0.2236037380788234,13.341743197211747
462,0.0924,46.328478589366355,31.61941397348287,-0.2542777525969149,13.301538819211627
463,0.0926,46.297317336390044,31.58471183674078,-0.28492893266438,13.261701968170364
464,0.0928,46.26618574042359,31.539017829418434,-0.3155557207912639,13.226477805101522
465,0.093,46.23501179553886,31.504785952348286,-0.34615632741610625,13.19341412271228
466,0.0932,46.202782215568405,31.472463232786808,-0.37672890833768924,13.109332055583566
467,0.0934,46.171029381230554,31.426211147237034,-0.4072716073109344,13.066230438189258
468,0.0936,46.12403599632518,31.391888473967892,-0.43778256633026663,13.032385021597161
469,0.0938,46.088703506904594,31.346593404095387,-0.4682599281651255,13.000642860895384
470,0.094,46.05639170175363,31.31275705800731,-0.49870183703716797,12.96924386137762
471,0.0942,46.02489672967583,31.281677617450622,-0.5291064388514812,12.937792023054566
472,0.0944,45.99365132468632,31.236305937576205,-0.5594718813207629,12.906331483982704
473,0.0946,45.96250916199917,31.187261398431882,-0.589796314063729,12.874902359046073
474,0.0948,45.931428904131856,31.13724415421819,-0.6200778886972169,12.843519584698868
475,0.095,45.8993423067627,31.10210035381815,-0.6503147589267737,12.812172294861542
476,0.0952,45.866784883276495,31.070705985746034,-0.6805050806367402,12.780897470249851
477,0.0954,45.83402177123387,31.040280001602834,-0.7106470119801438,12.749664044801033
478,0.0956,45.801172701273394,30.995958182926874,-0.7407387134685067,12.718507538527014
479,0.0958,45.75385124017698,30.96253062269064,-0.7707783480614641,12.687414972744254
480,0.096,45.71882674700909,30.931710398166135,-0.8007640812563372,12.656389265859083
481,0.0962,45.67162236645967,30.90154668081792,-0.8306940811775061,12.625423669979796
482,0.0964,45.62158529512217,30.871580751623675,-0.8605665186657311,12.594526848794
483,0.0966,45.571069982373714,30.84170574275913,-0.8903795673672676,12.56367902777571
484,0.0968,45.53589463847121,30.811897554425325,-0.9201314038229063,12.532922400874144
485,0.097,45.50455713798559,30.782151798371867,-0.9498202075568336,12.502245553919533
486,0.0972,45.458952781569806,30.75246879669573,-0.9794441611653627,12.471646213789276
487,0.0974,45.409931853856214,30.72274998227369,-1.009001450405507,12.441101530713759
488,0.0976,45.36140612302805,30.6931009958862,-1.0384902642834173,12.410255378894409
489,0.0978,45.312310391193826,30.663538970718868,-1.0679087951426205,12.379161982867345
490,0.098,45.278062214620164,30.62002497140993,-1.0972552387521546,12.347908581183926
491,0.0982,45.24754592932422,30.57321807200702,-1.1265277943944798,12.316512313715263
492,0.0984,45.21800815681388,30.539686821138613,-1.155724664953253,12.28498971919611
493,0.0986,45.18767326389265,30.494392390623034,-1.184844057000916,12.253468984519774
494,0.0988,45.15802467215844,30.4612327859974,-1.213884180886104,12.22206534277218
495,0.099,45.12879558427312,30.416335073521775,-1.2428432508208727,12.190754804474414
496,0.0992,45.09976933367546,30.36924160991736,-1.271719484967723,12.159600509073245
497,0.0994,45.0708608391625,30.31958790385579,-1.3005111055264729,12.12855632682379
498,0.0996,45.04204356046113,30.26918302927499,-1.329216338820867,12.09762611982875
499,0.0998,45.013317954810546,30.23460948308635,-1.3578334153850622,12.066822488965483
500,0.1,44.98468420430447,30.204370087041564,-1.3863605700498378,12.036151931164635
501,0.1002,44.956142749059964,30.175355068247725,-1.4147960420286412,12.005630027459615
502,0.1004,44.92769466879272,30.132673140180337,-1.4431380750034135,11.975229529391447
503,0.1006,44.899341444068405,30.08712172386575,-1.4713849172101652,11.94488735962581
504,0.1008,44.87108465848188,30.040165066172598,-1.4995348215243882,11.914666525487165
505,0.101,44.842925886649965,29.993065716717688,-1.5275860455461783,11.884540559307876
506,0.1012,44.81486670194211,29.945978291244526,-1.5555368516851673,11.851049349300183
507,0.1014,44.786908742738234,29.91261213545155,-1.5833855072452283,11.799562454693511
508,0.1016,44.75905369154678,29.88340004346464,-1.6111302845088908,11.757983612193428
509,0.1018,44.731303327527264,29.85545245706222,-1.638769460821584,11.72246091437341
510,0.102,44.70365944585746,29.82791486523041,-1.6663013186755609,11.689710333446907
511,0.1022,44.67612381623971,29.786648316244936,-1.6937241457936372,11.642229479634143
512,0.1024,44.648698182102315,29.756198343085927,-1.7210362352126336,11.591604564823768
513,0.1026,44.62138426945346,29.727491966606546,-1.7482358853665567,11.556134567237503
514,0.1028,44.594183796649304,29.685965672437106,-1.7753214001695623,11.52468275571643
515,0.103,44.56709847499131,29.654817907847377,-1.802291089098583,11.49446224372485
516,0.1032,44.54013000847122,29.62679158590011,-1.8291432672757608,11.464629340400199
517,0.1034,44.51328009403856,29.585714930614497,-1.8558762555505286,11.435077902588235
518,0.1036,44.48655042194585,29.54095164310218,-1.8824883805814774,11.40572415370619
519,0.1038,44.45994267594985,29.510051703842908,-1.908977974917899,11.37647209568369
520,0.104,44.4334585332867,29.482183248790527,-1.9353433770810589,11.347437960683127
521,0.1042,44.40707934176477,29.437981310695513,-1.9615829316451734,11.318587851322768
522,0.1044,44.380810655784224,29.389546623811793,-1.9876949893180935,11.28990474559117
523,0.1046,44.34064304511105,29.34002220256882,-2.0136779070216893,11.261373869200828
524,0.1048,44.297435184608716,29.307903529506238,-2.03953004797193,11.232944805575215
525,0.105,44.25385118293673,29.28041959588485,-2.0652497817586575,11.20465761870299
526,0.1052,44.224323663487596,29.25127223698874,-2.090835484425059,11.176533298284678
527,0.1054,44.19815715307965,29.207039678214958,-2.116285538546801,11.148021934272304
528,0.1056,44.172871023006806,29.16154453155752,-2.1415983333108732,11.120038058881262
529,0.1058,44.14786493070792,29.130358665987664,-2.166772264594095,11.092424152830331
530,0.106,44.10818491268628,29.082281076651835,-2.1918057350412847,11.06502948209764
531,0.1062,44.06502838715004,29.030593121536562,-2.216697154143141,11.037804056842893
532,0.1064,44.03597827626385,28.98170555772293,-2.2414449383137263,11.010651819712054
533,0.1066,44.01052073286823,28.95143082362307,-2.2660475109676854,10.983730877254292
534,0.1068,43.9860574215453,28.909501324260685,-2.29050330259705,10.956619608708392
535,0.107,43.961077220122,28.86367843709825,-2.314810750847767,10.928896985795607
536,0.1072,43.93180328106297,28.81994926374937,-2.338968300595816,10.901873276660329
537,0.1074,43.901775459838234,28.775966731325596,-2.3629744040230296,10.875340171332232
538,0.1076,43.87659370599431,28.732437880106435,-2.38682752069252,10.848782984030636
539,0.1078,43.83893709244715,28.688645375699792,-2.410526117623751,10.80717161673728
540,0.108,43.79854958771433,28.645357352667443,-2.4340686693672597,10.761930413424261
541,0.1082,43.75699512846544,28.615656358063873,-2.457453658079017,10.731057453896184
542,0.1084,43.71598998045915,28.571550658971738,-2.4806795735943794,10.70377776871672
543,0.1086,43.675483766323445,28.52417329672403,-2.503744913501721,10.677475368499135
544,0.1088,43.63432575449314,28.477053065036035,-2.526648183215629,10.651499610412518
545,0.109,43.59316329755757,28.427838124126325,-2.5493878960497796,10.626439825665155
546,0.1092,43.56655980784954,28.39931183497749,-2.5719625732893645,10.601881026440571
547,0.1094,43.542288119948175,28.354446564712173,-2.5943707442631916,10.577232747439414
548,0.1096,43.51963427360418,28.324247680373947,-2.616610946415337,10.537669421282706
549,0.1098,43.49772473039355,28.28108348987672,-2.6386817253764487,10.495083311254085
550,0.11,43.47617392334054,28.23364047172509,-2.660581635034623,10.466990901121957
551,0.1102,43.454047470908506,28.206322129306383,-2.6823092376058773,10.442489097093485
552,0.1104,43.41814904051108,28.183880001115487,-2.703863103704237,10.419141155528898
553,0.1106,43.37999660218656,28.162732442189913,-2.7252418124114,10.39620552233485
554,0.1108,43.34177016070181,28.120051180060006,-2.746443951345986,10.358438835789032
555,0.111,43.30270938314801,28.09428899837983,-2.7674681167323776,10.316942584930464
556,0.1112,43.2779058614605,28.0725660374474,-2.788312913469136,10.274749355776077
557,0.1114,43.25665976342999,28.037264606613647,-2.808976955196998,10.23297345238222
558,0.1116,43.23640539884046,28.013491003883576,-2.8294588643664462,10.191679438759195
559,0.1118,43.21649165754257,27.992657999015982,-2.8497572723048408,10.150246218487304
560,0.112,43.19574386216656,27.97152784543045,-2.8698708192831424,10.108990082689314
561,0.1122,43.171295263143875,27.937226895821052,-2.889798154582165,10.067766380326361
562,0.1124,43.149477795385806,27.900179366265274,-2.909537936558426,10.026474534505404
563,0.1126,43.129298860807296,27.861832984492523,-2.929088832709522,9.985119625135212
564,0.1128,43.1047445094669,27.8378345540578,-2.948449519739074,9.94343954090452
565,0.113,43.08445346630517,27.81752732160392,-2.967618683621238,9.901347003077298
566,0.1132,43.065147361821126,27.7982926109457,-2.9865950196647266,9.85886512045639
567,0.1134,43.046350494692945,27.764626861100073,-3.00537723257642,9.832340034331224
568,0.1136,43.022678112489416,27.728713199199646,-3.0239640365244793,9.810069772332461
569,0.1138,42.997996115878166,27.692707132308282,-3.0423541552010183,9.783807316689597
570,0.114,42.978387810947716,27.670585855548673,-3.060546321884327,9.754788948587086
571,0.1142,42.96011776092572,27.637053294508462,-3.0785392795005824,9.657613956700413
572,0.1144,42.94232544419988,27.615565336920742,-3.0963317806851394,9.613182995461635
573,0.1146,42.924615670770336,27.59627142109148,-3.1139225878433154,9.584917935889738
574,0.1148,42.90196158901596,27.57833634483321,-3.1313104732107093,9.545092784514946
575,0.115,42.87814505450787,27.54623687340049,-3.1484942189130343,9.51902686993149
576,0.1152,42.85880036144874,27.511016918147064,-3.165472617025498,9.497000319239143
577,0.1154,42.8413602387526,27.489892209862678,-3.182244469631643,9.475345421360057
578,0.1156,42.824647063647134,27.457517087299166,-3.198808588881764,9.454118134316529
579,0.1158,42.80827913805888,27.437350661796376,-3.215163797050774,9.43355603492951
580,0.116,42.792146396545675,27.420172965943568,-3.2313089265956276,9.413448360857789
581,0.1162,42.77617731116573,27.40394219463243,-3.2472428202122043,9.393985928867995
582,0.1164,42.746650901591735,27.388118767407654,-3.262964330891737,9.374587450177776
583,0.1166,42.71428728186034,27.371673381611483,-3.278472321976689,9.35578662076602
584,0.1168,42.68038977711346,27.34096289640105,-3.293765667216181,9.337365631724042
585,0.117,42.64631554922719,27.30715562071824,-3.3088432508208663,9.313007199723081
586,0.1172,42.626846348471844,27.28770724943668,-3.323703967517306,9.290766073370023
587,0.1174,42.60542728421155,27.271993755703882,-3.338346722601862,9.270708492978176
588,0.1176,42.584673755726364,27.242524838841764,-3.3527704319940264,9.251747850016951
589,0.1178,42.56896890366805,27.224677477579874,-3.3669740222892783,9.216883741704079
590,0.118,42.53987897939723,27.209867677718385,-3.380956430811383,9.17814082362958
591,0.1182,42.52255419998061,27.195973657015323,-3.3947166056642026,9.155228906545439
592,0.1184,42.50806397588055,27.16761811265807,-3.408253505782946,9.136386249433901
593,0.1186,42.493510036678465,27.150732587590518,-3.421566100984919,9.119300219910098
594,0.1188,42.47884417750859,27.136863482984992,-3.43465337201974,9.102886219395833
595,0.119,42.465374191949515,27.109035035186615,-3.4475143106189976,9.086334664228204
596,0.1192,42.4526058520694,27.092758562912877,-3.4601479195454155,9.070295516510676
597,0.1194,42.44022811288326,27.07951857937313,-3.4725532126414413,9.05470013716172
598,0.1196,42.4141542763552,27.052364684644314,-3.484729214877308,9.038921145869297
599,0.1198,42.38410794423503,27.036814991087997,-3.4966749623985716,9.023754381394903
600,0.12,42.368068643163184,27.024323051590862,-3.5083895025730665,9.008966322003474
601,0.1202,42.35562376339066,27.012768210806385,-3.5198718940373594,8.994345466721775
602,0.1204,42.330449810864444,27.00162368359838,-3.5311212067426063,8.980037884762691
603,0.1206,42.31633106792204,26.97613361287086,-3.5421365219999044,8.966026514794645
604,0.1208,42.29115448473377,26.947282712752855,-3.5529169325250467,8.951871060920622
605,0.121,42.27742670699104,26.93253773882872,-3.5634615424827536,8.938263295385353
606,0.1212,42.26550805085995,26.921429986300115,-3.573769467530337,8.924986369077036
607,0.1214,42.2401435234835,26.910227939023358,-3.583839834860791,8.91195491243371
608,0.1216,42.21198256919087,26.886227884243052,-3.5936717832453433,8.899161687086838
609,0.1218,42.18356081636951,26.872323291109726,-3.603264463075426,8.88661113535959
610,0.122,42.16994212877644,26.847012046617024,-3.6126170364040724,8.874306130942632
611,0.1222,42.160088543230074,26.83406947579765,-3.62172867698678,8.862249020249683
612,0.1224,42.15131938797379,26.824401241978837,-3.630598570321761,8.844091290505112
613,0.1226,42.14298757520299,26.8156848399749,-3.639225913689652,8.80706709261107
614,0.1228,42.13493845953161,26.79350703991031,-3.64760991619263,8.771421148728534
615,0.123,42.127136408594176,26.767536435581807,-3.6557497987929595,8.752479016976423
616,0.1232,42.1195738591766,26.75449797680931,-3.6636447943509736,8.738160576391968
617,0.1234,42.11224983437882,26.73065713904166,-3.671294147662444,8.710867981481481
618,0.1236,42.10516488561636,26.719324530368503,-3.678697115495408,8.694736776563264
619,0.1238,42.09831989335474,26.697469316241598,-3.6858529666263773,8.619698433279623
620,0.124,42.09171578344031,26.687313994904635,-3.6927609818759843,8.533452884644282
621,0.1242,42.08535347048513,26.66522545284933,-3.6994204541440365,8.504984957260326
622,0.1244,42.07923384379896,26.655206026156904,-3.7058306884439705,8.434223476894726
623,0.1246,42.07335776316823,26.63351448711279,-3.711991001936734,8.358664468931458
624,0.1248,42.06769982736678,26.60922810081625,-3.7179007239640565,8.336659836088092
625,0.125,42.0622469076438,26.59933342331356,-3.72355919608115,8.272199640068134
626,0.1252,42.0570221798797,26.593131237705993,-3.7289657720887868,8.253055094965472
627,0.1254,42.052038432089184,26.587039929869388,-3.7341198180648,8.2430890317356
628,0.1256,42.047300997978695,26.580911874811186,-3.7390207123949835,8.177831198249761
629,0.1258,42.042812126672956,26.574878501828138,-3.7436678458033854,8.100281048183192
630,0.126,42.03857298256301,26.56999370590427,-3.7480606213819994,8.021744104475424
631,0.1262,42.03458233761162,26.565753596590703,-3.752198454619863,8.000916980408205
632,0.1264,42.030838761833195,26.561866958263266,-3.756080773431543,7.993480390979645
633,0.1266,42.02734157672279,26.55822928932256,-3.7597070181850225,7.98827895132749
634,0.1268,42.024090331414186,26.553898055927633,-3.76307664172897,7.984376903713105
635,0.127,42.007353509902835,26.55025486843395,-3.766189109419408,7.926415321986515
636,0.1272,41.987875649336885,26.523403365478778,-3.7690438991457724,7.853854142395251
637,0.1274,41.9681823981947,26.488748339916853,-3.7716405013563663,7.778252216560172
638,0.1276,41.94888799908881,26.452372102546605,-3.7739784190831798,7.754216671596398
639,0.1278,41.929993444528364,26.44252100041663,-3.776057167966125,7.684540492277214
640,0.128,41.911468691653155,26.439407110362193,-3.777876276276633,7.662404569584456
641,0.1282,41.90673018452179,26.41533741650997,-3.7794352849406576,7.6503792181288
642,0.1284,41.90527258978068,26.387263173961415,-3.7807337475610345,7.6401800916568945
643,0.1286,41.90474353031004,26.381419198516095,-3.7817712304392503,7.633206878234345
644,0.1288,41.904616555557965,26.38053030705925,-3.7825473125965767,7.627665508476731
645,0.129,41.891487677704795,26.38090148709835,-3.783061585794583,7.624116285706504
646,0.1292,41.875705068244166,26.381743952818436,-3.783313654555045,7.6212856041055295
647,0.1294,41.8595767078712,26.382889332132237,-3.783303136179206,7.559646839770405
648,0.1296,41.84376127277118,26.384301648606613,-3.78302966076644,7.484964740446951
649,0.1298,41.82843707175104,26.38597318584361,-3.7824928712322747,7.466383747007667
650,0.13,41.81357627415582,26.36195568329668,-3.7816924233257967,7.461637376723909
651,0.1302,41.81212736681103,26.331733999249675,-3.7806279856464298,7.460157317522092
652,0.1304,41.80077687462043,26.300383274992036,-3.779299239660086,7.444625505100087
653,0.1306,41.787588029652774,26.295236254306573,-3.7777058797146927,7.425898862767939
654,0.1308,41.77432047945574,26.292962634606113,-3.7758476130550878,7.406736233413117
655,0.131,41.761428971438406,26.294462407719706,-3.7737241598372884,7.388311326592503
656,0.1312,41.76180180315328,26.297592455126015,-3.7713352531421314,7.370425685800344
657,0.1314,41.76521146815032,26.301393302512743,-3.7686806389882794,7.353307002127814
658,0.1316,41.75667510269284,26.305557996234615,-3.765760076344604,7.336561847012667
659,0.1318,41.7458812725494,26.310001087751765,-3.7625733371419323,7.320174252090831
660,0.132,41.73491571586619,26.31470100043429,-3.7591202062841558,7.304207870548347
661,0.1322,41.723230682446825,26.319652849892428,-3.755400481658723,7.288654493499289
662,0.1324,41.72503111548433,26.324855860766334,-3.7514139741464887,7.273428856396489
663,0.1326,41.73007021292904,26.330310220504174,-3.7471605076309253,7.258443410608572
664,0.1328,41.722305742506556,26.336016321815638,-3.7426399190067134,7.257827344327835
665,0.133,41.72549997922976,26.341974586432734,-3.7378520581876855,7.20791179712837
666,0.1332,41.730450200350404,26.34818542369741,-3.7327967881141455,7.150841850721965
667,0.1334,41.736692653621596,26.354649216936224,-3.727473984759547,7.142024279859453
668,0.1336,41.74358080825537,26.3613663328302,-3.7218835371365384,7.144176272929083
669,0.1338,41.750823192804056,26.368336820542012,-3.7160253473023723,7.14894786773318
670,0.134,41.75831672842509,26.37515255562296,-3.7098993303636782,7.154360352614762
671,0.1342,41.76605333988387,26.381840357881075,-3.7035054144806003,7.1588754599775015
672,0.1344,41.774034716139205,26.38843352333823,-3.6968435408703013,7.1632615993793065
673,0.1346,41.76918575346201,26.394957174358847,-3.689913663809824,7.167612889504638
674,0.1348,41.76184078324161,26.379089921072524,-3.6827157506383226,7.173426779664217
675,0.135,41.76712119229917,26.359038712825665,-3.675249781758651,7.179700730529502
676,0.1352,41.7752636341684,26.36149446713538,-3.6675157506383225,7.186292299695205
677,0.1354,41.77118753443047,26.36893648936199,-3.659513663809824,7.191485922555292
678,0.1356,41.76468458151574,26.377639291428025,-3.651243540870301,7.198107356373666
679,0.1358,41.7710004190372,26.386809663575832,-3.6427054144806,7.2051188321063915
680,0.136,41.78013353273198,26.396281420144007,-3.6338993303636777,7.210778443735896
681,0.1362,41.78999191838582,26.406020300295513,-3.6248253473023717,7.2179410053095525
682,0.1364,41.80013751951697,26.41601909600034,-3.6154835371365386,7.225527445870901
683,0.1366,41.79734724806399,26.426276074657455,-3.6058739847595462,7.233316491271498
684,0.1368,41.80522098856283,26.43679021482771,-3.5959967881141446,7.241441718283499
685,0.137,41.81566838494052,26.447560478687112,-3.5858520581876836,7.249854821734236
686,0.1372,41.822243693391854,26.45858583782557,-3.5754399190067123,7.256877706140654
687,0.1374,41.82814120140267,26.469865303201004,-3.564760507630925,7.263790996991554
688,0.1376,41.83872315648089,26.481399599661756,-3.5538139741464874,7.270895392727207
689,0.1378,41.84584941638497,26.493187710432984,-3.5426004816587215,7.278097722621892
690,0.138,41.85240724316521,26.478673717294537,-3.5311202062841534,7.287103600360924
691,0.1382,41.8637473695848,26.484247097888638,-3.5193733371419307,7.296775415027194
692,0.1384,41.86300050125624,26.49505258415384,-3.5073600763446042,7.306701070685606
693,0.1386,41.85968684645704,26.507363331511733,-3.4950806389882785,7.253707079769981
694,0.1388,41.85622054893697,26.520244451965503,-3.4825352531421294,7.247402239659053
695,0.139,41.86631359458033,26.53346172649432,-3.469724159837287,7.190914107543776
696,0.1392,41.866186999825956,26.546956526977887,-3.4566476130550856,7.1839462445653215
697,0.1394,41.87738917792204,26.560714127937338,-3.4433058797146905,7.128587235496079
698,0.1396,41.89116994889873,26.57473074484622,-3.4296992396600827,7.061679815165379
699,0.1398,41.892353495712314,26.589005302932623,-3.4158279856464264,6.996043361710306
700,0.14,41.904243675961425,26.603537390112095,-3.401692423325794,6.933614219476301
701,0.1402,41.918666603635955,26.618326749580834,-3.387292871232272,6.928314065439952
702,0.1404,41.92040928771404,26.633373155111883,-3.3726296607664374,6.880220522502465
703,0.1406,41.91951326529915,26.64867637932445,-3.3577031361792034,6.880746949827989
704,0.1408,41.93168382062633,26.664236185416346,-3.342513654555041,6.837273576677305
705,0.141,41.93358347070993,26.68005232659143,-3.32706158579458,6.783782205832632
706,0.1412,41.93340489065896,26.69612454363325,-3.3113473125965736,6.784631382465774
707,0.1414,41.946413600097756,26.71245256541317,-3.295371230439247,6.740022892936031
708,0.1416,41.94915959826863,26.729036106275274,-3.279133747561031,6.741812317094713
709,0.1418,41.949877618459055,26.745874864850233,-3.2626352849406532,6.696017610097304
710,0.142,41.95042484087348,26.76296852476561,-3.2458762762766304,6.697169796372027
711,0.1422,41.95122087556074,26.780316754345804,-3.22885716796612,6.706280288577734
712,0.1424,41.9656412955335,26.797919206072038,-3.211578419083176,6.716079964240702
713,0.1426,41.98324867285715,26.815775515488504,-3.1940405013563615,6.7246783034252235
714,0.1428,42.00171861177181,26.83388523654459,-3.1762438991457693,6.731427878361276
715,0.143,42.0205333297752,26.85224785861753,-3.158189109419402,6.737443799447299
716,0.1432,42.034877492308745,26.87034394550549,-3.1398766417289656,6.742873480886717
717,0.1434,42.047999696660405,26.88816405275599,-3.12130701818502,6.754169663923565
718,0.1436,42.06094746789161,26.905923224755988,-3.1024807734315396,6.765005995228331
719,0.1438,42.07404539656214,26.921014237841288,-3.0833984546198567,6.779041068437943
720,0.144,42.087401807085584,26.911580627340925,-3.064060621381994,6.792887536147344
721,0.1442,42.10582961315248,26.89672021361058,-3.0444678458033807,6.738145954209597
722,0.1444,42.1206532391742,26.9073321272543,-3.0246207123949786,6.734691619398625
723,0.1446,42.1403323674462,26.902034269968965,-3.0045198180647943,6.746163484368198
724,0.1448,42.16135037862793,26.915376284766968,-2.984165772088779,6.759757580207873
725,0.145,42.18288265684318,26.90962806777726,-2.9635591960811456,6.706179846210318
726,0.1452,42.203810420753406,26.922846311196746,-2.942700723964052,6.703873559567483
727,0.1454,42.225207155159865,26.94056798704428,-2.921591001936729,6.716477176595307
728,0.1456,42.247097324620924,26.945432595003275,-2.900230688443966,6.730297261175587
729,0.1458,42.254767957236794,26.947504923957606,-2.87862045414403,6.744203333319582
730,0.146,42.27371815795914,26.9645103769505,-2.8567609818759814,6.757943801312567
731,0.1462,42.29543923644956,26.98551325944149,-2.8346529666263716,6.771468248029562
732,0.1464,42.303417137783306,27.007709458895732,-2.8122971154954013,6.784871537096319
733,0.1466,42.32290306055527,27.02690588015549,-2.7896941476624364,6.79832888940932
734,0.1468,42.34539423963859,27.04795028785957,-2.766844794350964,6.814202754326267
735,0.147,42.368607799035296,27.070196552976846,-2.743749798792954,6.8144059319175625
736,0.1472,42.39150038833047,27.093054723728716,-2.720409916192622,6.810436103403095
737,0.1474,42.41429543998614,27.116117365333743,-2.696825913689645,6.821912727725897
738,0.1476,42.423049526655596,27.139233008395323,-2.6729985703217554,6.821633952773226
739,0.1478,42.443475555566195,27.162535844826444,-2.6489286769867753,6.814718634410491
740,0.148,42.46598049094082,27.18593946202994,-2.6246170364040666,6.8209892588320935
741,0.1482,42.474849205176625,27.209460936850853,-2.600064463075419,6.834241064881693
742,0.1484,42.48071469651276,27.233130081969293,-2.5752717832453382,6.773944760766683
743,0.1486,42.50102825179009,27.256971655516374,-2.550239834860783,6.695727267012134
744,0.1488,42.52427461726871,27.25826230891358,-2.524969467530331,6.623426070912972
745,0.149,42.54340186075699,27.255013349648316,-2.4994615424827464,6.620797996504129
746,0.1492,42.56168463044003,27.2736263563056,-2.4737169325250377,6.634712489182984
747,0.1494,42.585643626937525,27.297456615637312,-2.447736521999896,6.655843615297929
748,0.1496,42.60631437105477,27.322703000938063,-2.421521206742598,6.6790647889854675
749,0.1498,42.631295908702306,27.348466037026117,-2.3950718940373528,6.702331027104175
750,0.15,42.65685795345744,27.374526709101684,-2.3683895025730597,6.71069048793433
751,0.1502,42.67754321391092,27.400829391901002,-2.341474962398561,6.7314153973338895
752,0.1504,42.70280458555208,27.427217690629952,-2.314329214877301,6.755534550127877
753,0.1506,42.72948658326627,27.45364342154826,-2.2869532126414325,6.780052397569054
754,0.1508,42.75171586941871,27.480088872440273,-2.259347919545411,6.790214056702832
755,0.151,42.772543892791376,27.50655952845326,-2.2315143106189903,6.796494712557941
756,0.1512,42.79859287090306,27.533378027997404,-2.203453372019729,6.817715942195869
757,0.1514,42.82554100910875,27.560470650941767,-2.175166100984909,6.827188260716011
758,0.1516,42.85272003095538,27.587777464561864,-2.1466535057829357,6.849575606270104
759,0.1518,42.88068640732743,27.615296525816117,-2.117916605664195,6.875460292798721
760,0.152,42.9042179836008,27.64303241258471,-2.088956430811376,6.902441306695597
761,0.1522,42.93126030009153,27.67098787591712,-2.0597740222892686,6.927111973488713
762,0.1524,42.95417619592675,27.69916354647313,-2.0303704319940183,6.951792458222808
763,0.1526,42.98186277067279,27.724112997572853,-2.000746722601851,6.976331106687713
764,0.1528,43.010299279669574,27.747351448735664,-1.9709039675172977,7.000914051995839
765,0.153,43.03881919041818,27.751481272582556,-1.940843250820858,7.025626003497601
766,0.1532,43.06266899121138,27.749306415610917,-1.9105656672161735,7.0507101316698755
767,0.1534,43.09117970886453,27.745835709791137,-1.880072321976678,7.075884642037346
768,0.1536,43.11530512708637,27.74656831332603,-1.8493643308917282,7.101465171287614
769,0.1538,43.13836086896075,27.746385957345744,-1.8184428202121956,7.126931186397135
770,0.154,43.166865179634065,27.746092377959506,-1.7873089265956161,7.152790013032143
771,0.1542,43.182781357195076,27.746552808455583,-1.7559637970507658,7.1784458763129315
772,0.1544,43.196078616521696,27.752256508275472,-1.7244085888817522,7.204112946245738
773,0.1546,43.2084250507325,27.75651138235781,-1.692644469631634,7.229800592632984
774,0.1548,43.22072490700201,27.782637384939278,-1.6606726170254862,7.255577617574154
775,0.155,43.23331310777784,27.791166883711824,-1.6284942189130258,7.281562538571137
776,0.1552,43.2463033916999,27.81818833703735,-1.5961104732106972,7.307823012550522
777,0.1554,43.25968461425505,27.84979245523207,-1.5635225878433068,7.335766765167945
778,0.1556,43.27413508364106,27.882658528024457,-1.5307317806851315,7.364334101623681
779,0.1558,43.28866999819659,27.91597375886679,-1.4977392795005717,7.393185775587546
780,0.156,43.30394877083941,27.949536226957875,-1.4645463218843155,7.4067401053400586
781,0.1562,43.31910322616,27.98329271116453,-1.4311541552010065,7.417443206199582
782,0.1564,43.33506818285697,28.017230618774125,-1.3975640365244648,7.427647929115046
783,0.1566,43.365147762825785,28.05134684044541,-1.363777232576409,7.438488477247655
784,0.1568,43.39859974002266,28.085640258357735,-1.3297950196647186,7.450160219197924
785,0.157,43.43296848842921,28.120110117248636,-1.2956186836212265,7.462221856742843
786,0.1572,43.467695496802214,28.154755672302883,-1.2612495197390623,7.4750807669880635
787,0.1574,43.502660576812865,28.189576145052104,-1.2266888327095105,7.488421390155088
788,0.1576,43.53783282734875,28.22052432474737,-1.1919379365584173,7.516538746668589
789,0.1578,43.5723156980955,28.253758060663976,-1.1569981545821553,7.548708465412271
790,0.158,43.602632088663455,28.288160423113634,-1.121870819283132,7.580746752841741
791,0.1582,43.636995707883756,28.319110212529964,-1.086557272304829,7.614204676080253
792,0.1584,43.67228813605752,28.348403608026,-1.0510588643664307,7.648141150561616
793,0.1586,43.70791414269319,28.380907461978005,-1.0153769551969893,7.68104668405495
794,0.1588,43.743917683124735,28.391384863096405,-0.979512913469125,7.713873528350662
795,0.159,43.78014424825366,28.420073608639786,-0.9434681167323649,7.746515570148889
796,0.1592,43.81653602796159,28.434077826183305,-0.9072439513459716,7.780347018729309
797,0.1594,43.8530706445543,28.460967551673235,-0.870841812411391,7.812966260092757
798,0.1596,43.88976719050156,28.470398754557905,-0.8342631037042261,7.846175494287254
799,0.1598,43.92663588991542,28.49949215925033,-0.7975092376058641,7.879380521404571
800,0.16,43.96366923830548,28.53380781325469,-0.7605816350346086,7.912239449424685
801,0.1602,44.00086885813352,28.54628740685295,-0.7234817253764341,7.94496209229025
802,0.1604,44.038242839862356,28.576664592438327,-0.6862109464153261,7.977725360728583
803,0.1606,44.075789939450196,28.592549955624595,-0.6487707442631767,8.011321065162456
804,0.1608,44.11350722117216,28.6248126819757,-0.6111625732893486,8.045208476382578
805,0.161,44.15120260376562,28.66082769850966,-0.573387896049768,8.079355230239702
806,0.1612,44.188976059418394,28.697803488825706,-0.5354481832156175,8.113459799112618
807,0.1614,44.226876192114624,28.716242856968393,-0.4973449135017054,8.148424945101226
808,0.1616,44.26491834735123,28.73093897758959,-0.45907957359437157,8.182808354129438
809,0.1618,44.30310602349807,28.745189709975726,-0.42065365807900523,8.217987197342223
810,0.162,44.34143928644581,28.759769104772865,-0.3820686693672477,8.253520188608352
811,0.1622,44.37991713207618,28.793017213556247,-0.34332611762373455,8.28855701702118
812,0.1624,44.418734933325055,28.811983520816803,-0.3044275206925122,8.324200307249097
813,0.1626,44.45778272680054,28.828389072702738,-0.2653744040230208,8.359888401217978
814,0.1628,44.496997708701414,28.844681347957888,-0.22616830059580373,8.332256632699075
815,0.163,44.53632097084783,28.86126830457488,-0.18681075084775012,8.286058920677092
816,0.1632,44.575735584150706,28.87500552452029,-0.14730330259703273,8.297552747334091
817,0.1634,44.61519880503803,28.887747999040993,-0.10764751096767267,8.3263412108791
818,0.1636,44.65469566658113,28.9211675766077,-0.06784493831371341,8.360436053382392
819,0.1638,44.694222176039524,28.93873076359823,-0.027897154143123437,8.39699295793781
820,0.164,44.73377393809136,28.973467715344327,0.012194264958732326,8.433305130780212
821,0.1642,44.773418267752746,29.012578301765394,0.0476305644530739,8.469359245182885
822,0.1644,44.81318824494785,29.052915062733014,0.05057617360439348,8.490671621533629
823,0.1646,44.85309638673604,29.093672130732703,0.04435749425301472,8.508646314023544
824,0.1648,44.893146058611606,29.1346390668016,0.04102735872650776,8.541710132099428
825,0.165,44.92872881640936,29.175758610262527,0.041126746250109036,8.578869552164523
826,0.1652,44.96389763480032,29.217013847432263,0.07268258932762839,8.601099197072124
827,0.1654,45.003164838253284,29.25839969047757,0.05873660133343561,8.619362757184913
828,0.1656,45.04259767567709,29.299914123965596,0.08686427846789346,8.652570192623736
829,0.1658,45.0819439019415,29.34155563808433,0.1253247894396763,8.689655668652092
830,0.166,45.122210288573704,29.36637884646735,0.16637400118215284,8.722332567422656
831,0.1662,45.163028437250645,29.388162089739108,0.20704476692527773,8.736158914839855
832,0.1664,45.20413482431409,29.426250886189358,0.18483753888715038,8.742996907634945
833,0.1666,45.2454183262556,29.46765694808912,0.14774846362446148,8.753354539038273
834,0.1668,45.28683886776756,29.50989241501675,0.1692423484807879,8.781090584595969
835,0.167,45.32838251264431,29.552417981783265,0.1448660112621365,8.746483716662452
836,0.1672,45.37004395754512,29.59509927065948,0.1700810650450708,8.695779148695763
837,0.1674,45.41182057233386,29.637898349253284,0.207960805959849,8.644770184535398
838,0.1676,45.453710514309435,29.66430517652228,0.24881177720092618,8.658912455673622
839,0.1678,45.495712153892924,29.704009216676216,0.28998610363310595,8.620986969546106
840,0.168,45.5378239096291,29.74645546365637,0.2681798045088848,8.632689181278232
841,0.1682,45.58004420640978,29.789383707196446,0.29316297137068403,8.656312594914755
842,0.1684,45.622371461625626,29.83247685928359,0.2678083207954711,8.688444748463793
843,0.1686,45.66480399737095,29.87570077835157,0.29312440655601923,8.653919052271016
844,0.1688,45.707340159074846,29.919033393328473,0.271235303319755,8.665402449850491
845,0.169,45.74997830078271,29.943210047793542,0.23990195865403408,8.625482011957832
846,0.1692,45.7927165988896,29.98185370175961,0.2653854913988294,8.642239002022455
847,0.1694,45.835553262931214,30.024204884954248,0.3047965397497969,8.667406853856612
848,0.1696,45.87848654173708,30.048333707442275,0.2901568624358717,8.641093048229461
849,0.1698,45.92138185388993,30.087087644295558,0.3196184030963878,8.599711838342909
850,0.17,45.964250775711996,30.12655359038699,0.34521528894312903,8.55683765662116
851,0.1702,46.007112875062695,30.149451163921945,0.3700971515273115,8.516807089966296
852,0.1704,46.050014626234194,30.169126459224653,0.3951631454037945,8.4819511103377
853,0.1706,46.092975668078815,30.207179399386202,0.42043439261124194,8.452517654642994
854,0.1708,46.13602129195545,30.249810822866763,0.44579574087589835,8.428061343168094
855,0.171,46.17923025370728,30.29359341319169,0.48587444606543917,8.408650193925943
856,0.1712,46.222560019453105,30.33749527607401,0.5294849631477585,8.392512652156721
857,0.1714,46.2659851955645,30.381501766537323,0.5590654639058013,8.425491881779548
858,0.1716,46.30949563963838,30.425601142686432,0.6000641287310222,8.468773140671441
859,0.1718,46.34898647061371,30.46976584522318,0.6439351238953623,8.514910906523626
860,0.172,46.3915894225965,30.514133569124965,0.6885644376459905,8.56138474208033
861,0.1722,46.434992871173726,30.55865026222381,0.7186355900219681,8.608191103490135
862,0.1724,46.47467045438277,30.60018988970092,0.7600435736718612,8.654631109070401
863,0.1726,46.517479459330644,30.64043752483656,0.7894391933797467,8.701474482453143
864,0.1728,46.557625411108944,30.683423060540786,0.8307446463151233,8.748225431560831
865,0.173,46.60032839410152,30.727471514994697,0.8601190912560839,8.795244413668796
866,0.1732,46.64403555589786,30.77174886346006,0.9013949988355578,8.84200459741609
867,0.1734,46.684217250468464,30.815977983582755,0.9456441243401894,8.888537454667086
868,0.1736,46.72351868115028,30.860085788194432,0.9906157325703762,8.935492329963928
869,0.1738,46.7626618533991,30.88600964371861,0.9767072624345576,8.98229680697143
870,0.174,46.80183788214277,30.9257438027775,1.0072365101456664,9.029222620144674
871,0.1742,46.844954240395225,30.953747302566725,0.9887361904862795,9.075952806684372
872,0.1744,46.885275963345144,30.976673031347403,1.01841968723231,9.122445174651538
873,0.1746,46.92541314283839,31.016020001031812,1.0451111063137193,9.169297597141775
874,0.1748,46.965064634169636,31.059174057583984,1.0706305622945456,9.216044170162139
875,0.175,47.00444931167181,31.102982455532047,1.110100160952654,9.262930740889068
876,0.1752,47.0441192050664,31.13232998131994,1.1373213446023094,9.309919468924681
877,0.1754,47.08349521921575,31.156513491153483,1.1611985350430638,9.356803183099704
878,0.1756,47.126218271421656,31.17887106502275,1.1849227105674256,9.402919049860609
879,0.1758,47.16970906858132,31.21841785727205,1.2240628121686017,9.448515563762399
880,0.176,47.199094075084055,31.259475283996206,1.2672200166391097,9.48342752533422
881,0.1762,47.225247061565625,31.302589569164958,1.3101530288219951,9.512852580814288
882,0.1764,47.25079989351088,31.347172135359546,1.352034224139615,9.493455183717296
883,0.1766,47.27552601482479,31.39177596236937,1.3771885855226382,9.477829620427606
884,0.1768,47.300017758151114,31.436299537878142,1.415389910777456,9.465975266333393
885,0.177,47.338968884308,31.481358264481493,1.457607715193586,9.500114854544584
886,0.1772,47.38144601835953,31.526622570940713,1.4856275074250855,9.54358038730807
887,0.1774,47.425529839993764,31.57192577061869,1.510225033544743,9.577547653292521
888,0.1776,47.46942437897708,31.61725662685716,1.5492545765121282,9.605640040852164
889,0.1778,47.5131099027278,31.66261541657894,1.5767395084396374,9.642535223593457
890,0.178,47.54215322291073,31.708000659714838,1.61701915293151,9.683666236416483
891,0.1782,47.56780273642795,31.75341108976149,1.6606744715744555,9.725233548029854
892,0.1784,47.592807077109846,31.79883438915232,1.7051665725593312,9.76642830408918
893,0.1786,47.617835194598484,31.84426812080399,1.7339456852575652,9.807049329064995
894,0.1788,47.64386297742858,31.88964444006513,1.7583292491346532,9.83399142911436
895,0.179,47.66969634022463,31.934981131548238,1.7972455101982634,9.855181009040699
896,0.1792,47.71050047475496,31.980346133459864,1.839838026002437,9.875221331206914
897,0.1794,47.75503781175167,32.02573265261314,1.8672655156173825,9.910070907308546
898,0.1796,47.78542953296598,32.07112624499492,1.8895047167037504,9.951323369223699
899,0.1798,47.812389956202125,32.11651810685478,1.908866897108855,9.994639183965067
900,0.18,47.83957580592549,32.16132332290256,1.9248254112486916,10.03837276275282
901,0.1802,47.88127147116945,32.20629941077522,1.9368723754371377,10.082524042769759
902,0.1804,47.922583016682665,32.24857951796719,1.949282780988781,10.12686749444129
903,0.1806,47.96456936859821,32.29217768374823,1.9647779626372954,10.171300708318464
904,0.1808,48.006956442114344,32.33662138111658,1.9816854371154942,10.213583896750341
905,0.181,48.04913823680627,32.381400909621945,1.9992641768646169,10.256733830584368
906,0.1812,48.09446376779605,32.41267891577419,2.017030823078996,10.300566195033467
907,0.1814,48.13764702289343,32.45463864882404,2.035061962544071,10.344681025218748
908,0.1816,48.17999359923751,32.48581627624536,2.0695692699861894,10.389111710151141
909,0.1818,48.22491063572278,32.514919572855646,2.1088885731175164,10.433504535565984
910,0.182,48.2702954170095,32.54082910638903,2.1496357318629524,10.478022906237994
911,0.1822,48.31569183745936,32.58119709207041,2.1742023944079585,10.522593834133271
912,0.1824,48.35820512267025,32.625219094330305,2.210864136540071,10.567210008425711
913,0.1826,48.40327540088165,32.670150862921155,2.2343722224841827,10.546963808183564
914,0.1828,48.44578283162325,32.712694188967504,2.254295572117708,10.513269202372504
915,0.183,48.490826362947786,32.754118875520646,2.2733621982660996,10.481806069056706
916,0.1832,48.53648738047838,32.79502346002498,2.2922551855388895,10.452046733150468
917,0.1834,48.58227673175722,32.83569123010343,2.3111780603227374,10.424461398069914
918,0.1836,48.62712797921974,32.876232998197345,2.3299889790626906,10.454337516554604
919,0.1838,48.672411819457345,32.91669145527863,2.3485334249495065,10.442737581164549
920,0.184,48.71787070812134,32.959701679317405,2.366235755804974,10.436642064065701
921,0.1842,48.748123373106225,33.00375033913026,2.383686885810656,10.419458810809832
922,0.1844,48.77454267636769,33.048218271921534,2.4006059707189515,10.452897947731701
923,0.1846,48.81508691113131,33.077789113051985,2.4174928295313447,10.497036132040868
924,0.1848,48.859153537617686,33.11862584844964,2.4346059356383947,10.542067190161713
925,0.185,48.88892003598791,33.16226952277512,2.468529209887281,10.586693658244192
926,0.1852,48.930193888373964,33.20656516714626,2.5069917523040095,10.615638350105412
927,0.1854,48.97433034686413,33.25098850181995,2.546723485989202,10.596873516522772
928,0.1856,49.01825554974947,33.295411549431236,2.5694471643623045,10.588549823907243
929,0.1858,49.061864538176756,33.33980142574597,2.604451779747637,10.569466798300112
930,0.186,49.09104278948181,33.384108093344665,2.6425128577260644,10.600646826044652
931,0.1862,49.11691431139378,33.4283107521973,2.681469774936995,10.64331267298844
932,0.1864,49.157065050318764,33.47234958418235,2.645320297824294,10.68861693195842
933,0.1866,49.200752582169464,33.51623672573354,2.5855298916775737,10.73439272083765
934,0.1868,49.230138734608275,33.55754838652701,2.5940531033381227,10.778290301338433
935,0.187,49.27101381899971,33.59766317224877,2.5525583272806194,10.821387483016492
936,0.1872,49.31473615048281,33.637253794636585,2.4994550689253545,10.851550150150567
937,0.1874,49.35912600834588,33.676619507075785,2.447282480885031,10.879018684381407
938,0.1876,49.40363285017643,33.71830747600465,2.401339220028155,10.90591709601165
939,0.1878,49.448069317632815,33.760942039677495,2.3610293131250466,10.93269234521537
940,0.188,49.492363913046134,33.80384201603117,2.325376744037171,10.959101921007896
941,0.1882,49.52145087505619,33.84677752407385,2.293636733231,10.999464573684438
942,0.1884,49.56185682450661,33.8896813776029,2.2656054048979204,11.005570760989684
943,0.1886,49.59007008550007,33.93253404027238,2.2953453190892117,10.992659097561583
944,0.1888,49.63024010440666,33.97532935815904,2.33769791841712,11.02673062439045
945,0.189,49.67334135249616,34.01806427845597,2.368090388384883,11.070032446250188
946,0.1892,49.7171112647394,34.06073640269817,2.3952372880952995,11.115329361719866
947,0.1894,49.759991087104126,34.103230883258234,2.421192979688223,11.149066829112481
948,0.1896,49.80231844489399,34.13385509036142,2.461043839228867,11.178219082401316
949,0.1898,49.844363910890884,34.159721886672806,2.4459820301580226,11.220012231394996
950,0.19,49.887225093817705,34.195649056278846,2.419123921529681,11.264598823550916
951,0.1902,49.93044986311889,34.23355586912121,2.447043929702169,11.295484688299428
952,0.1904,49.97374778054372,34.27161426702984,2.4306336163961095,11.337221216040735
953,0.1906,50.002976622785766,34.30959525624037,2.404662807192736,11.381454811027714
954,0.1908,50.02898522236341,34.34982172287957,2.433311710121931,11.411879006167688
955,0.191,50.06721519495283,34.38858343192308,2.4186331119177362,11.453137440025095
956,0.1912,50.108903396791035,34.42889195190946,2.449551895669247,11.496804709767147
957,0.1914,50.151496740157924,34.45612784896903,2.4762891337168718,11.53790094978868
958,0.1916,50.179196992950736,34.49122132285002,2.50160398557982,11.525297745582947
959,0.1918,50.218125884091336,34.519323415341844,2.5262455560125354,11.501862733707398
960,0.192,50.24464210428948,34.557580372099046,2.55025209472585,11.492829983000526
961,0.1922,50.28306238616134,34.59805133043863,2.573515443693647,11.47399388079307
962,0.1924,50.323386446484605,34.625712286019855,2.596066708181155,11.503257820381219
963,0.1926,50.363840397712615,34.660967771819855,2.618077065629796,11.4917697155263
964,0.1928,50.390966592789326,34.697703192992435,2.6398460613904744,11.520118904647207
965,0.193,50.42933760973017,34.73460124822349,2.676634089937274,11.502054601846194
966,0.1932,50.47030757487668,34.77136036107552,2.7016417431682496,11.52925843365735
967,0.1934,50.51180913129911,34.810327266818604,2.7224188394909445,11.5147403891705
968,0.1936,50.553345316831034,34.850286461293976,2.756334802254701,11.543502309460994
969,0.1938,50.59476634095149,34.89052384755566,2.792792726071089,11.582547594153413
970,0.194,50.63602352917021,34.93077416019507,2.7641743848973137,11.621428928933955
971,0.1942,50.67708778414218,34.97095282648173,2.7848946016407856,11.64706122734383
972,0.1944,50.70271306244076,35.011034079240616,2.819196598840862,11.668488537711406
973,0.1946,50.73864811659485,35.05100941051319,2.855244354245995,11.68847522279999
974,0.1948,50.77778745835661,35.09087507850608,2.892860507458067,11.722826339412377
975,0.195,50.802541576798696,35.13062627139842,2.9308106444652857,11.75956092964283
976,0.1952,50.8388812165065,35.17016259135306,2.9669366935084684,11.783900746425353
977,0.1954,50.877090554745344,35.20948856064704,3.0016270919515056,11.82033963329079
978,0.1956,50.901084072049755,35.23833161780535,2.960801365931487,11.844059256013132
979,0.1958,50.921592845240994,35.26491468807482,2.9723799085381186,11.817879553302115
980,0.196,50.956484720018516,35.2910213194005,3.0003983388789193,11.781754332686292
981,0.1962,50.99494712710235,35.31711101218937,3.0168709760097814,11.76307817205078
982,0.1964,51.033137070392115,35.343431659762814,3.0283858149808704,11.791019767405999
983,0.1966,51.0718713574581,35.36996217567959,3.0561865454586314,11.769139477077552
984,0.1968,51.110806337615095,35.396595017132405,3.0887225244245866,11.793219781721342
985,0.197,51.13532285108499,35.4232666527671,3.0459895904015473,11.828987835268613
986,0.1972,51.156379038034814,35.449947289324406,2.985218714898979,11.867620651122701
987,0.1974,51.190904891640436,35.47669377371333,2.921584157453524,11.889224118220413
988,0.1976,51.228544598192244,35.50151889919026,2.8624864626601068,11.90396539613436
989,0.1978,51.26681365135072,35.5254778987737,2.8055674608784,11.91674217580165
990,0.198,51.28985610867534,35.560591648328526,2.749880407403458,11.928781168755275
991,0.1982,51.32426660716204,35.58694642578144,2.7610330436928905,11.94039351547045
992,0.1984,51.360430363938235,35.611253944602424,2.7235083384979193,11.969702395991659
993,0.1986,51.397623195671315,35.63499248886392,2.7383079657358236,12.005615640915808
994,0.1988,51.43509768451719,35.658639089684954,2.700534839796509,12.04164179739786
995,0.199,51.45717178544478,35.68227533836133,2.7153718859875915,12.078635961279842
996,0.1992,51.47633343886555,35.71690466974389,2.6780431776682416,12.116172469006221
997,0.1994,51.493963047062174,35.75405612226015,2.6937984144436684,12.153738799573865
998,0.1996,51.526176418123605,35.79166772589326,2.658881429649057,12.191259009269588
999,0.1998,51.561913738588984,35.829247916324604,2.675626701331865,12.228644288638757
1000,0.2,51.59840228193094,35.86659510388588,2.690884699487473,12.265804999414401
1001,0.2002,51.6348942607721,35.90370417699563,2.7059898747416344,12.30274730759583
1002,0.2004,51.67121392606334,35.94059459316073,2.7359663365165203,12.339468775841674
1003,0.2006,51.70734278376585,35.97726353026392,2.7542327640541897,12.376034294713909
1004,0.2008,51.74324906348808,36.01364767506324,2.784543606507043,12.412368301610481
1005,0.201,51.76462089202179,36.04980302543078,2.753217242854585,12.44853126128009
1006,0.2012,51.79673406818357,36.08575748706022,2.706701200882235,12.46959583636731
1007,0.2014,51.831242720271284,36.121520175313584,2.7206615265176013,12.489453895356137
1008,0.2016,51.851898391932835,36.1570839381446,2.6892711428285807,12.506848336049057
1009,0.2018,51.868213502218126,36.19053957323677,2.7074214383049164,12.538061608340534
1010,0.202,51.88411284090189,36.22287326144214,2.7365396177263444,12.557468235566201
1011,0.2022,51.89910576072816,36.25667981196019,2.7686000654141294,12.588820722497521
1012,0.2024,51.92877739139902,36.29106762354369,2.786029188965134,12.61032300114745
1013,0.2026,51.96196216320979,36.325419108490856,2.7995208204104305,12.642279296364093
1014,0.2028,51.98157590954348,36.34882466094196,2.811900967451776,12.67400868145207
1015,0.203,51.99699489842605,36.369305793215744,2.83935805310759,12.707110930266884
1016,0.2032,52.026240482438425,36.390796963816534,2.8705289697503242,12.725958138298777
1017,0.2034,52.05787199565517,36.41149251564896,2.90245766410501,12.756227083579663
1018,0.2036,52.07546898655611,36.44063937758561,2.9343427553784673,12.789230494917204
1019,0.2038,52.10475512727533,36.47266744726965,2.965843835519611,12.822556597005558
1020,0.204,52.13659621000023,36.49022755836325,2.996945998982281,12.841141633017774
1021,0.2042,52.16693871810961,36.51940626073086,3.0119382783852098,12.855989518760483
1022,0.2044,52.19904174908898,36.53619385059105,3.0225007198348175,12.86915088966991
1023,0.2046,52.23144143666629,36.54981577008276,3.0472111085704343,12.89645505511205
1024,0.2048,52.263752501374825,36.57777234733566,3.0070344436400784,12.927098250185425
1025,0.205,52.29589508190567,36.6078527365074,3.016369615725148,12.94586320126031
1026,0.2052,52.32562349410499,36.6239703694087,3.0231870085758885,12.959729004946787
1027,0.2054,52.35461140613634,36.63667448860803,3.0287581076648973,12.984473326991296
1028,0.2056,52.38544724736024,36.66369736632924,3.0332178500374507,12.99888799666934
1029,0.2058,52.41660281283371,36.68537305488459,3.0539810830700764,13.01095445118054
1030,0.206,52.44768500561787,36.714628381762246,3.006780049742516,13.037619575010346
1031,0.2062,52.46345051619713,36.73468759657963,3.011450971226913,13.067587239035449
1032,0.2064,52.475314317160475,36.7627271325709,3.031534491711924,13.098122725324146
1033,0.2066,52.48617972787173,36.79267445997005,3.056121916675819,13.124413664277242
1034,0.2068,52.497818955357175,36.812311576648796,3.0817481315082755,13.148059146237783
1035,0.207,52.50880692492093,36.839615659597,3.091497901851537,13.172567677160202
1036,0.2072,52.53323306127277,36.860049642407546,3.096817975040454,13.185078802479882
1037,0.2074,52.56152627254783,36.877179588029996,3.1173855652828872,13.194706874138337
1038,0.2076,52.57584184317732,36.90342318962638,3.1257996596391022,13.205446803171675
1039,0.2078,52.60148696540906,36.93181362800462,3.1310184255801734,13.214314444267423
1040,0.208,52.62974318039658,36.95878087806887,3.1352386970483908,13.23694667434003
1041,0.2082,52.64344253674303,36.97620685050482,3.15538990425253,13.263000292470867
1042,0.2084,52.668362816931015,37.00176919845677,3.177224802189018,13.274645253627945
1043,0.2086,52.68186556531095,37.02928855484807,3.148623815436352,13.282494521282441
1044,0.2088,52.70662635588473,37.05711415390975,3.1533379149877927,13.304677734275053
1045,0.209,52.732816851106804,37.084822962961,3.1700062651764664,13.32805356041002
1046,0.2092,52.759867514324114,37.11231049048886,3.1907406068678617,13.309628630245863
1047,0.2094,52.77200692432206,37.13955245462003,3.212342277799694,13.282207536345403
1048,0.2096,52.780378251713735,37.166544244216084,3.18159429347309,13.258036473429879
1049,0.2098,52.80272443675021,37.19328101343493,3.1825907542128498,13.234272393000488
1050,0.21,52.813307584075574,37.20441220234679,3.1454063885722228,13.20912246184085
1051,0.2102,52.83582885216501,37.226592588319015,3.1454790249963525,13.223830139111683
1052,0.2104,52.86117653159733,37.25138967251995,3.109817832190692,13.247818894412053
1053,0.2106,52.87194918880093,37.26140272605773,3.0621398534685964,13.259082063682044
1054,0.2108,52.893969295435504,37.2828091245575,3.060852224405687,13.266372024000628
1055,0.211,52.91766431227319,37.306953706232555,3.0736106191086296,13.272253647139795
1056,0.2112,52.92822000369716,37.33162818736008,3.022862298470069,13.292543750729166
1057,0.2114,52.93480842988409,37.35621236044431,2.9542777661463964,13.301114660194541
1058,0.2116,52.955161862007294,37.38061628003068,2.883301020357946,13.306979164925592
1059,0.2118,52.97876017622947,37.404812218607674,2.8793773089378485,13.324524125300666
1060,0.212,53.00298645565683,37.428759603944016,2.893930470321213,13.331602242506568
1061,0.2122,53.027189131862315,37.45243526433312,2.9134462408727235,13.351132082776976
1062,0.2124,53.05120541035858,37.475806308120596,2.9341670421059725,13.360620318531577
1063,0.2126,53.07499411519106,37.49885323804904,2.955008851378642,13.380761987597438
1064,0.2128,53.09851915789193,37.52164014914988,2.9235546003491906,13.403096294864188
1065,0.213,53.12176568920603,37.54418450915321,2.8758248019764228,13.367154734281568
1066,0.2132,53.14475377190829,37.56651934179437,2.824225293684074,13.373514208020673
1067,0.2134,53.16749306514219,37.588601168582755,2.772875231120314,13.374885016847045
1068,0.2136,53.18998650777511,37.610459482095344,2.7692782539896985,13.387687600296955
1069,0.2138,53.21223448413941,37.63074207466439,2.726767094862631,13.347342438847576
1070,0.214,53.23423656239985,37.65138569578213,2.726321122677923,13.350879351222273
1071,0.2142,53.25599205772474,37.672176512696545,2.6833387667769406,13.34796715621069
1072,0.2144,53.277500245136046,37.69287965402606,2.683935591600987,13.301918006930176
1073,0.2146,53.29876039774102,37.71339136326274,2.6970128668689166,13.305018618124198
1074,0.2148,53.31977179615555,37.7336744729005,2.6593658748524764,13.32064628049957
1075,0.215,53.340517276584805,37.75371653312029,2.608628972573953,13.300040456190303
1076,0.2152,53.36100073196562,37.77348374257063,2.6075132878752187,13.27142117931685
1077,0.2154,53.38124110283775,37.792980862228234,2.615794239498559,13.280575134691336
1078,0.2156,53.40123405631656,37.8121809366103,2.5744269788157874,13.29736285461782
1079,0.2158,53.419283286777954,37.81563482727901,2.520695655845569,13.29695925139971
1080,0.216,53.43839346143993,37.81495798400296,2.5174516430535685,13.287401146967621
1081,0.2162,53.45753484478243,37.8144086113757,2.46824389009882,13.293981585430444
1082,0.2164,53.4754990247523,37.81411732863734,2.463032185383169,13.26472769102872
1083,0.2166,53.49273021084019,37.827832661588744,2.470289725362514,13.271617751983715
1084,0.2168,53.510504894935636,37.82929590253018,2.412661382289578,13.224197209291333
1085,0.217,53.52843824024814,37.84150723119159,2.3383577942858693,13.225055927845517
1086,0.2172,53.54626666787501,37.841944625922345,2.26348438603158,13.22128007132353
1087,0.2174,53.56221689943262,37.83953776481086,2.189671282015931,13.168481357940522
1088,0.2176,53.579238194600414,37.83642662459744,2.1799144687699883,13.165939764501395
1089,0.2178,53.58223759316851,37.84824599843121,2.1859099838378713,13.177001418593033
1090,0.218,53.581940025975264,37.863682086375,2.19510019200499,13.191149249715291
1091,0.2182,53.58086993652994,37.879849835016174,2.2049277898507627,13.192708662113915
1092,0.2184,53.579540590673915,37.896015609353306,2.213601710429852,13.189586593813704
1093,0.2186,53.577104452888534,37.9119925772676,2.1476435283975674,13.184748057264873
1094,0.2188,53.588785763494116,37.9258637504865,2.134641291030319,13.194562226274982
1095,0.219,53.60273738892553,37.93084367897083,2.063758707117489,13.19221130157674
1096,0.2192,53.61678805122057,37.93522816871307,2.049761991650327,13.201683775106485
1097,0.2194,53.62900206391867,37.94734386246651,2.0530423266813984,13.152312483265092
1098,0.2196,53.64049530589885,37.95935401613555,2.061362840587122,13.150616801106992
1099,0.2198,53.6516380666728,37.9707297066617,2.0675267769674615,13.116696661586158
1100,0.22,53.66405055898044,37.98154248643853,1.9844091779501647,13.120415471723184
1101,0.2202,53.676507119226414,37.991925178272155,1.960388092394143,13.070777185042703
1102,0.2204,53.674753387218075,38.00195541813563,1.8820941349170695,13.007481143069922
1103,0.2206,53.684457554831695,38.011765989003024,1.7913808194372258,13.001947388122467
1104,0.2208,53.682871962441276,38.02295342252368,1.7014324623541333,12.989715294436312
1105,0.221,53.69147014900403,38.03464551665492,1.6138069553948635,12.988895558640188
1106,0.2212,53.688014450687746,38.04635406302451,1.5294089040981094,12.978837750074028
1107,0.2214,53.69649077836594,38.057901756127904,1.4463298792781147,12.964146148588823
1108,0.2216,53.69271001212772,38.069232562376385,1.3660197819319233,12.903499715970568
1109,0.2218,53.70071701677963,38.080224708681435,1.2867556832184022,12.836494762032592
1110,0.222,53.7114649782566,38.08343371194869,1.2119688538697089,12.8096485748616
1111,0.2222,53.72269268900356,38.084976508034686,1.1921432464218844,12.752960258705889
1112,0.2224,53.733838086037615,38.09346450536957,1.1078068926758675,12.697861071226322
1113,0.2226,53.74476199846016,38.10152405706834,1.0905540483076734,12.646844539436636
1114,0.2228,53.740419123590925,38.10886347928597,1.091328846386972,12.611847831048719
1115,0.223,53.73221466103378,38.11734054853905,1.081670925779254,12.615923112503356
1116,0.2232,53.722970936470645,38.124506580332316,1.0700488412964457,12.6261664471946
1117,0.2234,53.7134639877581,38.13252046825986,1.0582375651605345,12.63696871495359
1118,0.2236,53.70391484423034,38.13165269016538,1.0615418833558845,12.590666043644234
1119,0.2238,53.69429511956631,38.13749436622937,1.0533828601046533,12.587454944748101
1120,0.224,53.69915556800599,38.144913812425656,1.0422932489532535,12.5943721160386
1121,0.2242,53.707314312380525,38.15256062233125,1.0456730373967655,12.58896456274542
1122,0.2244,53.71604947902825,38.16008033253267,1.0372442000264996,12.577873509878417
1123,0.2246,53.71106527364129,38.16736073299953,1.0408624512046893,12.563800016386974
1124,0.2248,53.702926343670924,38.17270162048618,1.0473611820342716,12.55182574329736
1125,0.225,53.707542625141656,38.17701844333914,1.0544092465121375,12.555105866918922
1126,0.2252,53.714828013807605,38.18069012647531,0.9999539056653912,12.561927962124575
1127,0.2254,53.72249930905585,38.185622110127554,0.9316525163501632,12.569391719247378
1128,0.2256,53.73004002948975,38.189228870851835,0.9172013258344522,12.576791643359375
1129,0.2258,53.73733366021951,38.19207810523603,0.8456415903350623,12.581250330552042
1130,0.226,53.74435374442212,38.19620228930416,0.8339730812587574,12.586903486935906
1131,0.2262,53.73649632098093,38.200719501166155,0.7753186906642355,12.580776470093372
1132,0.2264,53.724865820857936,38.20515647419013,0.7647047859617722,12.581444737679256
1133,0.2266,53.72666291033394,38.207625755497084,0.7057190636350485,12.570166963468745
1134,0.2268,53.73148757129468,38.209056883810284,0.694851119825417,12.55578237003039
1135,0.227,53.73683762649937,38.209998821619415,0.6943181196039774,12.541006369970061
1136,0.2272,53.742107994123145,38.21236595485168,0.6354185279225346,12.540084321470967
1137,0.2274,53.747151555152996,38.21520126818881,0.5610410980600697,12.542199736665339
1138,0.2276,53.75188971393316,38.218014393841756,0.4858683343854491,12.530900329927707
1139,0.2278,53.741691186006825,38.22064146365616,0.4710447250797687,12.515956576989717
1140,0.228,53.727723292346,38.22303510042019,0.4136991962511356,12.514286172614757
1141,0.2282,53.71278429697876,38.22518249543325,0.3471476950516825,12.515943449088503
1142,0.2284,53.712002035248005,38.227080245154085,0.33518716868502096,12.506190364399021
1143,0.2286,53.70087971223666,38.22872740436615,0.33196646208402747,12.491448494010815
1144,0.2288,53.686221038371556,38.23012365826384,0.27632683630307575,12.487464422792854
1145,0.229,53.684904026706164,38.231265217907634,0.21352795358995902,12.472898141039336
1146,0.2292,53.68647160109731,38.23214317452086,0.1998996152113124,12.458610621936046
1147,0.2294,53.67379705624616,38.23275443515918,0.14338457427646745,12.444534926822413
1148,0.2296,53.67211000076341,38.233106974444894,0.13233897542911244,12.442719418328187
1149,0.2298,53.672860901200025,38.23320569361761,0.1314864388598096,12.429189069886473
1150,0.23,53.67399985822099,38.23305228382382,0.1324607402357154,12.426744160469706
1151,0.2302,53.6739848622175,38.23264719780201,0.13288435034850732,12.426709223699618
1152,0.2304,53.65943557924938,38.23199058733075,0.07364487458835711,12.412853269422339
1153,0.2306,53.6560529402387,38.231082578811275,0.0594711939610173,12.395292173221293
1154,0.2308,53.64043388201606,38.229923326286965,0.013499703086701231,12.391105669448677
1155,0.231,53.63645229152911,38.22851301260095,-0.006163296871070756,12.375386694629363
1156,0.2312,53.635116921906786,38.22685184391785,-0.015007175543394702,12.37141928499879
1157,0.2314,53.61935747909624,38.224940046223324,-0.017775514955089555,12.370089863059432
1158,0.2316,53.614710352643705,38.22277752867084,-0.019291138300839172,12.365641933474535
1159,0.2318,53.612627135300876,38.220364570236995,-0.020704423811984007,12.358394417097996
1160,0.232,53.60992141795053,38.21770152801759,-0.02229101650474341,12.349318257707388
1161,0.2322,53.592752625878596,38.21478873176127,-0.02411675387423884,12.338577730654881
1162,0.2324,53.586916514051026,38.2116264994093,-0.026197096859009505,12.326320328887974
1163,0.2326,53.58374493679628,38.208215152060944,-0.028535398887251873,12.312992421703644
1164,0.2328,53.58094847228581,38.204512226104285,-0.031132095657722125,12.287263385115256
1165,0.233,53.563160422135844,38.19311472369243,-0.0339869090017384,12.256951835202639
1166,0.2332,53.54157122184435,38.17994140054846,-0.037099382617068244,12.225219542565565
1167,0.2334,53.53378737753043,38.164652863761276,-0.04046907429659452,12.184752790358921
1168,0.2336,53.5154598237646,38.14846715200366,-0.044095364574452844,12.16644542642458
1169,0.2338,53.507332376239475,38.1318519404162,-0.04797770214188812,12.150233493436765
1170,0.234,53.50089071332346,38.115106697961046,-0.0521155418329915,12.139749650303449
1171,0.2342,53.49568835200663,38.10725141784151,-0.056508319439894095,12.107596857412455
1172,0.2344,53.47587195727416,38.09255056422903,-0.06115545345261442,12.072869365112098
1173,0.2346,53.4672520586109,38.07633008094086,-0.0660563479572085,12.033017048722156
1174,0.2348,53.46017309929278,38.059835739649685,-0.07121039398248641,12.012350381942639
1175,0.235,53.43910289431728,38.0432147019009,-0.07661697000381551,12.000038568090226
1176,0.2352,53.429511095612476,38.02651303309208,-0.08227544212466764,11.990099729544614
1177,0.2354,53.42263598755957,38.009747352951734,-0.08818516415301492,11.980655883940099
1178,0.2356,53.416259339900066,37.99300015931272,-0.09434547764605217,11.971044743142224
1179,0.2358,53.39593174468572,37.976231366306365,-0.10075571194606248,11.961174420277452
1180,0.236,53.385040692631044,37.9594138979911,-0.10741518421412977,11.907330002882064
1181,0.2362,53.36198507697304,37.942443674134346,-0.11432319946374658,11.888970750749845
1182,0.2364,53.350872397895316,37.93383291095488,-0.12147905059471675,11.87698117821331
1183,0.2366,53.3425588853103,37.9270097720138,-0.12888201842768332,11.8659918358503
1184,0.2368,53.320893170417186,37.92039790831687,-0.13653137173915386,11.854907041980379
1185,0.237,53.309820066309136,37.9136223833531,-0.1444263672971653,11.843607832116106
1186,0.2372,53.300941417528364,37.90659558313294,-0.1525662498974958,11.832060494907427
1187,0.2374,53.29235268205658,37.899298125222074,-0.16095025240047445,11.820430472652806
1188,0.2376,53.283608679289436,37.89172669329588,-0.16957759576836384,11.808526719396621
1189,0.2378,53.26062041384827,37.8838817175711,-0.17844748910334385,11.796382224657476
1190,0.238,53.2471078073119,37.87576449091334,-0.1875591296860506,11.784040128699246
1191,0.2382,53.22134734822074,37.86737649985356,-0.19691170301469718,11.771406359847262
1192,0.2384,53.20758809754454,37.85871927096125,-0.206504382844777,11.757117481945482
1193,0.2386,53.19652318664356,37.84979433610921,-0.21633633122933382,11.741508298051269
1194,0.2388,53.185986803362894,37.84060322493021,-0.22640669855978857,11.72528375878598
1195,0.239,53.16026745908296,37.8311474634354,-0.2367146236073694,11.708616190986959
1196,0.2392,53.145713923137095,37.82142857399655,-0.2472592335650763,11.66589662126286
1197,0.2394,53.13380768150283,37.8114480579391,-0.2580396440902204,11.569766122415082
1198,0.2396,53.12224026184001,37.80120732097264,-0.2690549593475158,11.466176938725578
1199,0.2398,53.0965475094373,37.79070758249528,-0.280304272052768,11.373280504257394
1200,0.24,53.08048309890029,37.77995003255546,-0.29178666351705385,11.27990766835723
1201,0.2402,53.067254683824686,37.76893576650269,-0.3035012036915541,11.247244929923518
1202,0.2404,53.054481217176885,37.75766029868185,-0.31544695121281396,11.227647879985945
1203,0.2406,53.02652973883818,37.74612531912027,-0.32762295344868164,11.192895813902929
1204,0.2408,53.00986445572454,37.7343345953216,-0.340028246544704,11.151630141199487
1205,0.241,52.98183709315016,37.72229087765869,-0.35266185547112716,11.12596696031476
1206,0.2412,52.949933718375675,37.709996072466694,-0.3655227940703858,11.061308133743518
1207,0.2414,52.93179387316519,37.69745202118577,-0.378610065105204,11.034910988522117
1208,0.2416,52.916954381040775,37.68458229125699,-0.39192266030718237,11.01476621164759
1209,0.2418,52.88757725966059,37.67139752469417,-0.405459560425923,10.995549297575355
1210,0.242,52.869622158368074,37.64882801262409,-0.41921973527873924,10.916037776948022
1211,0.2422,52.84023684030046,37.62401686783089,-0.43320214380084376,10.8832674059705
1212,0.2424,52.822210367894606,37.59867238874859,-0.4474057340960993,10.836257083221948
1213,0.2426,52.79256294539487,37.575005644417594,-0.4618294434882637,10.781556726950786
1214,0.2428,52.77420444704362,37.559135019692015,-0.4764721985728171,10.687090374130044
1215,0.243,52.75831763701984,37.54466378870745,-0.4913329152692567,10.652146541161997
1216,0.2432,52.74182053971055,37.53028479726786,-0.5064104988739375,10.609185011574862
1217,0.2434,52.72458065480451,37.515732344927955,-0.5217038441134356,10.561461227614622
1218,0.2436,52.70697200087757,37.500953276870305,-0.5372118351983888,10.533422925256975
1219,0.2438,52.6890605846454,37.472460590094016,-0.5529333458779178,10.453800169542923
1220,0.244,52.67073038452783,37.452655919848176,-0.5688672394944954,10.423749530722237
1221,0.2442,52.65201095189932,37.435518909637956,-0.5850123690393509,10.383110623097004
1222,0.2444,52.63412058250608,37.40404439554793,-0.6013675772083609,10.292387879608718
1223,0.2446,52.602007059596644,37.36896672666239,-0.6179316964584789,10.256926114504825
1224,0.2448,52.580876742880065,37.34761461972535,-0.634703549064624,10.228127635683695
1225,0.245,52.56226897476883,37.32803383662488,-0.6516819471770843,10.14517302337427
1226,0.2452,52.543060698477056,37.29475821944574,-0.6688656928794163,10.05054080514465
1227,0.2454,52.523237885067715,37.2730294755921,-0.6862535782468058,10.016994082632078
1228,0.2456,52.50405391633177,37.25263980417137,-0.7038443854049881,9.935844139620087
1229,0.2458,52.48315981924794,37.233311910610205,-0.721636886589538,9.903028098416428
1230,0.246,52.460700267679144,37.21423282489302,-0.7396298442057994,9.881237596197437
1231,0.2462,52.44051713780524,37.195187987162114,-0.7578220108891056,9.8618956296153
1232,0.2464,52.4185691443942,37.17480183093301,-0.7762121295656517,9.839916158908297
1233,0.2466,52.39832094789918,37.155250202729874,-0.7947989335137065,9.81872672512478
1234,0.2468,52.36275428123212,37.13577024431183,-0.8135811464253973,9.798411630088303
1235,0.247,52.32326118619367,37.10222313080475,-0.8325574824688857,9.777672619054076
1236,0.2472,52.28279357652783,37.06436785933702,-0.8517266463510533,9.75653585502178
1237,0.2474,52.2575090188137,37.0403645344217,-0.8710873333805984,9.688902294084176
1238,0.2476,52.22055986461975,37.01963667022962,-0.8906382295316972,9.6583179110482
1239,0.2478,52.19595137696849,36.99954947476128,-0.9103780115079569,9.634426375338764
1240,0.248,52.159044702995324,36.970967262602265,-0.9303053468069793,9.612178419532496
1241,0.2482,52.11893301990452,36.93862327177077,-0.9504188937852791,9.589762857764686
1242,0.2484,52.077976187673926,36.90491718853194,-0.9707173017236808,9.566790105668279
1243,0.2486,52.051971938327604,36.870543812487895,-0.9911992108931251,9.543253906856055
1244,0.2488,52.014432157713046,36.84432830743354,-1.0118632526209863,9.519657022027477
1245,0.249,51.973984427847036,36.81265623337811,-1.0327080493577427,9.493741661415324
1246,0.2492,51.93282738998767,36.77832143366303,-1.0537322147441395,9.453549220669052
1247,0.2494,51.891445059027234,36.75337083799019,-1.0749343536787235,9.410223184829675
1248,0.2496,51.863835814980426,36.72946279555372,-1.0963130623858843,9.36573102557464
1249,0.2498,51.8403901186275,36.70547267737285,-1.1178669284842426,9.336781760156963
1250,0.25,51.81687436561762,36.68227313570283,-1.1395945310555016,9.311712763522284
1251,0.2502,51.79289491644085,36.650660425455,-1.1614944407136654,9.268744989644768
1252,0.2504,51.76980742204911,36.617217538775456,-1.1835652196747923,9.23376409166787
1253,0.2506,51.74708404416934,36.59014105952852,-1.2058054218269296,9.152541686589052
1254,0.2508,51.72438855880537,36.55511090466253,-1.2282135928007611,9.069439115268262
1255,0.251,51.70159101034046,36.52715462485102,-1.250788270040346,8.987732771432258
1256,0.2512,51.678649348674284,36.49150765100576,-1.2735279828744925,8.907425066975716
1257,0.2514,51.65555174294458,36.46492644137648,-1.2964312525884085,8.870189367854378
1258,0.2516,51.63229578217423,36.439351309787014,-1.3194965924957462,8.799571011673464
1259,0.2518,51.60888182455451,36.40080773990114,-1.3427225080111085,8.766122425546842
1260,0.252,51.58531102605263,36.35824125170395,-1.3661074967228704,8.723000827476
1261,0.2522,51.56158477108439,36.329753980503824,-1.38965004846637,8.630377177016186
1262,0.2524,51.53770364679682,36.304675232260976,-1.4133486453976052,8.571385468035654
1263,0.2526,51.51366890720162,36.280157813254824,-1.437201762067092,8.476719027457957
1264,0.2528,51.489068036584214,36.246457045441666,-1.4612078654943055,8.378031263355503
1265,0.253,51.46410475149904,36.21841898868946,-1.4853654152423545,8.335639801515132
1266,0.2532,51.438909323026984,36.177023648324614,-1.5096728634930683,8.275341202327645
1267,0.2534,51.413528561633775,36.132334810805354,-1.5341286551224402,8.209419060073143
1268,0.2536,51.38797706863956,36.086655757479534,-1.558731227776395,8.156192627842357
1269,0.2538,51.36231878078219,36.05583112744121,-1.5834790119469893,8.104779810007567
1270,0.254,51.33653533212451,36.017581631250486,-1.608370431048841,8.051567971460788
1271,0.2542,51.31101752430399,35.9883480333199,-1.633403901496023,8.01493665191478
1272,0.2544,51.28552462514799,35.95075982236267,-1.658577832779248,7.939948785553556
1273,0.2546,51.2599437281795,35.912285414695496,-1.6838906275433185,7.860528689383858
1274,0.2548,51.219859864981046,35.871986112214145,-1.7093406816650676,7.819948563547592
1275,0.255,51.190087841862294,35.842405038894505,-1.7349263843314664,7.744244864032469
1276,0.2552,51.160607364562935,35.815437524927496,-1.7606461181181938,7.687021997654157
1277,0.2554,51.13108719724142,35.779270007813444,-1.7864982590684408,7.648666385989742
1278,0.2556,51.10143446854514,35.73911383054556,-1.8124811767720344,7.595743638066904
1279,0.2558,51.07201980693875,35.70920634379773,-1.8385932344449611,7.55701543772328
1280,0.256,51.042665601233715,35.681467883302474,-1.8648327890090646,7.475498341185322
1281,0.2562,51.01289845454469,35.654044503462316,-1.8911981911722227,7.436027508000297
1282,0.2564,50.98529962961112,35.61683794395679,-1.9176877855086505,7.387332170370909
1283,0.2566,50.958171994628714,35.57741673470535,-1.944299910539597,7.349240448186148
1284,0.2568,50.930686360145515,35.547416065736165,-1.971032898814363,7.313590057487
1285,0.257,50.90326735193094,35.51946888016249,-1.997885076991536,7.2795144390411854
1286,0.2572,50.875823833412994,35.491910785395255,-2.024854765920557,7.1939596213345
1287,0.2574,50.84833649697513,35.46435334388049,-2.0519402807235667,7.082770047988047
1288,0.2576,50.82078929813376,35.4366796813737,-2.0791399308774903,6.982171946374536
1289,0.2578,50.793170554468624,35.39897585934855,-2.1064520202964823,6.873076777257685
1290,0.258,50.765472574828685,35.35728480823469,-2.1338748474145586,6.76810734918447
1291,0.2582,50.73768988900904,35.326019019878366,-2.161406705268535,6.662262117810881
1292,0.2584,50.70981845737815,35.29728992619564,-2.189045881581233,6.615831926880203
1293,0.2586,50.68181401375156,35.26895209526751,-2.2167906588448956,6.583831485428572
1294,0.2588,50.65367328220807,35.24065867888788,-2.2446393144049517,6.5549090995247425
1295,0.259,50.62493756737898,35.212316514454706,-2.27259012054395,6.525444256045864
1296,0.2592,50.59620899891979,35.17158277684936,-2.300641344565735,6.445465283976196
1297,0.2594,50.56705222773522,35.12755456801608,-2.328791248879963,6.356659734064484
1298,0.2596,50.53801442341761,35.08266918297994,-2.3570380910867055,6.270773348582917
1299,0.2598,50.50638737708426,35.037453097240444,-2.3853801240614736,6.190316003444104
1300,0.26,50.47661438651732,34.992267734377535,-2.413815596040286,6.096219578602087
1301,0.2602,50.44510106988286,34.9468579136152,-2.442342750705059,6.0032008484844965
1302,0.2604,50.41316531098447,34.9135891208804,-2.4709598272692608,5.912634063476724
1303,0.2606,50.37994522529594,34.88337982337106,-2.4996650605636557,5.824500870590289
1304,0.2608,50.347423959048655,34.85271104852442,-2.5284566811224005,5.738479630708706
1305,0.261,50.316996484192686,34.82164634324638,-2.55733291526926,5.654449403080107
1306,0.2612,50.284644473284104,34.77658621140069,-2.5862919852040145,5.572120064670367
1307,0.2614,50.25176107249838,34.72842702505134,-2.6153321090892097,5.4870056351296315
1308,0.2616,50.22089691483234,34.679710976920504,-2.6444515011368703,5.418970172363543
1309,0.2618,50.176517321209325,34.63096255213328,-2.6736483716956414,5.331738547235105
1310,0.262,50.14288852310795,34.5972934275977,-2.702920927337964,5.258569509315532
1311,0.2622,50.11163284478405,34.553742549516215,-2.732267370947505,5.187040418536067
1312,0.2624,50.08082310151872,34.5203044277645,-2.7616859018067084,5.137333807028875
1313,0.2626,50.0505227557852,34.474995608101224,-2.7911747156846136,5.103581236520407
1314,0.2628,50.01809044525382,34.441855802655795,-2.820732004924758,5.073488251400622
1315,0.263,49.98475396134129,34.411729150298164,-2.850355958533294,5.04553928893471
1316,0.2632,49.95106976802895,34.38207649080194,-2.880044762267209,5.015153930315368
1317,0.2634,49.91947058141915,34.33752017375476,-2.9097965987228647,4.982328133097107
1318,0.2636,49.88822151559785,34.30437202931385,-2.939609647424389,4.951879134543377
1319,0.2638,49.85472082889632,34.273999643807194,-2.9694820849126096,4.912419299801756
1320,0.264,49.82348965205445,34.24296484615363,-2.9994120848337875,4.857613750131758
1321,0.2642,49.79279808772953,34.21097552609624,-3.029397818028656,4.80834966234873
1322,0.2644,49.76222697853325,34.17981962390024,-3.059437452621623,4.739864026195631
1323,0.2646,49.73166365993688,34.14658911524004,-3.089529154109981,4.677292440350435
1324,0.2648,49.70107712331223,34.115125059513396,-3.1196710854533745,4.577987017556557
1325,0.265,49.670459490405875,34.084529036803,-3.149861407163345,4.508355628025163
1326,0.2652,49.639809511080934,34.054200734084546,-3.1800982773928967,4.4587599826943
1327,0.2654,49.609122979945155,34.02141852286433,-3.2103798520263744,4.4231695767713335
1328,0.2656,49.578398989585864,33.98990271067263,-3.240704284769255,4.374293460133679
1329,0.2658,49.54763807247685,33.95907839306345,-3.271069727238198,4.31128673238048
1330,0.266,49.51684130866796,33.928477376629075,-3.301474329051109,4.257551254982152
1331,0.2662,49.483184440746264,33.89791709291949,-3.331916237917293,4.20587152771483
1332,0.2664,49.44881295920142,33.85371004214871,-3.362393599727791,4.164433625740916
1333,0.2666,49.414704537184406,33.806441101334634,-3.3929045586457063,4.1258749310979494
1334,0.2668,49.38076118562723,33.77216655233138,-3.423447257196669,4.0665476735458395
1335,0.267,49.34687847052635,33.72693962224324,-3.4540198363593726,4.031168157897266
1336,0.2672,49.313020581666166,33.67795403178099,-3.484620435656132,3.993592046849004
1337,0.2674,49.27801871808776,33.64268313845938,-3.515247193243671,3.950861310920991
1338,0.2676,49.24248863727446,33.61071215618024,-3.545898246003724,3.8799371229247046
1339,0.2678,49.20677636705046,33.57953240973136,-3.576571729633954,3.809155946625439
1340,0.268,49.17100009641273,33.534687048386225,-3.6072657787387747,3.738945547459493
1341,0.2682,49.13639717423618,33.500419588886416,-3.637978526920238,3.6934511787686013
1342,0.2684,49.102362830285315,33.46856935594902,-3.668708106869068,3.643451686457424
1343,0.2686,49.068528990127994,33.437276317503944,-3.6994526504555933,3.597980577164689
1344,0.2688,49.03475469708468,33.40566729598498,-3.7302102888208566,3.556314939185495
1345,0.269,49.00099560576199,33.37371181561616,-3.7609791524677063,3.514676457241519
1346,0.2692,48.967239311325216,33.327713374587226,-3.79175737135183,3.475841999007512
1347,0.2694,48.933493282367536,33.29293852048136,-3.8225430749729936,3.4360201092418476
1348,0.2696,48.899762202055214,33.26105609742599,-3.853334392466165,3.396374960211545
1349,0.2698,48.86853850090735,33.22989220534148,-3.8841294526926733,3.357103815002113
1350,0.27,48.83783265905466,33.19889803051239,-3.914926384331469,3.3028875396537543
1351,0.2702,48.80722972429736,33.167938780373376,-3.945723315970245,3.2454428276313663
1352,0.2704,48.77664426101354,33.136740170397026,-3.9765183761967533,3.2018358878332362
1353,0.2706,48.74605949648449,33.09188755182107,-4.007309693689925,3.1544023416371383
1354,0.2708,48.7154735460531,33.042525430226625,-4.038095397311088,3.107136125513584
1355,0.271,48.68488772634716,32.99178495254846,-4.068873616195212,2.9963548580870647
1356,0.2712,48.65296744652127,32.955760235996145,-4.099642479842062,2.9160459489581303
1357,0.2714,48.62169469260075,32.92340541278892,-4.130400118207334,2.8239925349705257
1358,0.2716,48.59083135910027,32.87832635016553,-4.16114466179386,2.7872846145894483
1359,0.2718,48.55893090699,32.83027252638582,-4.19187424174268,2.721034278499345
1360,0.272,48.52648856134448,32.78159659757653,-4.222586989924153,2.6507611150453325
1361,0.2722,48.49499040492996,32.73287023826013,-4.253281039028964,2.6183314909951716
1362,0.2724,48.46399427583444,32.68424243459316,-4.283954522659195,2.578197860459023
1363,0.2726,48.43311424685305,32.63489355068904,-4.314605575419248,2.534607367652403
1364,0.2728,48.40226901046808,32.59985770925258,-4.345232333006776,2.4919931069004106
1365,0.273,48.37141578085774,32.56794921209113,-4.375832932303556,2.446236919805178
1366,0.2732,48.3405717587957,32.53553006308512,-4.406405511466249,2.415372220235281
1367,0.2734,48.30971821321799,32.502670474194424,-4.436948210017212,2.376163797904212
1368,0.2736,48.27889336788532,32.469596523784,-4.467459168935138,2.3469860607526103
1369,0.2738,48.2479762529558,32.43640763497065,-4.497936530745635,2.305395470312269
1370,0.274,48.20287558363498,32.4031302831611,-4.528378439611829,2.2753370883673436
1371,0.2742,48.153365297317144,32.37135042954291,-4.558783041424721,2.237058239997706
1372,0.2744,48.10376680473786,32.34032961360017,-4.589148483893664,2.194893074756653
1373,0.2746,48.06735841917619,32.30955878550137,-4.619472916636553,2.150540081764134
1374,0.2748,48.0197866952959,32.278456103612704,-4.649754491270022,2.1198536773184418
1375,0.275,47.96966331596731,32.24756348325361,-4.679991361499583,2.095105719539666
1376,0.2752,47.93392814488708,32.202710909909705,-4.710181683209544,2.063837625248248
1377,0.2754,47.88791601674262,32.1551578387205,-4.7403236145529375,2.0327244472242803
1378,0.2756,47.852330463043174,32.11966020119904,-4.770415316041315,2.005184416093277
1379,0.2758,47.80497136104702,32.073064271080796,-4.800454950634263,1.9745972077871872
1380,0.276,47.75611036892409,32.02411639297359,-4.83044068382914,1.94623371147163
1381,0.2762,47.70621465741398,31.989521552810437,-4.860370683750309,1.9068699912302036
1382,0.2764,47.65604413936152,31.944613477890982,-4.890243121238529,1.8769202335183301
1383,0.2766,47.62098399421755,31.896233337173417,-4.920056169940064,1.8486778532169397
1384,0.2768,47.589761398642366,31.8618630414072,-4.9498080063957,1.8079525884042817
1385,0.277,47.54440586871232,31.82827961181258,-4.979496810129634,1.7624386940177232
1386,0.2772,47.49565156380592,31.780298137529133,-5.00912076373816,1.7306776898708618
1387,0.2774,47.460949008336904,31.73204250975772,-5.038678052978305,1.6993251241757545
1388,0.2776,47.42965860140172,31.694600497332452,-5.06816686685622,1.6707009205352383
1389,0.2778,47.39916514547733,31.64553989466991,-5.097585397715413,1.597171759095425
1390,0.278,47.36915965808315,31.61062989887931,-5.126931841324955,1.5071498450512224
1391,0.2782,47.33937339791921,31.579453073485443,-5.1562043969672775,1.4096278026482907
1392,0.2784,47.30967318595314,31.535251014974506,-5.185401267526048,1.3832211363520204
1393,0.2786,47.26472300060427,31.498829113255358,-5.214520659573719,1.36132998809866
1394,0.2788,47.23127099767251,31.463089238917906,-5.243560783458904,1.337420646243282
1395,0.279,47.20081959119237,31.416802631881357,-5.272519853393677,1.3019135168680447
1396,0.2792,47.171198833993095,31.366200387500882,-5.301396087540527,1.2618257615479418
1397,0.2794,47.14185616056225,31.317633805527738,-5.330187708099263,1.2330160603872753
1398,0.2796,47.11265200804064,31.2676319170991,-5.358892941393667,1.1924157834591516
1399,0.2798,47.08355213046464,31.234046315667076,-5.38751001795786,1.1633768877600827
1400,0.28,47.05454835458303,31.1871861165859,-5.416037172622642,1.1348965298654643
1401,0.2802,47.02563450267761,31.137174758403084,-5.444472644601445,1.099078134293262
1402,0.2804,46.996809435636216,31.103703548202567,-5.472814677576213,1.0739434225289672
1403,0.2806,46.96806651009818,31.07407499116255,-5.501061519782974,1.050204591917295
1404,0.2808,46.93940422040406,31.031787026607184,-5.529211424097193,1.0144229015852928
1405,0.281,46.91082550227352,30.983573453966102,-5.557262648118978,0.9887070593409755
1406,0.2812,46.882332231387366,30.936307728144318,-5.585213454257967,0.9522747698728931
1407,0.2814,46.85392606263632,30.888590531020974,-5.613062109818023,0.9262028626287635
1408,0.2816,46.825608846988885,30.84065638205222,-5.640806887081695,0.9022950379627268
1409,0.2818,46.797353911321935,30.793011536754364,-5.6684460633943745,0.8782223638052358
1410,0.282,46.76914397822697,30.745308072707616,-5.69597792124836,0.8546001814502029
1411,0.2822,46.74097753858475,30.69761525825151,-5.723400748366437,0.8181885534300641
1412,0.2824,46.7128830841927,30.664933167257647,-5.750712837785429,0.7919094243470135
1413,0.2826,46.68489153522725,30.617845829433215,-5.777912487939361,0.7678175253823114
1414,0.2828,46.65701373146824,30.58553439849244,-5.804998002742362,0.731806129879164
1415,0.283,46.6292516807847,30.54006201424358,-5.831967691671374,0.6928883594441246
1416,0.2832,46.600486481106344,30.491189683940974,-5.858819869848556,0.6662730840374715
1417,0.2834,46.571283092435706,30.45533227574501,-5.885552858123322,0.6294172814887555
1418,0.2836,46.54309331876496,30.4068237838754,-5.912164983154277,0.5904206573647381
1419,0.2838,46.51550953357055,30.374247112004166,-5.938654577490697,0.5511579510003544
1420,0.284,46.48823545803623,30.345897652639835,-5.965019979653854,0.5247428424100025
1421,0.2842,46.44674520053661,30.317989239612245,-5.991259534217975,0.5011383505484406
1422,0.2844,46.40096449539038,30.27666714173773,-6.0173715918908925,0.4782138585378566
1423,0.2846,46.36954484736861,30.231296197930295,-6.043354509594495,0.4425868479187045
1424,0.2848,46.3404662167179,30.186300766510968,-6.069206650544725,0.41718141017546984
1425,0.285,46.31307063821751,30.13936944305311,-6.094926384331453,0.39452007632290753
1426,0.2852,46.272257187958736,30.094713545186544,-6.12051208699786,0.3726204027375162
1427,0.2854,46.24150240111473,30.064789766159482,-6.1459621411196,0.35098696160945186
1428,0.2856,46.212915339684145,30.038426351929285,-6.171274935883671,0.32947029654315996
1429,0.2858,46.17061204293431,30.013011372924947,-6.196448867166897,0.2957144778010159
1430,0.286,46.14056320551706,29.987936621872045,-6.221482337614086,0.2718886289139304
1431,0.2862,46.113830897456175,29.963059225039807,-6.246373756715938,0.2377762252214275
1432,0.2864,46.08807435215316,29.938325371513383,-6.271121540886524,0.21402986919169065
1433,0.2866,46.058359213381905,29.899244647917108,-6.295724113540487,0.1801177319883176
1434,0.2868,46.027794622402666,29.87013699211713,-6.3201799051698435,0.15665491561416278
1435,0.287,45.997011210078384,29.829761142728213,-6.344487353420556,0.13542278021833676
1436,0.2872,45.970554858822624,29.801756284377202,-6.368644903168613,0.10227061204471166
1437,0.2874,45.941665695608044,29.76172294108121,-6.392651006595827,0.06682273946148376
1438,0.2876,45.911683300535564,29.731185947952824,-6.416504123265321,0.043470616107918136
1439,0.2878,45.88140976164148,29.686434404878863,-6.440202720196549,0.010054209554743121
1440,0.288,45.851808011888835,29.658488834500012,-6.463745271940057,-0.012925755531338456
1441,0.2882,45.82630711444742,29.634783280356,-6.487130260651819,-0.03955307437540023
1442,0.2884,45.797413746669356,29.612190705252637,-6.510356176167173,-0.06346515392524354
1443,0.2886,45.772119712090365,29.589953363677232,-6.533421516074527,-0.08667676681426784
1444,0.2888,45.747892286159946,29.56789237417736,-6.556324785788427,-0.10961170139284837
1445,0.289,45.72397146443517,29.530366338665818,-6.579064498622573,-0.13235832480300846
1446,0.2892,45.68470450323443,29.490177841458262,-6.601639175862165,-0.15493450927181707
1447,0.2894,45.64166152284375,29.44965956499323,-6.62404734683599,-0.1773430083217189
1448,0.2896,45.61331563007497,29.409211191797333,-6.646287548988142,-0.1995832817276466
1449,0.2898,45.58447270714904,29.365156103057735,-6.668358327949254,-0.22165407622280098
1450,0.29,45.55556559296419,29.31959673309698,-6.690258237607418,-0.24355398926760463
1451,0.2902,45.53128197356495,29.28939906513198,-6.711985840178677,-0.26528159257669603
1452,0.2904,45.50837092097107,29.261939955757637,-6.7335397062770355,-0.28683545883567163
1453,0.2906,45.482095285254616,29.234821344975202,-6.754918414984203,-0.30821416757802433
1454,0.2908,45.45521554541102,29.20799468103372,-6.77612055391878,-0.3294163065203617
1455,0.291,45.43222855985988,29.18120840109977,-6.797144719305177,-0.35044047190848415
1456,0.2912,45.410278872104826,29.153828258203863,-6.8179895160419335,-0.3712852686456247
1457,0.2914,45.388721733414435,29.12608651226035,-6.838653557769794,-0.3919493103735707
1458,0.2916,45.36740741896907,29.09877365919948,-6.859135466939247,-0.41243121954304174
1459,0.2918,45.34630086629206,29.071626201666348,-6.87943387487764,-0.4327296274814403
1460,0.292,45.325330992436896,29.044344618237005,-6.8995474218559325,-0.45284317445973343
1461,0.2922,45.304583250515634,29.016984801892956,-6.919474757154969,-0.47277050975877044
1462,0.2924,45.284048707003535,28.98960618413414,-6.939214539131222,-0.49251029173502303
1463,0.2926,45.263719562146434,28.96223903906275,-6.958765435282322,-0.5120611878861228
1464,0.2928,45.24359339819652,28.93491325354386,-6.978126122311873,-0.531421874915674
1465,0.293,45.223662437893594,28.90763751809614,-6.997295286194035,-0.5505910387978354
1466,0.2932,45.203923948202096,28.880416764016417,-7.01627162223753,-0.5695673748413306
1467,0.2934,45.184385491732584,28.85319140319732,-7.03505383514922,-0.5883495877530205
1468,0.2936,45.165051256695854,28.808752087722308,-7.0536406390972815,-0.6069363917010824
1469,0.2938,45.14592058699046,28.78315022127605,-7.07203075777382,-0.6253265103776213
1470,0.294,45.12699225307624,28.762493138599417,-7.0902229244571195,-0.6435186770609205
1471,0.2942,45.10826837711091,28.74309994272675,-7.108215882073382,-0.6615116346771828
1472,0.2944,45.08975189192263,28.724039928178865,-7.126008383257939,-0.6793041358617398
1473,0.2946,45.07144493386787,28.70509863391364,-7.143599190416113,-0.6968949430199141
1474,0.2948,45.05334876617121,28.662508454425744,-7.16098707578351,-0.7142828283873106
1475,0.295,45.035464944418926,28.637881714120304,-7.1781708214858355,-0.7314665740896364
1476,0.2952,45.017793957775005,28.61789494634357,-7.195149219598295,-0.7484449722020958
1477,0.2954,45.000336561275944,28.594823353605058,-7.211921072204441,-0.7652168248082418
1478,0.2956,44.98306879968935,28.5702441795008,-7.228485191454559,-0.7817809440583599
1479,0.2958,44.96602225557351,28.5264308466841,-7.244840399623575,-0.798136152227376
1480,0.296,44.94919343495562,28.478720220823085,-7.260985529168425,-0.8142812817722263
1481,0.2962,44.92856099892316,28.43549849708943,-7.276919422785002,-0.830215175388803
1482,0.2964,44.90724868776237,28.394958592247168,-7.292640933464531,-0.8459366860683319
1483,0.2966,44.88600169175567,28.355473643336452,-7.30814892454949,-0.8614446771532913
1484,0.2968,44.86496946433236,28.31683200968529,-7.323442269788982,-0.8767380223927832
1485,0.297,44.84819463588862,28.278790535725804,-7.338519853393664,-0.8918156059974649
1486,0.2972,44.832569657958935,28.241229888516404,-7.35338057009011,-0.9066763226939107
1487,0.2974,44.817386106105246,28.203931100319963,-7.368023325174662,-0.9213190777784632
1488,0.2976,44.80247850545807,28.16707081593973,-7.3824470345668205,-0.9357427871706214
1489,0.2978,44.78780764715942,28.130753777394574,-7.396650624862076,-0.949946377465877
1490,0.298,44.773364539620715,28.094970434485383,-7.4106330333841814,-0.9639287859879824
1491,0.2982,44.75914761425325,28.059699632664508,-7.424393208237003,-0.9776889608408039
1492,0.2984,44.74515702437339,28.024939301729606,-7.437930108355744,-0.9912258609595446
1493,0.2986,44.731393387943285,27.99068649157863,-7.451242703557717,-1.0045384561615176
1494,0.2988,44.717857289278996,27.95693487837957,-7.46432997459254,-1.0176257271963411
1495,0.299,44.7004591189901,27.923693238229585,-7.477190913191793,-1.0304866657955936
1496,0.2992,44.68128658511872,27.890955937674157,-7.489824522118221,-1.043120274722022
1497,0.2994,44.661615410974996,27.858714456662998,-7.502229815214239,-1.05552556781804
1498,0.2996,44.64191816986126,27.822521743195622,-7.514405817450106,-1.0677015700539068
1499,0.2998,44.62236961864406,27.789241117145615,-7.526351564971372,-1.0796473175751728
1500,0.3,44.60303461279533,27.75755161339034,-7.538066105145867,-1.0913618577496678
1501,0.3002,44.585041781174574,27.743053443131913,-7.549548496610157,-1.102844249213958
1502,0.3004,44.56780939443702,27.714693360231873,-7.560797809315409,-1.1140935619192103
1503,0.3006,44.55436828779837,27.701744849812265,-7.5718131245727,-1.1251088771765012
1504,0.3008,44.5425992624765,27.674057212577125,-7.582593535097844,-1.1358892877016453
1505,0.301,44.53152456495146,27.661647801992583,-7.593138145055551,-1.1464338976593522
1506,0.3012,44.5208050094984,27.64744600741937,-7.603446070103137,-1.1567418227069375
1507,0.3014,44.494790245123845,27.636435234448726,-7.613516437433587,-1.1668121900373878
1508,0.3016,44.465137934497264,27.605160755403926,-7.623348385818139,-1.1766441384219402
1509,0.3018,44.450159986045335,27.591503197656337,-7.6329410656482235,-1.1862368182520244
1510,0.302,44.42479977243165,27.57787880589637,-7.64229363897687,-1.195589391580671
1511,0.3022,44.41032450015754,27.562928953047646,-7.65140527955958,-1.2047010321633813
1512,0.3024,44.3982834152225,27.552276116791155,-7.660275172894561,-1.2135709254983622
1513,0.3026,44.386878563469445,27.52081099118101,-7.66890251626245,-1.2221982688662507
1514,0.3028,44.376895089480236,27.490314421260535,-7.677286518765429,-1.2305822713692303
1515,0.303,44.367705771691774,27.456351178598613,-7.685426401365755,-1.2387221539695563
1516,0.3032,44.35771705563001,27.44378368338204,-7.693321396923771,-1.2466171495275722
1517,0.3034,44.33294442655316,27.436216435003274,-7.700970750235242,-1.2542665028390427
1518,0.3036,44.304775163118684,27.429951923155947,-7.708373718068204,-1.2616694706720049
1519,0.3038,44.291628626058184,27.424162141535334,-7.715529569199177,-1.2688253218029777
1520,0.304,44.26814139033423,27.41796452709281,-7.722437584448784,-1.2757333370525847
1521,0.3042,44.24256961050937,27.411588387925413,-7.729097056716839,-1.2823928093206396
1522,0.3044,44.23114413274499,27.386863444092544,-7.735507291016772,-1.2888030436205726
1523,0.3046,44.208944409864905,27.377244328033008,-7.74166760450953,-1.294963357113331
1524,0.3048,44.198701763890476,27.358069203462804,-7.747577326536857,-1.3008730791406578
1525,0.305,44.1771183450332,27.33661187974661,-7.753235798653948,-1.3065315512577493
1526,0.3052,44.15307219895712,27.31461507475705,-7.758642374661586,-1.3119381272653872
1527,0.3054,44.12873546460055,27.291366360690247,-7.763796420637596,-1.317092173241397
1528,0.3056,44.103602922708085,27.267829271398362,-7.768697314967783,-1.3219930675715839
1529,0.3058,44.09247226119192,27.258898057502932,-7.773344448376183,-1.326640200979984
1530,0.306,44.071669192553074,27.253692262976763,-7.777737223954796,-1.331032976558597
1531,0.3062,44.04800516619739,27.2495940632312,-7.781875057192662,-1.3351708097964625
1532,0.3064,44.023708681197164,27.245913219862636,-7.7857573760043435,-1.3390531286081444
1533,0.3066,44.01468362622501,27.24246983457206,-7.789383620757819,-1.3426793733616202
1534,0.3068,44.00967757086174,27.239277038753816,-7.79275324430177,-1.3460489969055711
1535,0.307,43.990551690863576,27.236349857347548,-7.795865711992205,-1.3491614645960057
1536,0.3072,43.98224869930908,27.233691286866726,-7.79872050171857,-1.352016254322371
1537,0.3074,43.9624053784339,27.21686350042914,-7.801317103929165,-1.3546128565329658
1538,0.3076,43.95417160942281,27.196925505119854,-7.8036550216559775,-1.3569507742597784
1539,0.3078,43.93473000230932,27.190854014274333,-7.805733770538924,-1.3590295231427252
1540,0.308,43.92813987380201,27.188321684135175,-7.807552878849433,-1.3608486314532335
1541,0.3082,43.91077708162775,27.186847417629224,-7.8091118875134535,-1.3624076401172545
1542,0.3084,43.90532609074602,27.18581367308922,-7.810410350133832,-1.3637061027376332
1543,0.3086,43.90289716346765,27.183892036706627,-7.811447833012048,-1.364743585615849
1544,0.3088,43.90060251996569,27.181681418206853,-7.812223915169375,-1.3655196677731762
1545,0.309,43.89390208067195,27.179532071926182,-7.8127381883673825,-1.3660339409711835
1546,0.3092,43.891570833450125,27.178830226657265,-7.812990257127844,-1.3662860097316445
1547,0.3094,43.890600251298885,27.178938397531297,-7.812979738752006,-1.3662754913558066
1548,0.3096,43.885735851765254,27.179490873310442,-7.81270626333924,-1.3660020159430406
1549,0.3098,43.87947274915311,27.180355620452193,-7.812169473805073,-1.3654652264088742
1550,0.31,43.872970558456664,27.181503604922575,-7.811369025898595,-1.3646647785023962
1551,0.3102,43.866610362535255,27.182922302235614,-7.8103045882192275,-1.3636003408230284
1552,0.3104,43.86568253785044,27.18336446097861,-7.808975842232885,-1.3622715948366864
1553,0.3106,43.861995099074406,27.183512809082192,-7.8073824822874895,-1.3606782348912905
1554,0.3108,43.85801149701829,27.170478786608697,-7.805524215627886,-1.3588199682316873
1555,0.311,43.8586701436854,27.154708403567636,-7.803400762410087,-1.3566965150138879
1556,0.3112,43.856241940949474,27.13862101341445,-7.801011855714929,-1.35430760831873
1557,0.3114,43.85351682147955,27.124045354720003,-7.798357241561079,-1.3516529941648798
1558,0.3116,43.851068714273154,27.11058359820284,-7.795436678917404,-1.3487324315212046
1559,0.3118,43.849006285323185,27.09781293104982,-7.792249939714731,-1.3455456923185318
1560,0.312,43.84656584842486,27.0854069621232,-7.788796808856953,-1.3420925614607535
1561,0.3122,43.84413135879579,27.086334712353768,-7.785077084231522,-1.3383728368353225
1562,0.3124,43.84193117360673,27.09034327933019,-7.781090576719287,-1.3343863293230882
1563,0.3126,43.845038064306934,27.09522542955038,-7.776837110203724,-1.3301328628075249
1564,0.3128,43.84884972108342,27.10050372665246,-7.772316521579512,-1.325612274183313
1565,0.313,43.85362395100733,27.10607573789961,-7.767528660760484,-1.320824413364285
1566,0.3132,43.858922073869856,27.111893336357014,-7.762473390686944,-1.315769143290745
1567,0.3134,43.864543423465896,27.117958337062703,-7.757150587332346,-1.3104463399361466
1568,0.3136,43.87042247970235,27.124275377168637,-7.751560139709337,-1.304855892313138
1569,0.3138,43.876528669753725,27.130808023413127,-7.745701949875172,-1.2989977024789727
1570,0.314,43.882865193240896,27.13754193432691,-7.739575932936477,-1.2928716855402778
1571,0.3142,43.88865550906217,27.14450135545394,-7.733182017053399,-1.2864777696571998
1572,0.3144,43.894334949104085,27.15168287000281,-7.7265201434431,-1.2798158960469008
1573,0.3146,43.89588100954718,27.15908141056699,-7.719590266382623,-1.2728860189864237
1574,0.3148,43.8968271255396,27.166694502411115,-7.712392353211121,-1.265688105814922
1575,0.315,43.89794451086808,27.174558127823673,-7.70492638433145,-1.2582221369352506
1576,0.3152,43.899391473510164,27.18268632465919,-7.697192353211121,-1.250488105814922
1577,0.3154,43.90614669596064,27.191082977527998,-7.689190266382623,-1.2424860189864235
1578,0.3156,43.914403762276145,27.199748810919537,-7.6809201434431,-1.2342158960469005
1579,0.3158,43.92321425503289,27.20867247268624,-7.6723820170533985,-1.2256777696571994
1580,0.316,43.93234660779784,27.21785225032683,-7.663575932936476,-1.2168716855402772
1581,0.3162,43.940878527047644,27.227287676902588,-7.65450194987517,-1.2077977024789712
1582,0.3164,43.95009018056789,27.23697941598992,-7.645160139709337,-1.198455892313138
1583,0.3166,43.95973157096117,27.246928132705726,-7.635550587332345,-1.1888463399361457
1584,0.3168,43.969642096933285,27.257134309019847,-7.625673390686942,-1.1789691432907432
1585,0.317,43.97980846797792,27.267598085812615,-7.615528660760482,-1.168824413364283
1586,0.3172,43.99016645105294,27.278319359682012,-7.605116521579511,-1.1584122741833118
1587,0.3174,43.99997633056528,27.284504085096312,-7.594437110203723,-1.1477328628075236
1588,0.3176,44.00961804564378,27.269257666316868,-7.583490576719287,-1.1367863293230878
1589,0.3178,44.01933093854104,27.273647468239993,-7.57227708423152,-1.125572836835321
1590,0.318,44.02495005714272,27.283190473512946,-7.560796808856952,-1.1140925614607529
1591,0.3182,44.03497121296807,27.294192423167534,-7.549049939714729,-1.1023456923185302
1592,0.3184,44.04629221715422,27.28580826861292,-7.537036678917401,-1.090332431521202
1593,0.3186,44.058140187289084,27.274000372914756,-7.524757241561076,-1.078052994164877
1594,0.3188,44.07032131747073,27.281617086561045,-7.512211855714929,-1.0655076083187298
1595,0.319,44.0784969383244,27.292966426389526,-7.499400762410084,-1.052696515013885
1596,0.3192,44.08522605097525,27.305020830206722,-7.486324215627885,-1.039619968231686
1597,0.3194,44.09601058367714,27.31724079322252,-7.472982482287488,-1.026278234891289
1598,0.3196,44.10782307272266,27.32950347549705,-7.459375842232882,-1.0126715948366831
1599,0.3198,44.120008722277134,27.342136368532163,-7.445504588219226,-0.9988003408230268
1600,0.32,44.13245573480213,27.355129771953628,-7.431369025898592,-0.9846647785023928
1601,0.3202,44.14512506418049,27.347519919345988,-7.416969473805071,-0.9702652264088716
1602,0.3204,44.15797805787503,27.35642913737347,-7.402306263339234,-0.9556020159430352
1603,0.3206,44.17182663054815,27.369210619585907,-7.387379738752002,-0.9406754913558029
1604,0.3208,44.18629368204143,27.383107348402113,-7.3721902571278415,-0.9254860097316424
1605,0.321,44.201112627717706,27.397467945790822,-7.356738188367379,-0.9100339409711795
1606,0.3212,44.21620383856598,27.412138097548816,-7.341023915169371,-0.8943196677731722
1607,0.3214,44.230817963235246,27.42684009700239,-7.325047833012044,-0.8783435856158448
1608,0.3216,44.24102754505419,27.44164758167191,-7.308810350133828,-0.8621061027376289
1609,0.3218,44.25547955868199,27.456616360825283,-7.292311887513451,-0.8456076401172519
1610,0.322,44.27127313271424,27.472036013266642,-7.275552878849431,-0.8288486314532317
1611,0.3222,44.287620657258756,27.48784810622472,-7.25853377053892,-0.8118295231427206
1612,0.3224,44.303491439700515,27.50397795901611,-7.241255021655975,-0.7945507742597755
1613,0.3226,44.31503626990859,27.520406863425475,-7.223717103929163,-0.7770128565329637
1614,0.3228,44.33004734504653,27.537118470245694,-7.205920501718567,-0.759216254322368
1615,0.323,44.34596329179925,27.52931908908392,-7.187865711992202,-0.7411614645960025
1616,0.3232,44.36302336439015,27.51616253356648,-7.169553244301768,-0.7228489969055687
1617,0.3234,44.38073028297022,27.502646621127052,-7.150983620757816,-0.7042793733616168
1618,0.3236,44.3980709370885,27.490014078442726,-7.13215737600434,-0.6854531286081409
1619,0.3238,44.41114423875223,27.478185237397653,-7.113075057192659,-0.6663708097964598
1620,0.324,44.428411997564254,27.485848232827202,-7.093737223954793,-0.6470329765585943
1621,0.3242,44.44699752446966,27.478449590353726,-7.07414444837618,-0.6274402009799811
1622,0.3244,44.465283257941266,27.468734182384193,-7.054297314967776,-0.6075930675715773
1623,0.3246,44.47938667203002,27.48217049638378,-7.034196420637593,-0.5874921732413938
1624,0.3248,44.49768528481163,27.501478423350648,-7.013842374661583,-0.5671381272653839
1625,0.325,44.51242003187604,27.522408390182196,-6.993235798653945,-0.546531551257746
1626,0.3252,44.527261890401235,27.54391621107475,-6.9723773265368525,-0.5256730791406534
1627,0.3254,44.542481387031685,27.5642833096606,-6.9512676045095265,-0.5045633571133274
1628,0.3256,44.55810469133241,27.585552223924545,-6.9299072910167645,-0.48320304362056543
1629,0.3258,44.57334265821769,27.606013258321752,-6.908297056716831,-0.4615928093206323
1630,0.326,44.58857583468537,27.626072004618972,-6.886437584448776,-0.43973333705257733
1631,0.3262,44.60402126614313,27.64740595584164,-6.864329569199169,-0.4176253218029702
1632,0.3264,44.624499145881465,27.669462303329272,-6.841973718068196,-0.39526947067199725
1633,0.3266,44.641645753627145,27.69194150558409,-6.819370750235238,-0.37266650283903857
1634,0.3268,44.65813980226066,27.7144322279893,-6.796521396923767,-0.3498171495275679
1635,0.327,44.67541970820169,27.736972068635232,-6.773426401365751,-0.32672215396955195
1636,0.3272,44.6925173603798,27.759926642120323,-6.750086518765421,-0.30338227136922225
1637,0.3274,44.71436975553041,27.78326424202325,-6.726502516262442,-0.2797982688662426
1638,0.3276,44.73759787457865,27.806912820055565,-6.702675172894552,-0.2559709254983531
1639,0.3278,44.761351711383796,27.83083201385097,-6.678605279559572,-0.231901032163373
1640,0.328,44.78541748539094,27.855004271181187,-6.654293638976862,-0.20758939158066259
1641,0.3282,44.80974096286989,27.879408624297078,-6.6297410656482185,-0.18303681825201945
1642,0.3284,44.834307866162064,27.904106806346938,-6.604948385818134,-0.15824413842193508
1643,0.3286,44.85911391747056,27.929132530085425,-6.579916437433582,-0.1332121900373826
1644,0.3288,44.88027496814035,27.954506288818486,-6.554646070103128,-0.10794182270692865
1645,0.329,44.900889089485396,27.97884237740425,-6.5291381450555415,-0.08243389765934239
1646,0.3292,44.92090032456639,27.989277290136283,-6.5033935350978345,-0.056689287701635394
1647,0.3294,44.94077973977225,28.011833161391827,-6.47741312457269,-0.03070887717649118
1648,0.3296,44.96079620427973,28.037663289549005,-6.451197809315395,-0.004493561919195699
1649,0.3298,44.98559964544829,28.06447698525759,-6.424748496610152,0.021955750786046835
1650,0.33,45.0117517225492,28.077848506017187,-6.3980661051458565,0.029291937668693535
1651,0.3302,45.03839582207085,28.087037788463967,-6.371151564971361,0.04780015053153264
1652,0.3304,45.06457992950118,28.0951997958248,-6.344005817450095,0.028389903294861796
1653,0.3306,45.09069297610344,28.116901373744195,-6.316629815214229,0.04054834117490902
1654,0.3308,45.116876499486494,28.128097531024743,-6.289024522118205,0.062061985354731064
1655,0.331,45.14392082009271,28.152156653145468,-6.261190913191783,0.08645012286708464
1656,0.3312,45.17149222757569,28.1796167227873,-6.233129974592524,0.11184061361374464
1657,0.3314,45.19934695887704,28.20307840629538,-6.204842703557711,0.12159427155977731
1658,0.3316,45.22738844445367,28.224553463259475,-6.176330108355738,0.12720983531586594
1659,0.3318,45.25558382025342,28.245143655751924,-6.147593208236992,0.13165120016594223
1660,0.332,45.26861562116149,28.26529781709346,-6.1186330333841745,0.15207672455177956
1661,0.3322,45.278021786126274,28.285199437862357,-6.08945062486207,0.10723274639955349
1662,0.3324,45.30100394619793,28.310207338873767,-6.060047034566815,0.047267932521948275
1663,0.3326,45.31330437486673,28.337688090441947,-6.030423325174656,0.05164318072973906
1664,0.3328,45.323394631705376,28.36600109423859,-6.0005805700901025,0.07336196912865223
1665,0.333,45.34851559458639,28.39472401266193,-5.970519853393657,0.040537389188675554
1666,0.3332,45.36232601618165,28.423686489366645,-5.940242269788976,0.021427991459514573
1667,0.3334,45.388707583420796,28.4528438832682,-5.909748924549484,0.03807186993182654
1668,0.3336,45.41840741572772,28.48217287668747,-5.879040933464524,0.06428597068673358
1669,0.3338,45.44907849262318,28.51171364930792,-5.848119422785001,0.04193746639123663
1670,0.334,45.48013084360849,28.541483270802697,-5.816985529168412,0.0581093049727075
1671,0.3342,45.4961831497184,28.571246752804562,-5.785640399623568,0.08465292609042407
1672,0.3344,45.52383412833546,28.57706850705617,-5.754085191454559,0.11410985317434008
1673,0.3346,45.554578520760764,28.60113424070913,-5.722321072204434,0.07988314004617258
1674,0.3348,45.586253480781224,28.62498317472888,-5.690349219598288,0.09386233456022985
1675,0.335,45.60303313213325,28.652732808385412,-5.658170821485822,0.1207485881431678
1676,0.3352,45.61638433958648,28.677572287313474,-5.625787075783497,0.15117741587506028
1677,0.3354,45.62908572502035,28.705774694220118,-5.5931991904161125,0.182350327588237
1678,0.3356,45.657003712182316,28.735928561325267,-5.560408383257925,0.14905888246352905
1679,0.3358,45.67375610198057,28.766953059143408,-5.527415882073374,0.10046904457144823
1680,0.336,45.70303306611036,28.779529941068848,-5.494222924457112,0.11184492443546112
1681,0.3362,45.73561521011205,28.807278458171076,-5.460830757773807,0.1390463330473528
1682,0.3364,45.75410044890709,28.83852590947351,-5.427240639097267,0.1702423205436263
1683,0.3366,45.769308154077805,28.84707321324959,-5.393453835149205,0.2022494013668572
1684,0.3368,45.798749199616644,28.849980334084844,-5.359471622237514,0.1680206720153179
1685,0.337,45.83183470140887,28.87525463385638,-5.32529528619402,0.18268813312082655
1686,0.3372,45.86594091346217,28.888120777828586,-5.290926122311864,0.1454324685366699
1687,0.3374,45.88535713064948,28.912242720548978,-5.256365435282314,0.15971769546718173
1688,0.3376,45.91623011865567,28.94254352879375,-5.221614539131213,0.1880421011469653
1689,0.3378,45.94596101009134,28.97490381070009,-5.186674757154954,0.2199132174423606
1690,0.338,45.9797389538459,29.008048280100923,-5.151547421855924,0.25248289246852007
1691,0.3382,46.01467734988299,29.037042194953738,-5.116233874877625,0.28540888345006543
1692,0.3384,46.03487530128614,29.04609083704256,-5.080735466939231,0.31807008767499356
1693,0.3386,46.06658313199858,29.07351422855258,-5.045053557769778,0.2840777778065098
1694,0.3388,46.100657136815954,29.105952874114642,-5.009189516041925,0.2988506856849851
1695,0.339,46.13590974542361,29.139520169457818,-4.973144719305154,0.32737892898254284
1696,0.3392,46.167530732672525,29.173423168573827,-4.936920553918771,0.3598506648222113
1697,0.3394,46.2024786023708,29.1848297838031,-4.9005184149841865,0.377739778987646
1698,0.3396,46.238427952756844,29.191065863514773,-4.8639397062770175,0.39219015525630674
1699,0.3398,46.27127528333544,29.21911837243478,-4.82718584017866,0.40602302751589603
1700,0.34,46.307075705598905,29.230413200758804,-4.7902582376074,0.42006927325534615
1701,0.3402,46.339638069476514,29.25977199286848,-4.7531583279492295,0.4500303299316428
1702,0.3404,46.371527514996835,29.27990669495299,-4.715887548988125,0.48422399907026836
1703,0.3406,46.40742842785052,29.293741868558463,-4.678447346835973,0.5195847727537322
1704,0.3408,46.44449555985772,29.30545924706913,-4.640839175862149,0.5396334253055901
1705,0.341,46.477923930292455,29.321282716008056,-4.6030644986225635,0.571513044497479
1706,0.3412,46.510545278441086,29.334586445355953,-4.565124785788409,0.6066303836304763
1707,0.3414,46.54705766361083,29.346488878180683,-4.527021516074501,0.6270600027870907
1708,0.3416,46.58071836514954,29.371837583546597,-4.488756176167171,0.6596410618502242
1709,0.3418,46.61775771518134,29.390627822322223,-4.450330260651809,0.6955672681809646
1710,0.342,46.65579658469087,29.421515953992444,-4.411745271940047,0.6676441019440555
1711,0.3422,46.694194652890424,29.438816428471924,-4.3730027201965385,0.6881113707191582
1712,0.3424,46.732796441456614,29.467219818899384,-4.334104123265311,0.72101815586278
1713,0.3426,46.77153098715795,29.479658023792155,-4.295051006595817,0.6923839250525292
1714,0.3428,46.8098250558744,29.510337456112396,-4.255844903168604,0.7128433872536992
1715,0.343,46.844683370003835,29.524072166647215,-4.216487353420545,0.7310596277805126
1716,0.3432,46.88274907313341,29.55539243889499,-4.176979905169841,0.7486888036728114
1717,0.3434,46.917932063703965,29.591606401854584,-4.137324113540477,0.7656852461659911
1718,0.3436,46.95254526659605,29.629259390674648,-4.097521540886513,0.7822830033384149
1719,0.3438,46.99097982423024,29.667421621039924,-4.057573756715928,0.7983354515532413
1720,0.344,47.02669520117911,29.691703102494106,-4.017482337614076,0.8135815406969011
1721,0.3442,47.06183059386753,29.72697553787269,-3.9772488671668773,0.8279069577203138
1722,0.3444,47.10015920700064,29.764993501297916,-3.93687493588366,0.8422622954345584
1723,0.3446,47.13608970713538,29.789779631012564,-3.8963621411195812,0.8554155321987378
1724,0.3448,47.17535711958346,29.811795074529662,-3.855712086997849,0.8832095371947326
1725,0.345,47.21506466593866,29.847184546041376,-3.81492638433145,0.898518036371684
1726,0.3452,47.254861211702256,29.885809617986826,-3.7740066505447136,0.9090404409085311
1727,0.3454,47.29527982685244,29.925347837396483,-3.732954509594475,0.9172820162717312
1728,0.3456,47.3355121766795,29.94990783117104,-3.6917715918908733,0.9421703051998755
1729,0.3458,47.376224066343724,29.985907757784343,-3.650459534217955,0.8983455575038155
1730,0.346,47.416699510846264,30.02465436417963,-3.609019979653851,0.8380049206027342
1731,0.3462,47.45710112004338,30.043825561008834,-3.567454577490676,0.7779403132346858
1732,0.3464,47.48380937131342,30.062364232055074,-3.5257649831542652,0.722933550842352
1733,0.3466,47.521291127725725,30.078152150875525,-3.4839528581233097,0.67831813173862
1734,0.3468,47.5587967074329,30.112731569812556,-3.4420198698485436,0.6398099296669262
1735,0.347,47.59603168476519,30.13821287276008,-3.3999676916713706,0.607312530056805
1736,0.3472,47.63677673970383,30.15804799438256,-3.357798002742341,0.5804268790892362
1737,0.3474,47.67849253249389,30.1796491946133,-3.3155124879393396,0.5553754663867236
1738,0.3476,47.719984786100824,30.20105131850236,-3.2731128377854075,0.5309206459479823
1739,0.3478,47.76133933667325,30.23778022973087,-3.2306007483664154,0.5598146348920694
1740,0.348,47.802653320646634,30.258741622601725,-3.187977921248348,0.5854221158724324
1741,0.3482,47.844022068084335,30.295145328629363,-3.145246063394362,0.6098149838108293
1742,0.3484,47.88543970792047,30.335666237607448,-3.1024068870816732,0.629587963401351
1743,0.3486,47.92738345682684,30.37735382479291,-3.0594621098180013,0.6664118405992534
1744,0.3488,47.96958034475094,30.399594507051013,-3.016413454257945,0.6517347135035898
1745,0.349,48.0119278224991,30.4328362491916,-2.9732626481189555,0.6252629248248409
1746,0.3492,48.054355867321,30.47184897171887,-2.9300114240971613,0.652823579575208
1747,0.3494,48.09586439859672,30.509397325429024,-2.8866615197829515,0.6931648469732625
1748,0.3496,48.12238426644967,30.54604682581865,-2.8432146775761815,0.7348127604507781
1749,0.3498,48.16081244328451,30.582108150296797,-2.799672644601423,0.7631517787456767
1750,0.35,48.20145688689484,30.618116619705123,-2.7560371726226194,0.7884310353719868
1751,0.3502,48.228969554282315,30.64183571622694,-2.7123100179578365,0.8130664723277721
1752,0.3504,48.25277262279443,30.66038519741976,-2.6684929413936445,0.852449354853986
1753,0.3506,48.29108829343796,30.696694404464168,-2.6245877080992495,0.8955169186488154
1754,0.3508,48.317787845412106,30.71833799256281,-2.580596087540495,0.9247245730825635
1755,0.351,48.356997111035895,30.755506302931593,-2.5365198533936537,0.9513417472570629
1756,0.3512,48.399480271042655,30.796911180644354,-2.4923607834588903,0.9771518128587953
1757,0.3514,48.427529582352456,30.824080851776728,-2.4481206595737044,1.0171897942745494
1758,0.3516,48.46737600146329,30.863586136737876,-2.4038012675260343,1.0601746873446354
1759,0.3518,48.510292153306736,30.90593113409873,-2.359404396967263,1.1043113486807248
1760,0.352,48.53966704126024,30.930125806471658,-2.31493184132495,1.148875431953022
1761,0.3522,48.58020746178369,30.968385927290207,-2.2703853977153994,1.193155811196213
1762,0.3524,48.62248927768081,31.01047914174529,-2.225766866856205,1.2372115877860517
1763,0.3526,48.66498388297935,31.053653782635603,-2.1810780529782905,1.2673014415318031
1764,0.3528,48.7085170373662,31.093662967966853,-2.136320763738146,1.2942318189611248
1765,0.353,48.73808175760005,31.135792230992834,-2.091496810129619,1.3344573703654086
1766,0.3532,48.763437914105474,31.160694504739407,-2.046608006395685,1.3634622431809424
1767,0.3534,48.80310649611646,31.199611587204167,-2.0016561699400484,1.4047488572719862
1768,0.3536,48.83104658986299,31.223948840680922,-1.9566431212385047,1.4491384434167651
1769,0.3538,48.87147275589963,31.262821809050298,-1.911570683750294,1.4943363724559178
1770,0.354,48.89983732477989,31.30188361983139,-1.8664406838291252,1.5396543026245784
1771,0.3542,48.94052452744833,31.326000686520374,-1.821254950634247,1.584520035976107
1772,0.3544,48.98436331020654,31.347479517976716,-1.7760153160412897,1.6297049537529218
1773,0.3546,49.01366551838267,31.369327136307376,-1.730723614552922,1.6597801715988505
1774,0.3548,49.054687538107515,31.392012448050604,-1.6853816832095188,1.7010000269299197
1775,0.355,49.09874961215653,31.41554111400482,-1.639991361499558,1.683457706968107
1776,0.3552,49.12934235381346,31.439774754141826,-1.5945544912699963,1.6520848413246743
1777,0.3554,49.15643308028148,31.464521208742894,-1.5490729166365376,1.6181302192987395
1778,0.3556,49.18319066766703,31.489684171729404,-1.5035484838936382,1.5866466836959245
1779,0.3558,49.209791503069525,31.515369893771172,-1.4579830414247046,1.6138318307767836
1780,0.356,49.23690502200367,31.541242026327907,-1.4123784396118029,1.6379327713914575
1781,0.3562,49.26402696370224,31.583174225767802,-1.3667365307456092,1.6596532773224366
1782,0.3564,49.29130985439761,31.628924993414998,-1.3210591689351112,1.67949914260526
1783,0.3566,49.31877964043795,31.663334323179374,-1.2753482100171953,1.7028279997821039
1784,0.3568,49.346830947942415,31.708016452978352,-1.229605511466223,1.7275372388938512
1785,0.357,49.37489174857034,31.754627050558483,-1.183832932303539,1.752909762387553
1786,0.3572,49.4166330775294,31.80160256153097,-1.1380323330067597,1.793710133897317
1787,0.3574,49.46181201770835,31.84864538873069,-1.0922055754192306,1.7797853909882366
1788,0.3576,49.507813786280934,31.883777762538113,-1.0463545226591773,1.7546399297109092
1789,0.3578,49.55399297740981,31.928720516993746,-1.0004810390289371,1.7257204996092357
1790,0.358,49.59782500944066,31.96364761127353,-0.9545869899241262,1.69588520022235
1791,0.3582,49.64111797090565,31.99700886632647,-0.9086742417426532,1.6662082494106507
1792,0.3584,49.68424457734617,32.0418819711717,-0.8627446617938329,1.6942897751613013
1793,0.3586,49.72728675517008,32.08882917390804,-0.816800118207317,1.6774521244922245
1794,0.3588,49.77025530300613,32.13613258416968,-0.7708424798420346,1.7082054581237258
1795,0.359,49.813148757859224,32.18347988510077,-0.7248736161951943,1.7357778931031884
1796,0.3592,49.8559646054609,32.23077319512183,-0.6788953973110604,1.7629772228402854
1797,0.3594,49.89870039852942,32.27798718363396,-0.6329096936898971,1.7896313449385328
1798,0.3596,49.94135429304101,32.325155623123884,-0.5869183761967353,1.8307064369961736
1799,0.3598,49.983924774919025,32.3722917774948,-0.5409233159702174,1.875352479704111
1800,0.36,50.02641037566841,32.41939871825665,-0.4949263843314312,1.9209000414004298
1801,0.3602,50.06880987769931,32.4664763212103,-0.44892945269265483,1.9664173365975055
1802,0.3604,50.110853528738346,32.513484856625354,-0.402934392466137,1.9966080845127463
1803,0.3606,50.15267896157579,32.56040971340358,-0.35694307497297506,2.0223129304408416
1804,0.3608,50.196817135362956,32.60724753927918,-0.3109573713518119,2.0463944392345477
1805,0.361,50.23892479553273,32.65399833060607,-0.264979152467678,2.0699645430270612
1806,0.3612,50.28317652422542,32.700662412591015,-0.2190102888208378,2.0936222754120273
1807,0.3614,50.31329916706686,32.7472176589654,-0.173052650455575,2.132958735322553
1808,0.3616,50.340084558474814,32.79365863857459,-0.1271081068690494,2.1606015932376943
1809,0.3618,50.36597412307038,32.83998537997535,-0.08117852692021943,2.185365385578163
1810,0.362,50.39195600379487,32.87151421160362,-0.03526577873875619,2.2095107374460783
1811,0.3622,50.41823012740329,32.89983152748004,0.010628270366064563,2.2337109646415003
1812,0.3624,50.44481741735119,32.927353786842424,0.05262332131460312,2.2580638073902626
1813,0.3626,50.47141242814139,32.954801118589145,0.08258707165728962,2.297839931484753
1814,0.3628,50.4980782003977,32.99657412102702,0.12449627688423448,2.2779803815306465
1815,0.363,50.524929111511234,33.04184240903996,0.16936637613973698,2.243691274595121
1816,0.3632,50.55193449252372,33.087941473470195,0.21495133299754354,2.2086403041564786
1817,0.3634,50.57907124217147,33.134214089666614,0.18626214506434485,2.234448934955947
1818,0.3636,50.60633997766609,33.18049564216651,0.21421041931130674,2.2589380145608557
1819,0.3638,50.63374033562964,33.22673167433691,0.25551712363056683,2.2840877841592344
1820,0.364,50.6752330613539,33.27273730420156,0.29918813759451546,2.3246252048836173
1821,0.3642,50.7177369523306,33.318366818420714,0.2608658707952769,2.3690084469246213
1822,0.3644,50.76285818567334,33.3637202197293,0.2812785717517723,2.353893320972283
1823,0.3646,50.80618706502231,33.406399619749074,0.31492796779204135,2.3263124682089544
1824,0.3648,50.84916858621473,33.44775739196679,0.2659035811887219,2.355652620318907
1825,0.365,50.89431247580388,33.48858323987245,0.282122281716237,2.3835224043106695
1826,0.3652,50.939909139724215,33.52935198380896,0.22632476682612557,2.411060750507797
1827,0.3654,50.98556568832779,33.57008669867991,0.15926243992163602,2.438684483952275
1828,0.3656,51.028951941283694,33.61080638399104,0.10023992791911895,2.4807379446141162
1829,0.3658,51.07169072995844,33.6515064221204,0.056493740137823156,2.5261130873457542
1830,0.366,51.11653161363844,33.681227105817214,0.08413112020523017,2.571987219073744
1831,0.3662,51.159618912277764,33.708754144715094,0.12586656639570593,2.617994957768679
1832,0.3664,51.20227405874806,33.74965308723966,0.17049603468626184,2.6639997043247017
1833,0.3666,51.24699354060715,33.79373266868109,0.14230058332621076,2.7096695810251488
1834,0.3668,51.292144632138985,33.83851062108715,0.17066662028613977,2.7553227023113385
1835,0.367,51.3373477570094,33.883401670047625,0.1401515750732394,2.8007668579742564
1836,0.3672,51.38251287581786,33.928268172041264,0.09621904882098464,2.8459541802872685
1837,0.3674,51.42761733057661,33.97307655594218,0.06150828546606446,2.891145014462352
1838,0.3676,51.47265425245586,34.01780601611543,0.09128710873597834,2.921396254565014
1839,0.3678,51.51547480859685,34.05192109343596,0.07854622077607254,2.9628407891753468
1840,0.368,51.55793179545714,34.083999578024766,0.11450606945402164,3.007005125227267
1841,0.3682,51.60032027245288,34.11557556235997,0.1581566521375326,3.051775415838333
1842,0.3684,51.642389697386044,34.144424476240935,0.13970539073404176,3.081670216477698
1843,0.3686,51.686451011980324,34.18512261792816,0.10711616130528112,3.122643794842033
1844,0.3688,51.72882486819696,34.21834634523703,0.07441778758985484,3.1662875062074667
1845,0.369,51.772843630743196,34.248819207063555,0.06106258205915904,3.2091606011813605
1846,0.3692,51.817182180930644,34.27838728914978,0.0953765023644928,3.192267820978941
1847,0.3694,51.86153067148876,34.309215985128205,0.13943746964229398,3.220705706997828
1848,0.3696,51.90581436950304,34.34082120427717,0.12205057326725166,3.2605466429736016
1849,0.3698,51.95001336319592,34.37278465101342,0.09645263445175356,3.301277500096811
1850,0.37,51.994116688362034,34.40493420892012,0.07609544721181472,3.2795649923986807
1851,0.3702,52.03812089996567,34.437221925835914,0.10858663589668938,3.3052890916386217
1852,0.3704,52.08202440408195,34.46962934078617,0.1499568522150092,3.343471961655502
1853,0.3706,52.125822685428716,34.50206753901085,0.13657222654519185,3.323234981833644
1854,0.3708,52.16931704921343,34.53450401190462,0.11230091635881112,3.2904362151006614
1855,0.371,52.21260493659016,34.57647674299762,0.08783186315299751,3.2557026745710838
1856,0.3712,52.25387224483804,34.61768554438535,0.0650203738598214,3.2798009320697905
1857,0.3714,52.296611432907525,34.66048620293356,0.09084299279032049,3.3182904107069175
1858,0.3716,52.33781444921896,34.70393097653229,0.13016865793618093,3.3596202015722967
1859,0.3718,52.38048605948808,34.74749286452056,0.1591696835791616,3.401306255353721
1860,0.372,52.42339587834037,34.790992495985144,0.1856483096685344,3.442565150553004
1861,0.3722,52.46626608410062,34.83432276746698,0.20962090591714366,3.48233272479691
1862,0.3724,52.50884251790449,34.877449330481824,0.23386074645876231,3.5215313407098776
1863,0.3726,52.55134402208364,34.920352091497,0.2581977694520914,3.560641006878626
1864,0.3728,52.59178949181034,34.96303000191319,0.29648216303860275,3.5996671717018773
1865,0.373,52.63167644312873,35.00547564698679,0.3377936366305967,3.570009821820535
1866,0.3732,52.67334272491406,35.04768399633791,0.3795701056988978,3.522001175171077
1867,0.3734,52.71535279345017,35.074826894231094,0.4216953397107619,3.4719295562165984
1868,0.3736,52.7573574806322,35.09816296507243,0.4638909134347702,3.4893484447319203
1869,0.3738,52.79926685570944,35.1220282034524,0.5060114752812961,3.509090526179512
1870,0.374,52.84105996441689,35.1447688800426,0.5480012793556002,3.5295775995658434
1871,0.3742,52.88273066217565,35.181624916087415,0.5755767537783121,3.564990058151822
1872,0.3744,52.92427610468416,35.2217490495166,0.6139353652637181,3.540998163741868
1873,0.3746,52.96569421456089,35.26256632550894,0.6547430140280226,3.5641796843492246
1874,0.3748,53.006983104926526,35.303457183448636,0.6955796801513836,3.5990007999776177
1875,0.375,53.048140945272756,35.3442699582141,0.7364983219605965,3.573064391399575
1876,0.3752,53.08916592986703,35.38496624221702,0.7625279659681912,3.5941378519916145
1877,0.3754,53.12986754495312,35.425535307379505,0.7996490983807911,3.5647037312685708
1878,0.3756,53.16862362469163,35.46597323197082,0.8394048364065596,3.586049779076873
1879,0.3758,53.208548631544886,35.50627776866678,0.8648395099111434,3.6196335497862573
1880,0.376,53.24879126777946,35.54644677590497,0.9015035733526457,3.6273127667346903
1881,0.3762,53.28903704880492,35.586478026308185,0.9262087561748262,3.629409724740238
1882,0.3764,53.32918317211846,35.62636932675444,0.9481465129128184,3.6305457613108993
1883,0.3766,53.3691972106585,35.666118747673785,0.9690250700248382,3.6317244648920344
1884,0.3768,53.40906856570919,35.7057245250847,1.004049317919451,3.633254187358748
1885,0.377,53.448793023172136,35.745184967341665,1.0276838319861503,3.6358636970745852
1886,0.3772,53.48836842617653,35.784498411778195,1.0633113347221275,3.6395209656319802
1887,0.3774,53.52779295049924,35.82366320731599,1.0872259198253222,3.6448876059621655
1888,0.3776,53.56706484856968,35.84940523917268,1.108307433780357,3.652124247715661
1889,0.3778,53.60618242368147,35.870725256561336,1.1432124546647398,3.6608288153293898
1890,0.378,53.645144016998735,35.89077775461637,1.1666286241157868,3.6689442539874646
1891,0.3782,53.68394799643171,35.91082025647976,1.2018726497678105,3.6773254996039717
1892,0.3784,53.72259275005285,35.94545254608883,1.239892526877688,3.6846306798265114
1893,0.3786,53.761076682940185,35.96883179636495,1.278253629911971,3.6923206155544297
1894,0.3788,53.79939821574675,35.99089060677966,1.3020597293186098,3.7008227736960606
1895,0.379,53.83755578324083,36.02596426575115,1.3368339851499949,3.709360758327151
1896,0.3792,53.87554782796156,36.06377710321903,1.3739792367768575,3.7175277627376184
1897,0.3794,53.91337279496702,36.102032931230795,1.3967945775749593,3.725002533187653
1898,0.3796,53.95102422732913,36.14022057366354,1.4308167611117786,3.7545223811700748
1899,0.3798,53.988503058578246,36.17821589259594,1.4529691455137574,3.7638366627841804
1900,0.38,54.0258101660785,36.21599293298232,1.4719926382792332,3.7910250265718437
1901,0.3802,54.06295143604567,36.253549125785696,1.5048499368055497,3.7618653386792413
1902,0.3804,54.09974501501645,36.29088476749014,1.5409529576113692,3.7189996209618164
1903,0.3806,54.13624357492397,36.32799874105556,1.5773382023458153,3.734452350372273
1904,0.3808,54.172724974458966,36.36488839908093,1.6138573782033334,3.7617800795545686
1905,0.381,54.20910504892892,36.4015536145601,1.6499315104921393,3.7662859449201167
1906,0.3812,54.24533182268204,36.437996783697955,1.6852723476435023,3.7649694058258967
1907,0.3814,54.28138615021267,36.47421398024,1.6333910518475636,3.7611429106248333
1908,0.3816,54.31726158906644,36.5101957183531,1.5571201202339853,3.758484701832174
1909,0.3818,54.35295542311239,36.54591914933996,1.4804489305229458,3.7788333568429233
1910,0.382,54.38846588577679,36.58141254812824,1.4090137737792023,3.781134996129187
1911,0.3822,54.42379132089554,36.616686612125314,1.3431687015475386,3.8047902541100704
1912,0.3824,54.45893002943438,36.651600254053896,1.2830716545498224,3.832891136257608
1913,0.3826,54.493880274843924,36.686192017087514,1.2968135178860178,3.8630859942394276
1914,0.3828,54.52863464120128,36.72050246162218,1.254182752666523,3.868534638416087
1915,0.383,54.56319820279572,36.75455407685881,1.201407871363649,3.8663169773786272
1916,0.3832,54.59756972651282,36.78835642531127,1.1462542801694862,3.8617401323285074
1917,0.3834,54.631746805242514,36.819687037850024,1.0901217043869669,3.882226514705954
1918,0.3836,54.66410445725547,36.84229163880159,1.0388055078236391,3.9089600976457213
1919,0.3838,54.69585398995852,36.865281694901306,1.057173933586363,3.9120727349893754
1920,0.384,54.728934257539976,36.886580285753794,1.0215551563439749,3.910156910575278
1921,0.3842,54.76217889509868,36.91672127620955,0.9758059212265193,3.9315975982196467
1922,0.3844,54.79531242403901,36.94131127921482,0.9934678786741369,3.959141382401597
1923,0.3846,54.828265871091475,36.9648432331596,1.0247534411943038,3.987807050026847
1924,0.3848,54.86102091180341,36.98808176662338,1.0588713359876945,4.016900108550635
1925,0.385,54.89357211920858,37.01114698744152,1.031219782770381,4.0459881278355825
1926,0.3852,54.92591738653104,37.031909871899465,1.0543047539854293,4.074993288129692
1927,0.3854,54.958055424001806,37.05168927463181,1.0727718313302992,4.083223185010585
1928,0.3856,54.98998510084457,37.080495528993026,1.0892995969052413,4.106159651228702
1929,0.3858,55.021705279681676,37.111348369386235,1.11931702267688,4.11710045610539
1930,0.386,55.05321478389058,37.132995292516355,1.1516986767523418,4.1407242059717815
1931,0.3862,55.08451239277399,37.1618640093651,1.114979565905101,4.151983737932995
1932,0.3864,55.1155968164643,37.19227996198303,1.1305211184997654,4.160000867637689
1933,0.3866,55.1464342945656,37.22288030922595,1.1005189607255295,4.182882693208738
1934,0.3868,55.17565176188758,37.25335926870505,1.0602297007594226,4.143720781382508
1935,0.387,55.20435567301701,37.283645436963006,1.0747228891622318,4.090216428245479
1936,0.3872,55.23281835339533,37.31372083206384,1.0325218951359472,4.034446648473277
1937,0.3874,55.26108093125442,37.34357721726429,1.0464109296786726,3.9817363337547995
1938,0.3876,55.28914318361378,37.373071638723665,1.07318700365254,3.9307986477085213
1939,0.3878,55.317001994546764,37.40018607585823,1.0410975073130722,3.8808368798463686
1940,0.388,55.344489172099514,37.41897184545583,1.059877159770358,3.8311252516173937
1941,0.3882,55.37166455419727,37.43599604835389,1.02781883103625,3.840897653631589
1942,0.3884,55.40011930800115,37.452759471158494,1.0461145959219817,3.8647833980860034
1943,0.3886,55.42871039086914,37.46935072218306,1.0744125834792038,3.892050164889924
1944,0.3888,55.457161257930366,37.48582575793935,1.1018907689435555,3.9195339185676783
1945,0.389,55.47144968405665,37.50234148200621,1.0539195288490952,3.932119984707903
1946,0.3892,55.48240101672334,37.51886176815045,1.0614485696414304,3.955885456407043
1947,0.3894,55.49257545436015,37.53535670168531,1.0832490770483831,3.9822713230508953
1948,0.3896,55.50241095812189,37.551794140493875,1.108637036399175,3.9883941128473066
1949,0.3898,55.51203975798423,37.570405991882616,1.1348104171190379,3.9898816013971357
1950,0.39,55.52156445177706,37.59421771234267,1.1609746332806634,4.010694055068964
1951,0.3902,55.53103405728721,37.61844936399021,1.1712897437002625,4.03602950632507
1952,0.3904,55.55403072940997,37.644496671105244,1.1764069523622034,4.062000148966296
1953,0.3906,55.566357696391655,37.66885999988402,1.1787638220902878,4.087776891010278
1954,0.3908,55.57614895185066,37.69238360813063,1.1805148297988497,4.113075342918392
1955,0.391,55.585253214178294,37.71543045334084,1.1824794962146288,4.117750421811904
1956,0.3912,55.59350324779696,37.73799396824791,1.2004252704918965,4.13662009543599
1957,0.3914,55.61538509183715,37.76033019889927,1.2223195464234289,4.15919336164589
1958,0.3916,55.626771380869116,37.782322893886956,1.245062455591023,4.182374158241895
1959,0.3918,55.648508235916275,37.80401286134346,1.2678399229547592,4.189784475454786
1960,0.392,55.65861739380672,37.82557457479059,1.2745266140455627,4.193440917555909
1961,0.3922,55.68007129116942,37.84685271309036,1.2888404136015876,4.211269398226143
1962,0.3924,55.68989323998209,37.867871212878384,1.2073046567100083,4.171011392614297
1963,0.3926,55.71099657523648,37.88864700973119,1.098885934912678,4.117702021410459
1964,0.3928,55.73385141812476,37.909173969461776,1.080914538093693,4.122938541085727
1965,0.393,55.75735891191533,37.92956576426527,1.0033887580309884,4.085936603925365
1966,0.3932,55.78093334677138,37.9499845520192,0.9970496855557354,4.095017331601459
1967,0.3934,55.80435416731159,37.972505645817336,0.9445387540147365,4.114663214978051
1968,0.3936,55.827556484354105,37.9956137619773,0.8815821725704307,4.13639253799139
1969,0.3938,55.850525367857614,38.018695208067484,0.8181551572985573,4.098844586141403
1970,0.394,55.87325889619727,38.04152432154693,0.8151011195852265,4.105753709255224
1971,0.3942,55.89575019601713,38.04940070390822,0.7477761928826574,4.108744915092526
1972,0.3944,55.91799403886553,38.053373446914925,0.6766053630457849,4.1096815367999655
1973,0.3946,55.939987260279324,38.056163204530705,0.6791086529609389,4.108838622434261
1974,0.3948,55.96172789546544,38.07132778053555,0.6827019939464885,4.123272219933007
1975,0.395,55.98321454190658,38.07597381188074,0.6854795336451698,4.126582706533054
1976,0.3952,56.004446048265486,38.092838465235154,0.7017486947945528,4.141782166977645
1977,0.3954,56.02542138565539,38.09768520237111,0.7200397045684968,4.144520247454665
1978,0.3956,56.0454368233134,38.11419308742846,0.723252022861983,4.159012071283677
1979,0.3958,56.050976718337594,38.13169758134702,0.7365333152501998,4.161160476864813
1980,0.396,56.05378596409061,38.14871752403305,0.7520199883318153,4.1753756932944945
1981,0.3962,56.069785480825324,38.167074920422344,0.7671780212092765,4.1907060654674515
1982,0.3964,56.07474601242539,38.185768851904925,0.7201500316230005,4.143548009192051
1983,0.3966,56.07630170220477,38.18971695594348,0.6579483648961189,4.1433416886423515
1984,0.3968,56.09121718629519,38.19001434857166,0.6552508324716264,4.140165573811428
1985,0.397,56.10911710911649,38.20408007661592,0.6528066313356673,4.136441396261933
1986,0.3972,56.112916345022626,38.21957375872307,0.6502528003376611,4.14770372378544
1987,0.3974,56.113142359372425,38.23464663555833,0.6626231805034264,4.099458660753843
1988,0.3976,56.12689777436195,38.2361494072299,0.6764873012906794,4.036422856196978
1989,0.3978,56.14374886440561,38.23457534167593,0.6317157107034648,3.9703714755529353
1990,0.398,56.14656406682226,38.24708173313754,0.5722093009374554,3.905753562786199
1991,0.3982,56.14585509805101,38.26284716772863,0.5697703122357423,3.842009465283538
1992,0.3984,56.15865963785524,38.27919759939285,0.5814367096856339,3.838263791385349
1993,0.3986,56.17453848656792,38.28072033150701,0.5964276097962964,3.8493208906941536
1994,0.3988,56.17647395472659,38.29323455913226,0.6120556803357946,3.863810943180632
1995,0.399,56.17494153474586,38.29494969215529,0.5701932851291156,3.8566809666591313
1996,0.3992,56.172490587213716,38.29255091283136,0.5724287262923582,3.843630456206297
1997,0.3994,56.18407415003649,38.288789398334494,0.570639788077024,3.8513124537165258
1998,0.3996,56.19882758491507,38.29925939291558,0.5672946928801554,3.8640235353151904
1999,0.3998,56.21218932953246,38.313015358596154,0.5618950634703852,3.8549658043156727
2000,0.4,56.22679463910509,38.32721286192638,0.5547428391141409,3.8399553979883363
2001,0.4002,56.241602198955874,38.34117748368365,0.5463569668949164,3.845951450909648
2002,0.4004,56.25627798769023,38.34012623135745,0.5369017778183558,3.8335578228959832
2003,0.4006,56.270721245637866,38.350133214571194,0.5414101097922508,3.8397130972523295
2004,0.4008,56.28373615431609,38.362613098710085,0.48915504368401486,3.8505277581193083
2005,0.401,56.29609591141192,38.36241407982986,0.48544409151873413,3.8393204695673235
2006,0.4012,56.30807456528047,38.35754400211775,0.49367601515679826,3.8451040433445263
2007,0.4014,56.31991517357578,38.365934416582064,0.4423926506886424,3.8547692177355772
2008,0.4016,56.33155454767419,38.377342162829805,0.4358908527519185,3.84126764422487
2009,0.4018,56.34411473034166,38.389277848296665,0.3794024372319793,3.8452880536230296
2010,0.402,56.356647656090495,38.40113627580315,0.3123861416376732,3.837172648548795
2011,0.4022,56.35531353594838,38.41107375573869,0.2457420794648968,3.84018201729373
2012,0.4024,56.35074810038388,38.41981016158375,0.1839064910577104,3.8203929944997608
2013,0.4026,56.34540944679338,38.41480775678218,0.17917573757685812,3.8200120527144743
2014,0.4028,56.33906199743923,38.40662335889721,0.17305151158272292,3.8232235221851028
2015,0.403,56.332196590637125,38.397612006694914,0.18054096913046358,3.7629102077535483
2016,0.4032,56.32601975097601,38.38824070765187,0.17651422379574466,3.691966627082352
2017,0.4034,56.33232959422125,38.393431429783675,0.18389201815423384,3.6192110770388117
2018,0.4036,56.34105499116072,38.40025762833101,0.17927286683958332,3.5491890502133168
2019,0.4038,56.35003395737814,38.40856308328229,0.18609556181096565,3.4811255253378035
2020,0.404,56.35967122202924,38.4042408204118,0.195411942045431,3.4158378400869513
2021,0.4042,56.369442820578115,38.39732683517807,0.18906787131273095,3.351760217834081
2022,0.4044,56.3790771167235,38.402697712306235,0.19422797541552228,3.2895262024358725
2023,0.4046,56.38847597341809,38.41050606446965,0.18782453693133316,3.276749893791169
2024,0.4048,56.3976085049476,38.418562253565185,0.17835233774436343,3.224017788882276
2025,0.405,56.40646571581671,38.42642173029876,0.16803121530242748,3.1641182274916497
2026,0.4052,56.414874358846674,38.433995878571665,0.17184664712054953,3.1047873406391786
2027,0.4054,56.422923300534556,38.44126688866698,0.17886003176807996,3.0453455447216586
2028,0.4056,56.42971856235123,38.4482877133834,0.18208849012995465,3.0388981462217126
2029,0.4058,56.43591495742989,38.4550526942157,0.12756902150207416,3.04405811508566
2030,0.406,56.442995124642884,38.46155096501147,0.06670360421998112,3.0471931748590304
2031,0.4062,56.45008127726177,38.46777701424169,0.060936827500590596,3.000519364672588
2032,0.4064,56.45583733133805,38.473728845388806,0.05077955126408895,2.945843605011114
2033,0.4066,56.46111773483974,38.479405933878915,0.038393028515075756,2.940722718855636
2034,0.4068,56.467197137472986,38.48480817973017,0.02398649382884166,2.931275608185585
2035,0.407,56.473217306599054,38.48993567449395,0.00945938228464005,2.9338947758418517
2036,0.4072,56.47900588925489,38.49477655355274,0.002796666828659866,2.939017650687871
2037,0.4074,56.484527416339276,38.49932516949754,0.002902478122220664,2.930534311723804
2038,0.4076,56.48977452163898,38.5035802105101,0.004269427398330805,2.9184522537293316
2039,0.4078,56.49474579473452,38.507553945914715,0.0045186398742664835,2.9190993891843537
2040,0.408,56.4994411347764,38.511251810025826,0.00734903805133591,2.9082003229778643
2041,0.4082,56.503860744852545,38.51464993907664,0.01057749213225545,2.908578617069247
2042,0.4084,56.50800490754575,38.51773822327842,0.005768769254695272,2.898063891322349
2043,0.4086,56.511873933386745,38.52049160581404,0.0024914708468779523,2.897917032293707
2044,0.4088,56.51546814870593,38.52292688133675,0.0018642360315359596,2.8993736893566973
2045,0.409,56.518787892674254,38.52502776331039,0.0035356284118268633,2.896482932559918
2046,0.4092,56.52183351286654,38.526809266573125,0.0028387796849846936,2.862467118722435
2047,0.4094,56.52460537010792,38.528279769320505,0.0039242285342568906,2.8191584959149805
2048,0.4096,56.5271038385377,38.51440295011182,0.0022887587238225038,2.8112256969671563
2049,0.4098,56.52932930487675,38.51153325698521,0.0010389563006389935,2.770191857032938
2050,0.41,56.53128216798966,38.511226192613194,0.001418972841660704,2.7613404997984405
2051,0.4102,56.53296283868869,38.51127230221422,0.0009352646209208615,2.7529166545873456
2052,0.4104,56.53437173951072,38.49607644347263,0.0011065562025205367,2.7338310887673756
2053,0.4106,56.535509304640534,38.49210455836571,0.0012437962178806217,2.7132801584446096
2054,0.4108,56.53527758079774,38.481973440510096,0.00023708064120775418,2.707923357715749
2055,0.411,56.53364163377021,38.47022035954395,-0.000400723774420797,2.706400713435866
2056,0.4112,56.53233122818664,38.466693774399594,-0.005019081931426861,2.6867469010796703
2057,0.4114,56.53171290282445,38.456100044721296,-0.006821354176767436,2.675261896325996
2058,0.4116,56.53124735581147,38.45231437280851,-0.008115314480648728,2.610379895728052
2059,0.4118,56.53065816198115,38.450217620766814,-0.009477871932231707,2.5353503353086158
2060,0.412,56.52984597561502,38.44675685904666,-0.011052897739538103,2.4587690104542137
2061,0.4122,56.527489025765924,38.44417645221629,-0.012876008668643912,2.4400671011426045
2062,0.4124,56.52581868290408,38.428356326695464,-0.014955757788034596,2.3810289081312344
2063,0.4126,56.50974759649234,38.40772496988493,-0.017293925469382465,2.366050472887862
2064,0.4128,56.48998218243202,38.40050759147274,-0.019890590142476405,2.3472215232314717
2065,0.413,56.4835746044008,38.38728728904148,-0.022745395477936192,2.3260805738846053
2066,0.4132,56.465671415707114,38.37227397772965,-0.025857867069021268,2.304123123658156
2067,0.4134,56.45924404107119,38.36552719044455,-0.029227491587717758,2.28111865135343
2068,0.4136,56.44087896049754,38.35173599603968,-0.0328537365847863,2.2578213540036
2069,0.4138,56.433050964783234,38.34494066443567,-0.0367360554573386,2.2493479705229267
2070,0.414,56.413749754289064,38.33076192404231,-0.0408738887104132,2.244336070938491
2071,0.4142,56.406169502524406,38.32349112611682,-0.045266664292831216,2.2351807432127084
2072,0.4144,56.39994739680018,38.31781159810345,-0.04991379770218085,2.2037540236841457
2073,0.4146,56.393811620500784,38.31037166513631,-0.05481469203260492,2.169729202603057
2074,0.4148,56.388641694560924,38.29478674487248,-0.05996873800867775,2.140696242864501
2075,0.415,56.38354864384319,38.284453531539086,-0.06537531401632446,2.112771902812776
2076,0.4152,56.3634973858164,38.2768310544503,-0.07103378613342315,2.09856509255821
2077,0.4154,56.35432495156738,38.27001359185123,-0.07694350816074724,2.0885431674256743
2078,0.4156,56.33300385359478,38.254084563051755,-0.08310382165351182,2.077603161023728
2079,0.4158,56.30870251176788,38.24474770108234,-0.08951405595344575,2.0501896709730687
2080,0.416,56.29794240086172,38.23698828562773,-0.09617352822149705,2.0198823570966016
2081,0.4162,56.27652578413891,38.22022732684065,-0.10308154347110765,1.9902231255451435
2082,0.4164,56.2663655640868,38.210160855752534,-0.11023739460207249,1.9755695120801944
2083,0.4166,56.24478078866137,38.20170457760679,-0.11764036243504261,1.96300536909572
2084,0.4168,56.234229629292194,38.19345096796235,-0.1252897157465096,1.9521414528228807
2085,0.417,56.21140542398231,38.184972816406955,-0.13318471130452192,1.9418259013297456
2086,0.4172,56.199997959725366,38.16900227390205,-0.14132459390485508,1.916085969118297
2087,0.4174,56.19118647608445,38.15856801495311,-0.14970859640783107,1.8865203956499248
2088,0.4176,56.18144226002741,38.13984886807547,-0.15833593977571958,1.8711687698867618
2089,0.4178,56.17040842798209,38.11888176182885,-0.16720583311070403,1.843818946293628
2090,0.418,56.160649901606476,38.10648972027387,-0.17631747369340633,1.8286478133418056
2091,0.4182,56.13759372955217,38.08901721132866,-0.18567004702205292,1.8108300547197014
2092,0.4184,56.12488927419478,38.07752773992525,-0.1952627268521372,1.7902985829370333
2093,0.4186,56.10082441064886,38.06707329122592,-0.20509467523668956,1.759740174473408
2094,0.4188,56.073259575364716,38.054576675077314,-0.2151650425671443,1.7417663398341894
2095,0.419,56.05887804142105,38.033933874046,-0.22547296761472158,1.711409396259815
2096,0.4192,56.0338961027991,38.020457470708855,-0.23601757757243647,1.6785351139520097
2097,0.4194,56.005425633808116,38.0086949181863,-0.2467979880975717,1.6583326913637113
2098,0.4196,55.99044529460928,37.98801520630505,-0.2578133033548671,1.6407809940488107
2099,0.4198,55.97855708603143,37.9740561741954,-0.2690626160601193,1.6093667136852705
2100,0.42,55.96704433051242,37.961661866328235,-0.2805450075244096,1.590286611844137
2101,0.4202,55.941668542527594,37.949460577034856,-0.2922595476989098,1.5744097354174964
2102,0.4204,55.91301686011141,37.92790291727922,-0.3042052952201706,1.559397155791431
2103,0.4206,55.897360009786915,37.90400037233921,-0.31638129745603205,1.5426559857111397
2104,0.4208,55.884516577506,37.87941089632737,-0.3287865905520597,1.5251521857051458
2105,0.421,55.87214646447314,37.8637431548374,-0.34142019947847757,1.5085655780202245
2106,0.4212,55.85970940809838,37.84065255054662,-0.35428113807774153,1.4771780734718316
2107,0.4214,55.84708071126322,37.824813028145385,-0.36736840911255975,1.4572129609680693
2108,0.4216,55.8342315727598,37.801331366502644,-0.3806810043145328,1.4400489655657847
2109,0.4218,55.821130914351755,37.785028683050875,-0.39421790443327875,1.4226599497261376
2110,0.422,55.80776395540834,37.76083509290247,-0.40797807928609586,1.4048873079336555
2111,0.4222,55.79413008704459,37.74390742093844,-0.42196048780820483,1.371622283908093
2112,0.4224,55.780232458988166,37.72873659511369,-0.4361640781034497,1.334373149977992
2113,0.4226,55.76607085173242,37.71386547402493,-0.45058778749561323,1.312010640978738
2114,0.4228,55.75164508305062,37.698913105338775,-0.46523054258017194,1.279061361213592
2115,0.423,55.73695588750431,37.6837822465463,-0.48009125927661156,1.2421810511605496
2116,0.4232,55.72203015697651,37.66844905484936,-0.4951688428812995,1.2197717629160159
2117,0.4234,55.706881426202344,37.65290829402031,-0.5104621881207914,1.2009786625613268
2118,0.4236,55.69151483555905,37.637159310082986,-0.5259701792057445,1.1686726343914926
2119,0.4238,55.67590877412031,37.621202563979594,-0.5416916898852797,1.1325743239952533
2120,0.424,55.660078213187745,37.60503884889832,-0.5576255835018502,1.1093288642530599
2121,0.4242,55.64403143193371,37.588669062203934,-0.5737707130467067,1.0890071438645283
2122,0.4244,55.6277713744193,37.57209382677301,-0.5901259212157166,1.0700430137832049
2123,0.4246,55.59635825066359,37.54575254746228,-0.6066900404658346,0.9847916348675145
2124,0.4248,55.56113081229013,37.52636595031537,-0.6234618930719869,0.8959752315308274
2125,0.425,55.524898247693095,37.50642919910905,-0.6404402911844462,0.8627299807024524
2126,0.4252,55.50234812115565,37.47839277052428,-0.6576240368867783,0.7792542082221368
2127,0.4254,55.46949696282635,37.45072588622947,-0.6750119222541686,0.7454931905583408
2128,0.4256,55.44839809453021,37.42354716090777,-0.6926027294123367,0.7101271810023748
2129,0.4258,55.429950618120095,37.40382101952938,-0.7103952305968999,0.6729800191020461
2130,0.426,55.411982489799236,37.37569234631922,-0.728388188213156,0.6489367219747533
2131,0.4262,55.393976771455804,37.347557074899285,-0.7465803548964676,0.6140337667483364
2132,0.4264,55.37581105440928,37.31755674568301,-0.7649704735730074,0.5916759795829796
2133,0.4266,55.35745715005236,37.286635336006874,-0.7835572775210622,0.5723556142916841
2134,0.4268,55.33890932382206,37.26491268193437,-0.8023394904327592,0.49785929674457474
2135,0.427,55.320167346262444,37.24535735692236,-0.8213158264762477,0.4663796912038105
2136,0.4272,55.30121939276099,37.216381991245115,-0.840484990358402,0.42929611209992613
2137,0.4274,55.28206147614214,37.18518081533627,-0.8598456773879608,0.40591674542172074
2138,0.4276,55.261897931657884,37.15563579607926,-0.8793965735390534,0.38632117254517606
2139,0.4278,55.22707349025577,37.131820282684714,-0.8991363555153127,0.31390282914358325
2140,0.428,55.1887368713968,37.108419297773814,-0.9190636908143421,0.23481593586101468
2141,0.4282,55.150364589864516,37.077330299063455,-0.939177237792642,0.20577568302349247
2142,0.4284,55.1113071804038,37.05215650603505,-0.9594756457310294,0.17266747377880298
2143,0.4286,55.07272976887302,37.02782657965599,-0.9799575549004742,0.13775348396356968
2144,0.4288,55.03348655317072,36.99829292130179,-1.0006215966283416,0.10229143431013643
2145,0.429,55.008468954925235,36.965880365583935,-1.021466393365098,0.0800600198241801
2146,0.4292,54.986766517821195,36.93245982186641,-1.0424905587514948,0.060635664225716646
2147,0.4294,54.965537837507654,36.8987753214311,-1.0636926976860792,0.0413984908381253
2148,0.4296,54.94420992163984,36.86503596963624,-1.0850714063932325,-0.006462580057897238
2149,0.4298,54.92266971040758,36.83129338749629,-1.1066252724916055,-0.03782031646139572
2150,0.43,54.90089763937069,36.79753242395848,-1.1283528750628498,-0.06181813642091161
2151,0.4302,54.87887907567841,36.766286201286825,-1.1502527847210287,-0.08426491160949245
2152,0.4304,54.856618448484625,36.74074865548946,-1.1723235636821405,-0.10646928673635614
2153,0.4306,54.83412229421768,36.70842952629771,-1.194563765834285,-0.12874222703934146
2154,0.4308,54.79680992433815,36.67493646280171,-1.2169719368081169,-0.1511584653401532
2155,0.431,54.75587419879855,36.64371018981949,-1.2395466140477014,-0.17373513313635058
2156,0.4312,54.71522980375117,36.610847972407605,-1.2622863268818558,-0.1964753372875192
2157,0.4314,54.673716234772094,36.57717055877071,-1.2851895965957643,-0.2193787282807116
2158,0.4316,54.64641061205922,36.54339454134532,-1.3082549365030935,-0.24244409812604983
2159,0.4318,54.60799682049159,36.50945177506865,-1.3314808520184638,-0.26567002103175463
2160,0.432,54.581250674198024,36.475401197065125,-1.3548658407302177,-0.28905501156785984
2161,0.4322,54.54361785785511,36.44128244605783,-1.3784083924737263,-0.3125975637617242
2162,0.4324,54.50236525753989,36.409826918813586,-1.402106989404961,-0.3362961608041335
2163,0.4326,54.47374906507234,36.38624340436673,-1.4259601060744473,-0.3601492775010646
2164,0.4328,54.433963411519606,36.36376776860634,-1.4499662095016692,-0.3841553809350615
2165,0.433,54.40617617705939,36.34125726668277,-1.4741237592497098,-0.4083129306847746
2166,0.4332,54.38123851833314,36.31854739372423,-1.4984312075004236,-0.43262037893590133
2167,0.4334,54.3568745923614,36.29582980970873,-1.5228869991297955,-0.4570761705653754
2168,0.4336,54.3325165149578,36.27302739403323,-1.5474895717837502,-0.48167874321935544
2169,0.4338,54.308022650634655,36.2500660048438,-1.5722373559543446,-0.506426527389956
2170,0.434,54.268520397790795,36.22692378222571,-1.5971287750561967,-0.5313179464918094
2171,0.4342,54.23983312172675,36.203612059412954,-1.6221622455033864,-0.5563514169389996
2172,0.4344,54.21380625326844,36.1801321432113,-1.6473361767866121,-0.5815253482222253
2173,0.4346,54.188123187713146,36.15648269687837,-1.6726489715506743,-0.6068381429862875
2174,0.4348,54.16253607289682,36.13266364044881,-1.6980990256724309,-0.6322881971080441
2175,0.435,54.13664132873145,36.1086761717529,-1.7236847283388217,-0.6578738997744349
2176,0.4352,54.09588542893803,36.0845221461896,-1.7494044621255491,-0.6835936335611623
2177,0.4354,54.05128264590255,36.06020368508687,-1.7752566030757961,-0.7094457745114093
2178,0.4356,54.02062469380884,36.03572300594646,-1.8012395207793896,-0.7354286922150028
2179,0.4358,53.979196523112805,36.01108122463101,-1.8273515784523164,-0.7615407498879296
2180,0.436,53.93523678399248,35.986282680621166,-1.8535911330164287,-0.787780304452042
2181,0.4362,53.90480143609634,35.96132983919921,-1.879956535179578,-0.8141457066151911
2182,0.4364,53.86252094326525,35.9362242331119,-1.9064461295160058,-0.840635300951619
2183,0.4366,53.817461207733075,35.91096739139234,-1.9330582545469523,-0.8672474259825655
2184,0.4368,53.77151762413414,35.871056544193706,-1.9597912428217183,-0.8939804142573315
2185,0.437,53.72530754951329,35.827595989779084,-1.9866434209989006,-0.9208325924345138
2186,0.4372,53.69377849288314,35.7975472624649,-2.0136131099279213,-0.9478022813635345
2187,0.4374,53.66578924628448,35.770590268645655,-2.040698624730913,-0.9748877961665263
2188,0.4376,53.62378052437498,35.74426305516612,-2.0678982748848544,-1.0020874463204676
2189,0.4378,53.578357956796594,35.71798079800578,-2.0952103643038376,-1.0293995357394508
2190,0.438,53.53208106262336,35.67708743080245,-2.122633191421914,-1.056822362857527
2191,0.4382,53.50024614046082,35.64710458781191,-2.1501650492758992,-1.0843542207115124
2192,0.4384,53.47098473422933,35.619653328435874,-2.1778042255885883,-1.1119933970242015
2193,0.4386,53.42818922480621,35.59271229557195,-2.205549002852251,-1.139738174287864
2194,0.4388,53.3969308404264,35.56580089302493,-2.2333976584123163,-1.1675868298479295
2195,0.439,53.36847341049856,35.538574237862555,-2.2613484645512965,-1.1955376359869097
2196,0.4392,53.32613259399055,35.51129674980835,-2.2893996885730816,-1.2235888600086948
2197,0.4394,53.281168755869516,35.4839717206075,-2.3175495928873096,-1.2517387643229227
2198,0.4396,53.23489181150593,35.456348632599834,-2.345796435094061,-1.2799856065296742
2199,0.4398,53.202655169817014,35.428486324444386,-2.3741384680688378,-1.308327639504451
2200,0.44,53.17372823964873,35.400429055620926,-2.4025739400476414,-1.3367631114832546
2201,0.4402,53.145530888901924,35.372205225637984,-2.4311010947124148,-1.365290266148028
2202,0.4404,53.115631520620866,35.33099140630954,-2.459718171276616,-1.3939073427122293
2203,0.4406,53.08528743381953,35.28696887560764,-2.4884234045710016,-1.4226125760066146
2204,0.4408,53.05499630535833,35.24240813041575,-2.517215025129756,-1.451404196565369
2205,0.441,53.02471515616646,35.19780901919984,-2.546091259276606,-1.4802804307122193
2206,0.4412,52.99439758587797,35.15327323972134,-2.57505032921137,-1.509239500646983
2207,0.4414,52.96402505429447,35.12131899464681,-2.604090453096565,-1.538279624532178
2208,0.4416,52.935173653216125,35.092102497350574,-2.6332098451442256,-1.5673990165798386
2209,0.4418,52.906564293435984,35.06345348864736,-2.662406715703006,-1.596595887138619
2210,0.442,52.8779422191522,35.034869082989744,-2.6916792713453286,-1.6258684427809418
2211,0.4422,52.84925728091833,34.993651088011084,-2.721025714954851,-1.655214886390464
2212,0.4424,52.819587368836366,34.94972544037317,-2.750444245814063,-1.6846334172496764
2213,0.4426,52.79028743032435,34.905178744477645,-2.779933059691969,-1.714122231127582
2214,0.4428,52.76118750281542,34.860509132241994,-2.8094903489321226,-1.743679520367736
2215,0.443,52.732123275922426,34.8140657207522,-2.8391143025406493,-1.7733034739762625
2216,0.4432,52.70302611943499,34.78094788252851,-2.8688031062745742,-1.8029922777101874
2217,0.4434,52.67387352639475,34.7491698216462,-2.89855494273022,-1.832744114165833
2218,0.4436,52.64465968748518,34.717263339471074,-2.928367991431754,-1.8625571628673672
2219,0.4438,52.61538395616409,34.685229711262046,-2.9582404289199644,-1.8924296003555776
2220,0.444,52.58604747178055,34.65477085402813,-2.9881704288411433,-1.9223596002767562
2221,0.4442,52.55665191744223,34.6231797160369,-3.0181561620360116,-1.9523453334716245
2222,0.4444,52.52719932190285,34.59263606030726,-3.0481957966289785,-1.9823849680645915
2223,0.4446,52.497691358682815,34.56257288090174,-3.0782874981173363,-2.0124766695529495
2224,0.4448,52.46813004153008,34.53259727628348,-3.1084294294607395,-2.0426186008963527
2225,0.445,52.43851728830664,34.50255885639006,-3.13861975117071,-2.072808922606323
2226,0.4452,52.4086164921585,34.47241165989474,-3.168856621400252,-2.1030457928358652
2227,0.4454,52.37852481205674,34.44213517376568,-3.1991381960337395,-2.1333273674693527
2228,0.4456,52.348299172816894,34.41172401207491,-3.22946262877661,-2.1636518002122234
2229,0.4458,52.317962850889,34.381179604491976,-3.259828071245553,-2.1940172426811664
2230,0.446,52.28751338478782,34.35050576604168,-3.290232673058464,-2.2244218444940773
2231,0.4462,52.25696716870788,34.317903151773756,-3.3206745819246484,-2.2548637533602616
2232,0.4464,52.22632929213368,34.284322977878276,-3.3511519437351556,-2.2853411151707688
2233,0.4466,52.19466851421372,34.25226960640731,-3.3816629026530713,-2.3158520740886845
2234,0.4468,52.14891341450473,34.220991366237435,-3.4122056012040245,-2.3463947726396377
2235,0.447,52.09994455838102,34.17688873082559,-3.442778180366718,-2.3769673518023313
2236,0.4472,52.065073706944,34.14254016227011,-3.473378779663497,-2.4075679510991104
2237,0.4474,52.019777832573006,34.1106274323549,-3.504005537251026,-2.4381947086866393
2238,0.4476,51.97163694323359,34.07934009793963,-3.534656590011079,-2.4688457614466923
2239,0.4478,51.92239621188855,34.04817669554892,-3.565330073641319,-2.4995192450769324
2240,0.448,51.88748493184623,34.01699481809326,-3.59602412274613,-2.5302132941817432
2241,0.4482,51.85605073305324,33.98385842188313,-3.6267368709275836,-2.5609260423631968
2242,0.4484,51.82274461705524,33.95160684664672,-3.6574664508764134,-2.5916556223120266
2243,0.4486,51.78971958007164,33.91989930568866,-3.6882109944629393,-2.6224001658985525
2244,0.4488,51.75701984060747,33.88662438884259,-3.7189686328282114,-2.6531578042638246
2245,0.449,51.72451107224324,33.852921507529665,-3.7497374964750616,-2.683926667910675
2246,0.4492,51.69181087439341,33.81920553284951,-3.7805157153591855,-2.7147048867947987
2247,0.4494,51.66118842371808,33.78549407354399,-3.8113014189803587,-2.745490590415972
2248,0.4496,51.61629511201229,33.75353576739376,-3.8420927364735107,-2.776281907909124
2249,0.4498,51.56786793992563,33.722334704229056,-3.872887796700019,-2.807076968135632
2250,0.45,51.53321599664455,33.69132716187982,-3.9036847283388143,-2.8378738997744275
2251,0.4502,51.501917196442264,33.66034611353067,-3.9344816599776005,-2.8686708314132137
2252,0.4504,51.458023187901446,33.629346537935604,-3.9652767202041184,-2.8994658916397316
2253,0.4506,51.41020369004014,33.598319183702515,-3.99606803769728,-2.9302572091328933
2254,0.4508,51.37588785159078,33.56726466891968,-4.026853741318443,-2.9610429127540567
2255,0.451,51.344810137763844,33.536185567057174,-4.057631960202577,-2.9918211316381904
2256,0.4512,51.31451162303633,33.50508499924435,-4.088400823849407,-3.0225899952850206
2257,0.4514,51.284391496980504,33.47396233722069,-4.1191584622147,-3.0533476336503127
2258,0.4516,51.25431362540588,33.44281920112702,-4.149903005801216,-3.084092177236829
2259,0.4518,51.224248258510904,33.411661579816645,-4.180632585750035,-3.114821757185649
2260,0.452,51.19419056675665,33.380494358571134,-4.211345333931509,-3.145534505367122
2261,0.4522,51.16231398366836,33.34931760512885,-4.242039383036319,-3.1762285544719324
2262,0.4524,51.130127074576166,33.3181035871236,-4.272712866666559,-3.2069020381021724
2263,0.4526,51.097599033473266,33.28651149400418,-4.303363919426612,-3.237553090862226
2264,0.4528,51.067127539765785,33.25462244287152,-4.333990677014132,-3.268179848449745
2265,0.453,51.03713710180472,33.22288350770555,-4.364591276310911,-3.298780447746524
2266,0.4532,51.007272398287405,33.19128993065666,-4.395163855473605,-3.3293530269092177
2267,0.4534,50.9774526882126,33.15943545680566,-4.425706554024577,-3.3598957254601904
2268,0.4536,50.94766125724982,33.127690621467956,-4.456217512942493,-3.3904066843781058
2269,0.4538,50.91789569630214,33.09607267065542,-4.48669487475299,-3.4208840461886036
2270,0.454,50.88812651910383,33.06453485912554,-4.5171367836191845,-3.4513259550547977
2271,0.4542,50.843782361931524,33.03304628956667,-4.547541385432086,-3.481730556867699
2272,0.4544,50.79601838394196,33.001562939986336,-4.577906827901039,-3.5120959993366516
2273,0.4546,50.74756740353039,32.95660803416355,-4.608231260643908,-3.542420432079522
2274,0.4548,50.69909664209384,32.90699066652892,-4.638512835277377,-3.57270200671299
2275,0.455,50.65214671452751,32.871207962902965,-4.668749705506938,-3.602938876942552
2276,0.4552,50.60532342546424,32.82547170479461,-4.698940027216899,-3.6331291986525125
2277,0.4554,50.55862889623091,32.790819220315136,-4.729081958560312,-3.663271129995925
2278,0.4556,50.512123111150174,32.75444872285526,-4.7591736600486705,-3.6933628314842832
2279,0.4558,50.46585198898149,32.70327921439684,-4.789213294641628,-3.723402466077241
2280,0.456,50.41981550127284,32.64870273796045,-4.819199027836506,-3.7533881992721185
2281,0.4562,50.37400824192986,32.59335715318738,-4.849129027757664,-3.7833181991932774
2282,0.4564,50.3284351544956,32.55577023656485,-4.879001465245885,-3.813190636681498
2283,0.4566,50.283580013397156,32.507696447030035,-4.908814513947419,-3.843003685383032
2284,0.4568,50.25179328899752,32.459005691026434,-4.938566350403065,-3.8727555218386778
2285,0.457,50.22281123247499,32.408802257533274,-4.9682551541369895,-3.9024443255726027
2286,0.4572,50.19360519439808,32.37283623487715,-4.997879107745506,-3.9320682791811197
2287,0.4574,50.16419629973874,32.33595314227655,-5.02743639698566,-3.9616255684212733
2288,0.4576,50.132982226319704,32.302847337296726,-5.056925210863566,-3.991114382299179
2289,0.4578,50.10358142968575,32.27139587744068,-5.086343741722769,-4.020532913158382
2290,0.458,50.072839560005264,32.223951424341436,-5.11569018533231,-4.049879356767923
2291,0.4582,50.043809964746146,32.188920461297705,-5.144962740974632,-4.079151912410246
2292,0.4584,50.013753657715824,32.1573369218635,-5.174159611533404,-4.108348782969017
2293,0.4586,49.98331068729724,32.126721169873015,-5.2032790035810645,-4.137468175016678
2294,0.4588,49.95495880959104,32.094436080956676,-5.2323191274662495,-4.166508298901864
2295,0.459,49.92710430468948,32.06138039771106,-5.261278197401032,-4.1954673688366455
2296,0.4592,49.89701940955338,32.028104048243705,-5.290154431547883,-4.224343602983496
2297,0.4594,49.86887696274547,31.99480429108086,-5.318946052106609,-4.253135223542222
2298,0.4596,49.84122969722209,31.961498331197767,-5.347651285401023,-4.281840456836636
2299,0.4598,49.81152349537354,31.91477562593449,-5.376268361965215,-4.310457533400828
2300,0.46,49.781259073541044,31.865428630586024,-5.404795516629989,-4.338984688065601
2301,0.4602,49.753141093192745,31.817980042346537,-5.433230988608791,-4.3674201600444045
2302,0.4604,49.72509904207953,31.784806992028397,-5.461573021583559,-4.395762193019173
2303,0.4606,49.697617620070204,31.754846059708434,-5.489819863790329,-4.424009035225943
2304,0.4608,49.66936151058681,31.725475256963964,-5.517969768104548,-4.452158939540161
2305,0.461,49.640259581369854,31.690561026942312,-5.5460209921263335,-4.480210163561946
2306,0.4612,49.59825920963084,31.6532385828401,-5.5739717982653225,-4.508160969700935
2307,0.4614,49.553679057309964,31.61518067070051,-5.601820453825379,-4.536009625260991
2308,0.4616,49.51028691497162,31.5768390559994,-5.629565231089041,-4.563754402524655
2309,0.4618,49.466053650984634,31.538834141895247,-5.65720440740173,-4.5913935788373434
2310,0.462,49.43556564989848,31.501064399102965,-5.684736265255725,-4.618925436691338
2311,0.4622,49.408154128182744,31.468339133565728,-5.712159092373801,-4.646348263809415
2312,0.4624,49.378605260312554,31.437937416705932,-5.739471181792792,-4.6736603532284064
2313,0.4626,49.349420057852086,31.406209870138575,-5.766670831946716,-4.70086000338233
2314,0.4628,49.32005002960162,31.373765082442667,-5.793756346749717,-4.72794551818533
2315,0.463,49.29083441358075,31.341217627500832,-5.8207260356787565,-4.754915207114369
2316,0.4632,49.264181286486746,31.310959770624123,-5.847578213855911,-4.781767385291525
2317,0.4634,49.23486494085269,31.279665150767595,-5.874311202130677,-4.80850037356629
2318,0.4636,49.20607070258838,31.247855732052454,-5.900923327161641,-4.835112498597255
2319,0.4638,49.177752313088405,31.21605915064217,-5.92741292149806,-4.861602092933674
2320,0.464,49.15116719835849,31.18433205682893,-5.9537783236612185,-4.887967495096832
2321,0.4642,49.125466611332676,31.15484183616755,-5.980017878225331,-4.914207049660943
2322,0.4644,49.097406011453586,31.12647847627392,-6.006129935898248,-4.9403191073338615
2323,0.4646,49.071637031976685,31.09848708900831,-6.032112853601842,-4.966302025037455
2324,0.4648,49.046480666474835,31.070731957421188,-6.057964994552081,-4.992154165987694
2325,0.465,49.01816782489042,31.043177591977507,-6.083684728338826,-5.017873899774438
2326,0.4652,48.9892090393147,31.015802088920992,-6.109270431005224,-5.043459602440837
2327,0.4654,48.96229608815751,30.974785179165874,-6.134720485126964,-5.068909656562578
2328,0.4656,48.93580613657414,30.928592037950335,-6.160033279891035,-5.094222451326647
2329,0.4658,48.90904999234651,30.880391496876687,-6.1852072111742515,-5.119396382609866
2330,0.466,48.882231228372724,30.83157507263366,-6.210240681621442,-5.144429853057055
2331,0.4662,48.856994112831465,30.796409067745902,-6.235132100723293,-5.169321272158907
2332,0.4664,48.817787616034295,30.76487299639509,-6.25987988489388,-5.194069056329493
2333,0.4666,48.79004942024498,30.71896308437612,-6.284482457547835,-5.218671628983447
2334,0.4668,48.7624190470992,30.669908482328932,-6.308938249177199,-5.243127420612812
2335,0.467,48.73493671922935,30.621077530763397,-6.3332456974279285,-5.267434868863541
2336,0.4672,48.70806565896705,30.57231906703936,-6.357403247175961,-5.2915924186115735
2337,0.4674,48.68156935023618,30.523723602438857,-6.381409350603175,-5.315598522038788
2338,0.4676,48.6548165404207,30.47542502211251,-6.405262467272677,-5.33945163870829
2339,0.4678,48.62801901231508,30.427411385247165,-6.428961064203904,-5.363150235639517
2340,0.468,48.603632013577766,30.379634366224604,-6.452503615947412,-5.3866927873830255
2341,0.4682,48.5797853389552,30.33448628950657,-6.475888604659167,-5.410077776094779
2342,0.4684,48.5561298928128,30.305306476197995,-6.499114520174528,-5.433303691610142
2343,0.4686,48.53260316684152,30.258097726050337,-6.5221798600818826,-5.456369031517495
2344,0.4688,48.50919794225384,30.227688872699165,-6.545083129795774,-5.479272301231388
2345,0.469,48.48355492991772,30.20145081947892,-6.567822842629921,-5.502012014065535
2346,0.4692,48.45761083778175,30.17609206073636,-6.590397519869521,-5.524586691305135
2347,0.4694,48.43226659531467,30.135526518759097,-6.612805690843345,-5.546994862278958
2348,0.4696,48.40677361462905,30.107215601643727,-6.635045892995491,-5.569235064431103
2349,0.4698,48.38423467947782,30.060073675276552,-6.657116671956603,-5.591305843392215
2350,0.47,48.3600905769338,30.007893023051626,-6.679016581614773,-5.613205753050386
2351,0.4702,48.33583861117292,29.97736461593437,-6.70074418418604,-5.634933355621653
2352,0.4704,48.311755433272445,29.937151200906026,-6.722298050284383,-5.656487221719996
2353,0.4706,48.28734738814794,29.910916488710107,-6.743676758991558,-5.677865930427172
2354,0.4708,48.265825109267894,29.872626171880352,-6.764878897926143,-5.699068069361756
2355,0.471,48.24508855776698,29.82577784196498,-6.785903063312532,-5.7200922347481455
2356,0.4712,48.224672026196714,29.78211125920399,-6.806747860049289,-5.740937031484902
2357,0.4714,48.20447215455037,29.73977554019678,-6.8274119017771495,-5.761601073212763
2358,0.4716,48.184466557338794,29.697869749572817,-6.8478938109466085,-5.782082982382223
2359,0.4718,48.16465069429032,29.656805545030032,-6.868192218885003,-5.802381390320616
2360,0.472,48.145024531689636,29.631673132375212,-6.888305765863288,-5.822494937298902
2361,0.4722,48.12558907957621,29.593467074692786,-6.908233101162326,-5.842422272597939
2362,0.4724,48.106345854082704,29.568231005920747,-6.927972883138584,-5.862162054574197
2363,0.4726,48.087294948386216,29.530458867395797,-6.947523779289677,-5.881712950725291
2364,0.4728,48.06843773193229,29.506505849878458,-6.966884466319229,-5.901073637754842
2365,0.473,48.04937243778815,29.469647397058527,-6.98605363020139,-5.920242801637003
2366,0.4732,48.030277164181136,29.446298476565083,-7.005029966244892,-5.939219137680505
2367,0.4734,47.99814386569984,29.42571909387358,-7.023812179156569,-5.958001350592182
2368,0.4736,47.96225141539668,29.405813197036014,-7.042398983104637,-5.97658815454025
2369,0.4738,47.94013139656465,29.386127247104614,-7.060789101781176,-5.994978273216789
2370,0.474,47.90679165059043,29.36656752162611,-7.0789812684644815,-6.013170439900095
2371,0.4742,47.883805392599925,29.3471673814989,-7.096974226080738,-6.031163397516351
2372,0.4744,47.8634755873009,29.327877495664243,-7.114766727265295,-6.048955898700908
2373,0.4746,47.84512608477452,29.302277593212352,-7.132357534423481,-6.0665467058590945
2374,0.4748,47.82606490018247,29.257167190090772,-7.149745419790872,-6.083934591226485
2375,0.475,47.806669413455126,29.225068505366494,-7.166929165493185,-6.101118336928798
2376,0.4752,47.788891751661424,29.202338371561893,-7.183907563605657,-6.11809673504127
2377,0.4754,47.75842210746975,29.159615078876215,-7.200679416211803,-6.134868587647416
2378,0.4756,47.73887985985037,29.118999599407903,-7.217243535461922,-6.151432706897535
2379,0.4758,47.7207286260097,29.096479624114288,-7.233598743630931,-6.167787915066544
2380,0.476,47.68913204726085,29.054659058816753,-7.249743873175781,-6.183933044611394
2381,0.4762,47.669399840366154,29.008311457513013,-7.265677766792358,-6.199866938227971
2382,0.4764,47.6523567671205,28.961493255572748,-7.281399277471887,-6.2155884489075
2383,0.4766,47.63597721555031,28.915217017018847,-7.29690726855684,-6.231096439992453
2384,0.4768,47.61863669908491,28.885222230463366,-7.312200613796332,-6.246389785231945
2385,0.477,47.6021113492623,28.857668458298892,-7.327278197401014,-6.261467368836628
2386,0.4772,47.58490651882608,28.83106035058592,-7.342138914097465,-6.276328085533078
2387,0.4774,47.567443315739325,28.80484874471056,-7.356781669182018,-6.290970840617631
2388,0.4776,47.54996127248271,28.786159278956582,-7.3712053785741825,-6.305394550009796
2389,0.4778,47.51968734316825,28.77028780737224,-7.385408968869433,-6.319598140305046
2390,0.478,47.501580218977494,28.754615618957704,-7.399391377391536,-6.3335805488271495
2391,0.4782,47.486681735234434,28.73891212240256,-7.413151552244353,-6.347340723679967
2392,0.4784,47.47274883021641,28.715786399095236,-7.426688452363094,-6.360877623798707
2393,0.4786,47.45922818856014,28.69766310147548,-7.440001047565078,-6.374190219000691
2394,0.4788,47.445985200611354,28.674708797002033,-7.453088318599896,-6.387277490035509
2395,0.479,47.43298782256311,28.649406673824373,-7.465949257199155,-6.400138428634768
2396,0.4792,47.420228434641665,28.62335516004684,-7.4785828661255715,-6.412772037561185
2397,0.4794,47.40720245568395,28.605174011569954,-7.490988159221596,-6.425177330657209
2398,0.4796,47.392883559541715,28.58257151639419,-7.503164161457472,-6.437353332893085
2399,0.4798,47.37806961276473,28.558548910081345,-7.515109908978722,-6.4492990804143355
2400,0.48,47.34988478072404,28.53428362589748,-7.526824449153217,-6.46101362058883
2401,0.4802,47.334046991858855,28.510206377201193,-7.538306840617518,-6.472496012053131
2402,0.4804,47.32155129104687,28.47067153825829,-7.549556153322766,-6.483745324758379
2403,0.4806,47.31008021255043,28.452703055953478,-7.560571468580061,-6.4947606400156745
2404,0.4808,47.299047696441406,28.440032178062864,-7.5713518791052,-6.505541050540813
2405,0.481,47.27490737534548,28.42867163035586,-7.581896489062907,-6.51608566049852
2406,0.4812,47.2596383991214,28.417764856693363,-7.592204414110489,-6.526393585546102
2407,0.4814,47.24787497802024,28.40713056848731,-7.6022747814409435,-6.536463952876557
2408,0.4816,47.23739072662862,28.39641660403821,-7.612106729825496,-6.546295901261109
2409,0.4818,47.22745170965076,28.38572202372818,-7.621699409655584,-6.555888581091197
2410,0.482,47.217841979301745,28.375088099794997,-7.63105198298423,-6.5652411544198435
2411,0.4822,47.208502306918376,28.364369319116555,-7.640163623566937,-6.57435279500255
2412,0.4824,47.19941749994245,28.353590172522573,-7.649033516901917,-6.58322268833753
2413,0.4826,47.19058416225534,28.318713359084853,-7.657660860269806,-6.59185003170542
2414,0.4828,47.18200194354985,28.279558162279322,-7.6660448627727815,-6.600234034208395
2415,0.483,47.173671274243105,28.2395299686066,-7.674184745373112,-6.608373916808725
2416,0.4832,47.16556732211747,28.199678632149876,-7.6820797409311306,-6.616268912366744
2417,0.4834,47.15767917932512,28.16015855041493,-7.689729094242601,-6.623918265678214
2418,0.4836,47.13606021131386,28.12100561758366,-7.697132062075565,-6.631321233511178
2419,0.4838,47.11088869832557,28.082271352103483,-7.7042879132065325,-6.638477084642146
2420,0.484,47.08510827074612,28.043967997673082,-7.7111959284561395,-6.645385099891753
2421,0.4842,47.059512132777755,28.02979641217264,-7.717855400724198,-6.652044572159811
2422,0.4844,47.03430436766893,27.997737271935698,-7.724265635024125,-6.658454806459738
2423,0.4846,47.00954686953789,27.98618033009749,-7.730425948516886,-6.664615119952499
2424,0.4848,46.985868400501786,27.97933957577819,-7.736335670544216,-6.670524841979829
2425,0.485,46.961622843404086,27.94984020713415,-7.741994142661308,-6.676183314096921
2426,0.4852,46.95194186086052,27.91494778239359,-7.747400718668943,-6.681589890104556
2427,0.4854,46.94595615597467,27.887611164454615,-7.752554764644955,-6.6867439360805685
2428,0.4856,46.94104939483319,27.8790455168376,-7.757455658975139,-6.691644830410752
2429,0.4858,46.936616289410566,27.87419438869229,-7.76210279238354,-6.696291963819153
2430,0.486,46.93250061932417,27.870252218679823,-7.766495567962153,-6.700684739397766
2431,0.4862,46.92865919648657,27.86667981372089,-7.7706334012000156,-6.704822572635629
2432,0.4864,46.9250799411458,27.8633703927644,-7.774515720011696,-6.708704891447309
2433,0.4866,46.92175969109078,27.86030271319263,-7.778141964765175,-6.712331136200788
2434,0.4868,46.9148366509575,27.85746578140849,-7.781511588309127,-6.71570075974474
2435,0.487,46.91039154683077,27.854860117864664,-7.784624055999558,-6.718813227435171
2436,0.4872,46.90396945108001,27.852488804331685,-7.7874788457259285,-6.721668017161542
2437,0.4874,46.89717665343388,27.850362024485314,-7.790075447936521,-6.724264619372134
2438,0.4876,46.89046719464386,27.848480331767828,-7.792413365663334,-6.726602537098947
2439,0.4878,46.88396919010813,27.846842106952536,-7.794492114546278,-6.728681285981891
2440,0.488,46.87770576165623,27.845446673435376,-7.796311222856787,-6.7305003942924
2441,0.4882,46.87165575958651,27.84429404846781,-7.797870231520815,-6.732059402956428
2442,0.4884,46.8658596808476,27.8433847158478,-7.799168694141191,-6.733357865576804
2443,0.4886,46.86393774885748,27.842719344200432,-7.800206177019402,-6.734395348455015
2444,0.4888,46.859528859664096,27.842298649478845,-7.800982259176732,-6.735171430612345
2445,0.489,46.8550001988902,27.84212334540318,-7.801496532374738,-6.7356857038103515
2446,0.4892,46.853983490905875,27.842194127072997,-7.801748601135199,-6.7359377725708125
2447,0.4894,46.853734858516376,27.842511490823746,-7.8017380827593605,-6.735927254194974
2448,0.4896,46.85345247579122,27.843075782379312,-7.801464607346594,-6.735653778782207
2449,0.4898,46.8508051074772,27.843887248907038,-7.800927817812432,-6.735116989248045
2450,0.49,46.85103937052339,27.84494626258836,-7.80012736990595,-6.734316541341563
2451,0.4902,46.85213031047082,27.8462533065942,-7.799062932226586,-6.733252103662199
2452,0.4904,46.85364367869991,27.84780890927771,-7.797734186240242,-6.731923357675855
2453,0.4906,46.85274689247003,27.8496134261078,-7.796140826294848,-6.730329997730461
2454,0.4908,46.85076794672276,27.851667249554815,-7.794282559635243,-6.728471731070856
2455,0.491,46.848565367539294,27.841205030105243,-7.792159106417443,-6.726348277853056
2456,0.4912,46.849728578080544,27.82839199195504,-7.789770199722288,-6.7239593711579015
2457,0.4914,46.848495290982854,27.827869381513654,-7.787115585568436,-6.72130475700405
2458,0.4916,46.85051005979887,27.817464896721983,-7.784195022924759,-6.718384194360373
2459,0.4918,46.85261519567744,27.805435002615067,-7.7810082837220875,-6.715197455157701
2460,0.492,46.8556257465756,27.803557624197353,-7.777555152864311,-6.711744324299924
2461,0.4922,46.856217549301626,27.791066427042452,-7.773835428238878,-6.708024599674491
2462,0.4924,46.85687408751443,27.77648512218647,-7.769848920726644,-6.704038092162257
2463,0.4926,46.860552493155325,27.776508845313362,-7.7655954542110806,-6.699784625646694
2464,0.4928,46.86479007155364,27.780349108837406,-7.7610748655868695,-6.695264037022483
2465,0.493,46.86594744442039,27.785239654351564,-7.756287004767841,-6.690476176203454
2466,0.4932,46.86685714578855,27.790644797548644,-7.751231734694301,-6.685420906129914
2467,0.4934,46.86769213553197,27.796359757842673,-7.745908931339702,-6.6800981027753155
2468,0.4936,46.872279201340184,27.802307126444916,-7.7403184837166945,-6.674507655152308
2469,0.4938,46.87499498373494,27.795954768776692,-7.7344602938825275,-6.668649465318141
2470,0.494,46.88033400214189,27.78724367238803,-7.7283342769438335,-6.662523448379447
2471,0.4942,46.88364525345696,27.778251938346635,-7.7219403610607555,-6.656129532496369
2472,0.4944,46.889540585252945,27.769199580600336,-7.7152784874504565,-6.64946765888607
2473,0.4946,46.893407885891996,27.77230705609879,-7.708348610389979,-6.642537781825593
2474,0.4948,46.89714511306917,27.76567531331482,-7.701150697218478,-6.635339868654091
2475,0.495,46.90108183226608,27.754968902680737,-7.693684728338806,-6.6278738997744195
2476,0.4952,46.907994083052046,27.755606320091797,-7.685950697218478,-6.620139868654091
2477,0.4954,46.91298461008791,27.74625430812779,-7.677948610389979,-6.612137781825592
2478,0.4956,46.92085522017164,27.74965251696991,-7.669678487450456,-6.603867658886069
2479,0.4958,46.92656282578728,27.754282601497863,-7.661140361060755,-6.595329532496368
2480,0.496,46.93209358770519,27.74867974969014,-7.652334276943833,-6.586523448379446
2481,0.4962,46.94076387058516,27.73942479043001,-7.643260293882527,-6.57744946531814
2482,0.4964,46.950012691605465,27.743900384143565,-7.633918483716694,-6.568107655152307
2483,0.4966,46.95706579119787,27.751901192493847,-7.624308931339702,-6.5584981027753155
2484,0.4968,46.96316537434807,27.760940085376973,-7.6144317346943,-6.548620906129913
2485,0.497,46.97263723422557,27.770394457079057,-7.604287004767839,-6.538476176203452
2486,0.4972,46.9831148721695,27.76758136425595,-7.5938748655868675,-6.528064037022481
2487,0.4974,46.993451417243534,27.76027561441835,-7.58319545421108,-6.517384625646693
2488,0.4976,47.00444004443584,27.764366983379254,-7.5722489207266435,-6.506438092162257
2489,0.4978,47.01586884851942,27.758303912147205,-7.561035428238878,-6.495224599674491
2490,0.498,47.02762603788536,27.76506815069647,-7.54955515286431,-6.4837443242999235
2491,0.4982,47.03967569830134,27.762801763795505,-7.537808283722087,-6.4719974551577
2492,0.4984,47.0520074497865,27.769291201332134,-7.525795022924758,-6.459984194360371
2493,0.4986,47.06461801688552,27.779934839552162,-7.513515585568433,-6.447704757004046
2494,0.4988,47.07750585244598,27.777323868666926,-7.500970199722285,-6.435159371157898
2495,0.499,47.09066995268881,27.786519105143224,-7.488159106417442,-6.422348277853056
2496,0.4992,47.10410828957666,27.798720256634468,-7.475082559635242,-6.409271731070855
2497,0.4994,47.11781962582327,27.81182852704729,-7.461740826294847,-6.39592999773046
2498,0.4996,47.131802975986766,27.823065714463155,-7.448134186240241,-6.382323357675854
2499,0.4998,47.146057337392776,27.82090869250877,-7.434262932226582,-6.368452103662195
2500,0.5,47.16058160704902,27.83099979621533,-7.4201273699059485,-6.354316541341562
2501,0.5002,47.17537468980994,27.82941341486239,-7.405727817812427,-6.3399169892480405
2502,0.5004,47.190435507980006,27.82535516471813,-7.391064607346596,-6.325253778782209
2503,0.5006,47.205763044582056,27.83583187818382,-7.376138082759355,-6.310327254194968
2504,0.5008,47.22135623555845,27.85002545221723,-7.360948601135195,-6.295137772570808
2505,0.501,47.23721407225492,27.865282146366425,-7.345496532374737,-6.27968570381035
2506,0.5012,47.25333669493389,27.868298514836084,-7.3297822591767305,-6.263971430612344
2507,0.5014,47.2696942870066,27.866811138394944,-7.313806177019405,-6.247995348455018
2508,0.5016,47.28628881456047,27.86661364238453,-7.297568694141185,-6.231757865576798
2509,0.5018,47.303124780318576,27.86500912306366,-7.281070231520808,-6.215259402956421
2510,0.502,47.320204419980165,27.877594776703063,-7.264311222856785,-6.198500394292398
2511,0.5022,47.33752696865644,27.891452164228514,-7.247292114546276,-6.1814812859818895
2512,0.5024,47.35188472329929,27.892910233232875,-7.230013365663332,-6.164202537098945
2513,0.5026,47.36871982220039,27.906654446407163,-7.212475447936514,-6.146664619372127
2514,0.5028,47.38571105679557,27.923690847242913,-7.194678845725922,-6.128868017161535
2515,0.503,47.40333296705598,27.941743212261816,-7.1766240559995556,-6.110813227435169
2516,0.5032,47.421376867603,27.94782362518213,-7.158311588309119,-6.092500759744732
2517,0.5034,47.43967656970268,27.96171977803139,-7.139741964765173,-6.073931136200787
2518,0.5036,47.45821860175779,27.976950204914253,-7.120915720011694,-6.055104891447307
2519,0.5038,47.47699175893209,27.980101512482108,-7.1018334012000075,-6.036022572635621
2520,0.504,47.496017915663884,27.98103486950866,-7.082495567962144,-6.016684739397757
2521,0.5042,47.51527412606548,27.981773813561368,-7.062902792383537,-5.99709196381915
2522,0.5044,47.53499524809983,27.982777094975617,-7.0430556589751365,-5.97724483041075
2523,0.5046,47.55481794723537,27.98420093194548,-7.022954764644947,-5.95714393608056
2524,0.5048,47.574815756765126,27.988295585672457,-7.002600718668933,-5.936789890104547
2525,0.505,47.591856433507914,27.99364085718129,-6.981994142661298,-5.916183314096911
2526,0.5052,47.60841280643031,27.99949775133121,-6.9611356705442065,-5.89532484197982
2527,0.5054,47.628442433847496,28.003560250220797,-6.940025948516884,-5.874215119952497
2528,0.5056,47.64925906811606,28.009274056640955,-6.918665635024122,-5.852854806459735
2529,0.5058,47.67063271579035,28.01367272962792,-6.897055400724189,-5.831244572159802
2530,0.506,47.68953464513298,28.017719134268802,-6.8751959284561375,-5.809385099891751
2531,0.5062,47.710981432358565,28.036201948671202,-6.85308791320653,-5.7872770846421435
2532,0.5064,47.73293411981924,28.05825584703861,-6.830732062075561,-5.764921233511174
2533,0.5066,47.7553624272929,28.081323369922416,-6.808129094242592,-5.742318265678205
2534,0.5068,47.77494637456637,28.104811283813778,-6.785279740931121,-5.719468912366734
2535,0.507,47.79718959292027,28.128582944881657,-6.7621847453731085,-5.696373916808722
2536,0.5072,47.8202618083432,28.152605967645698,-6.738844862772779,-5.673034034208392
2537,0.5074,47.84372678232263,28.176551786862934,-6.715260860269803,-5.649450031705416
2538,0.5076,47.864898350256816,28.200530370094434,-6.691433516901905,-5.625622688337518
2539,0.5078,47.88509894434896,28.224598660234633,-6.667363623566925,-5.601552795002538
2540,0.508,47.905379470474536,28.24878239200269,-6.643051982984218,-5.5772411544198315
2541,0.5082,47.925703321073186,28.2736004524959,-6.61849940965558,-5.552688581091193
2542,0.5084,47.94639986605178,28.298816065723358,-6.593706729825501,-5.527895901261115
2543,0.5086,47.970474548322755,28.324321679533185,-6.56867478144093,-5.5028639528765435
2544,0.5088,47.99478101676413,28.350083421249614,-6.543404414110485,-5.477593585546098
2545,0.509,48.016866694470856,28.3760895637388,-6.517896489062903,-5.452085660498517
2546,0.5092,48.03854006651977,28.402334793067784,-6.492151879105197,-5.4263410505408105
2547,0.5094,48.06351799788639,28.428816454098364,-6.4661714685800575,-5.400360640015671
2548,0.5096,48.08948480294233,28.455533340699024,-6.439956153322752,-5.3741453247583655
2549,0.5098,48.11587333126346,28.48248457998381,-6.413506840617504,-5.347696012053118
2550,0.51,48.14254381132115,28.509668889265345,-6.386824449153214,-5.321013620588827
2551,0.5102,48.16946132869385,28.5370846873681,-6.359909908978718,-5.294099080414331
2552,0.5104,48.19661652373205,28.564730305805128,-6.332764161457457,-5.26695333289307
2553,0.5106,48.22400621532708,28.592603984562718,-6.305388159221581,-5.239577330657194
2554,0.5108,48.25162870684813,28.62070393167722,-6.277782866125558,-5.211972037561171
2555,0.511,48.27948265560697,28.649028361017812,-6.249949257199139,-5.1841384286347525
2556,0.5112,48.30756680095287,28.677575627641986,-6.221888318599881,-5.156077490035494
2557,0.5114,48.33587989864402,28.70634419289329,-6.193601047565074,-5.127790219000687
2558,0.5116,48.364420704815785,28.735304546167022,-6.1650884523630785,-5.099277623798692
2559,0.5118,48.39318797206128,28.764472351259712,-6.136351552244338,-5.070540723679951
2560,0.512,48.42218044846615,28.79385402968513,-6.107391377391532,-5.041580548827145
2561,0.5122,48.4513968772485,28.823450475829976,-6.078208968869427,-5.012398140305041
2562,0.5124,48.48083599661529,28.853177003528362,-6.048805378574178,-4.982994550009791
2563,0.5126,48.51049653969164,28.883145609464073,-6.019181669182014,-4.953370840617628
2564,0.5128,48.540377234463975,28.91335579716007,-5.989338914097449,-4.9235280855330625
2565,0.513,48.57047680372307,28.943790401430434,-5.959278197401009,-4.893467368836623
2566,0.5132,48.60079396500695,28.974438997739675,-5.929000613796327,-4.863189785231941
2567,0.5134,48.63132743054493,29.005296576391448,-5.898507268556835,-4.832696439992449
2568,0.5136,48.66207590720321,29.03636059107678,-5.867799277471882,-4.801988448907496
2569,0.5138,48.69303809643173,29.067629364850795,-5.836877766792353,-4.771066938227967
2570,0.514,48.72421269422867,29.099088477956965,-5.805743873175776,-4.73993304461139
2571,0.5142,48.75559839109196,29.130727610424128,-5.774398743630913,-4.708587915066527
2572,0.5144,48.78719387194143,29.162541677475417,-5.742843535461915,-4.6770327068975295
2573,0.5146,48.81899781606495,29.19454137580661,-5.711079416211797,-4.645268587647411
2574,0.5148,48.851008897074614,29.226635641163448,-5.67910756360564,-4.613296735041254
2575,0.515,48.88322578286685,29.2588456780111,-5.646929165493179,-4.581118336928793
2576,0.5152,48.91564713520721,29.291171368735768,-5.614545419790853,-4.548734591226467
2577,0.5154,48.94827160967049,29.32141469673533,-5.581957534423464,-4.516146705859078
2578,0.5156,48.98109773041409,29.350823378960698,-5.5491667272652885,-4.483355898700903
2579,0.5158,49.0141240029917,29.380185804703473,-5.516174226080719,-4.450363397516333
2580,0.516,49.047348955260446,29.396780269317492,-5.482981268464476,-4.41717043990009
2581,0.5162,49.08077113670569,29.410775881929226,-5.449589101781171,-4.383778273216786
2582,0.5164,49.11438909731728,29.42443573307915,-5.415998983104632,-4.3501881545402465
2583,0.5166,49.14820138814683,29.43828383569309,-5.382212179156576,-4.316401350592191
2584,0.5168,49.182206559702266,29.45245129058751,-5.3482299662448725,-4.282419137680487
2585,0.517,49.216403161116396,29.466940060438105,-5.314053630201384,-4.248242801636998
2586,0.5172,49.25078973966303,29.481745842723758,-5.279684466319223,-4.213873637754838
2587,0.5174,49.284886860468134,29.49686637950732,-5.2451237792896706,-4.1793129507252855
2588,0.5176,49.3194089494397,29.512274234988812,-5.210372883138579,-4.144562054574193
2589,0.5178,49.35424656504051,29.527872693431764,-5.175433101162305,-4.109622272597919
2590,0.518,49.389315189105204,29.558428597602088,-5.140305765863282,-4.074494937298898
2591,0.5182,49.424581767792425,29.580309214398593,-5.104992218884982,-4.039181390320597
2592,0.5184,49.460034879780075,29.613025640078085,-5.069493810946589,-4.0036829823822035
2593,0.5186,49.4956701917113,29.64807023864832,-5.033811901777158,-3.968001073212773
2594,0.5188,49.531485454783336,29.681405310111828,-4.997947860049268,-3.9321370314848836
2595,0.519,49.567478995427976,29.713928976107645,-4.961903063312511,-3.8960922347481266
2596,0.5192,49.603649290365105,29.748726713487937,-4.925678897926137,-3.859868069361752
2597,0.5194,49.63999485179625,29.784694705011496,-4.889276758991552,-3.8234659304271674
2598,0.5196,49.67651343181028,29.821173322168363,-4.85269805028439,-3.786887221720006
2599,0.5198,49.713203467312866,29.857919524308105,-4.8159441841860176,-3.750133355621633
2600,0.52,49.75006430463596,29.894856087174983,-4.779016581614766,-3.713205753050381
2601,0.5202,49.787094620855335,29.931959668599045,-4.741916671956595,-3.67610584339221
2602,0.5204,49.82429282648883,29.969222895853367,-4.704645892995483,-3.638835064431099
2603,0.5206,49.86165732487496,30.00664287802448,-4.667205690843337,-3.6013948622789536
2604,0.5208,49.89918655781772,30.031851018375924,-4.629597519869499,-3.5637866913051144
2605,0.521,49.936878989616176,30.052281621219173,-4.591822842629913,-3.5260120140655293
2606,0.5212,49.974733091545566,30.071342389743517,-4.553883129795768,-3.4880723012313832
2607,0.5214,50.01274733419964,30.104767421849456,-4.515779860081858,-3.4499690315174747
2608,0.5216,50.05092018441388,30.12729538348516,-4.4775145201745215,-3.411703691610137
2609,0.5218,50.089250104136305,30.162007304080664,-4.439088604659142,-3.373277776094759
2610,0.522,50.12773555002909,30.185045402710287,-4.400503615947389,-3.334692787383005
2611,0.5222,50.166374973329496,30.22013125500949,-4.361761064203896,-3.2959502356395123
2612,0.5224,50.20516681978634,30.25826415081801,-4.322862467272669,-3.2570516387082855
2613,0.5226,50.244109529637115,30.28243244332259,-4.283809350603183,-3.217998522038799
2614,0.5228,50.2832015375741,30.31805781695291,-4.244603247175952,-3.178792418611569
2615,0.523,50.32244124608465,30.35660342106692,-4.2052456974279036,-3.13943486886352
2616,0.5232,50.36182706680984,30.38362070826389,-4.16573824917719,-3.099927420612807
2617,0.5234,50.40135741293429,30.42078302533667,-4.126082457547826,-3.0602716289834424
2618,0.5236,50.4410307198487,30.459949119469186,-4.086279884893871,-3.020469056329488
2619,0.5238,50.48084540412529,30.484903918030138,-4.046332100723285,-2.980521272158902
2620,0.524,50.52079986595523,30.521364095163346,-4.006240681621433,-2.94042985305705
2621,0.5242,50.560892497499346,30.558389473516026,-3.9660072111742433,-2.90019638260986
2622,0.5244,50.60112168619915,30.58496473934283,-3.9256332798910094,-2.859822451326626
2623,0.5246,50.64148581513928,30.607955644790493,-3.8851204851269387,-2.8193096565625555
2624,0.5248,50.681983262694764,30.62952754364065,-3.844470431005198,-2.778659602440815
2625,0.525,50.7226124022233,30.665316096304117,-3.803684728338799,-2.737873899774416
2626,0.5252,50.76337160191726,30.705063207827173,-3.7627649945520716,-2.6969541659876883
2627,0.5254,50.80425922467483,30.743498302970835,-3.721712853601833,-2.65590202503745
2628,0.5256,50.84527362823961,30.7710616067687,-3.6805299358982397,-2.614719107333857
2629,0.5258,50.88641316525534,30.80720452447086,-3.639217878225304,-2.573407049660921
2630,0.526,50.92767618326346,30.832482208052564,-3.5977783236611915,-2.5319674950968087
2631,0.5262,50.96906102480763,30.87009699512756,-3.556212921498034,-2.490402092933651
2632,0.5264,51.01056602758052,30.910775742089232,-3.5145233271616316,-2.448712498597249
2633,0.5266,51.05218952439934,30.937448339256058,-3.472711202130685,-2.406900373566302
2634,0.5268,51.093929843207974,30.97547549900599,-3.430778213855884,-2.3649673852915014
2635,0.527,51.135785306943696,31.01634784506693,-3.3887260356787285,-2.322915207114346
2636,0.5272,51.17775423358075,31.045506851994453,-3.3465563467497077,-2.2807455181853253
2637,0.5274,51.21983493628186,31.084998969001326,-3.3042708319467065,-2.238460003382324
2638,0.5276,51.26202572351226,31.126773340689656,-3.2618711817927832,-2.196060353228401
2639,0.5278,51.30432489912417,31.154166020811285,-3.219359092373773,-2.1535482638093906
2640,0.528,51.346730762468745,31.193035548554665,-3.1767362652556965,-2.110925436691314
2641,0.5282,51.38924160856071,31.234853758801275,-3.13400440740172,-2.0681935788373376
2642,0.5284,51.43185550556534,31.275040234557572,-3.091165231089031,-2.025354402524649
2643,0.5286,51.474570920514395,31.314524460197944,-3.0482204538253685,-1.9824096252609864
2644,0.5288,51.517386419743715,31.353609428439796,-3.0051717982652937,-1.9393609697009115
2645,0.529,51.56030076017382,31.39498487976514,-2.9620209921263045,-1.8962101635619226
2646,0.5292,51.60331200790104,31.437488730264484,-2.9187697681045193,-1.8529589395401374
2647,0.5294,51.64641832796837,31.48044047984887,-2.8754198637903006,-1.8096090352259184
2648,0.5296,51.68961838505204,31.52128854511477,-2.8319730215835666,-1.7661621930191849
2649,0.5298,51.732910511351676,31.548391919612534,-2.7884309886087624,-1.7226201600443807
2650,0.53,51.776292835527535,31.587636547367204,-2.744795516629977,-1.6789846880655954
2651,0.5302,51.819763459869215,31.630033106195434,-2.701068361965204,-1.6352575334008224
2652,0.5304,51.863320533435136,31.673264592475498,-2.6572512854010113,-1.5914404568366296
2653,0.5306,51.90696223571124,31.714011257166327,-2.6133460521066167,-1.5475352235422353
2654,0.5308,51.9506867583426,31.744426376014495,-2.569354431547853,-1.5035436029834714
2655,0.531,51.99449232399225,31.767926693488317,-2.5252781974010023,-1.4594673688366209
2656,0.5312,52.03837717165354,31.789415938295832,-2.4811191274662385,-1.415308298901857
2657,0.5314,52.082339544141504,31.821725109526717,-2.436879003581053,-1.3710681750166716
2658,0.5316,52.1263776822593,31.861368207431145,-2.3925596115333922,-1.3267487829690108
2659,0.5318,52.17048982269579,31.901473129362074,-2.3481627409746206,-1.2823519124102396
2660,0.532,52.21467418125269,31.943625959091897,-2.3036901853322798,-1.2378793567678983
2661,0.5322,52.258928959102356,31.975159758992927,-2.2591437417227476,-1.1933329131583665
2662,0.5324,52.30325237378587,32.00275624316513,-2.2145252108635445,-1.1487143822991635
2663,0.5326,52.347642646989556,32.03164558891892,-2.169836396985658,-1.1040255684212765
2664,0.5328,52.3920979741992,32.07306727199092,-2.1250791077454942,-1.0592682791811132
2665,0.533,52.436616565819854,32.11694873425321,-2.080255154136968,-1.0144443255725868
2666,0.5332,52.481196630025636,32.146167555861666,-2.0353663504030424,-0.9695555218386618
2667,0.5334,52.525836370924345,32.18698010022776,-1.9904145139474063,-0.9246036853830255
2668,0.5336,52.5705339888521,32.23070542734698,-1.9454014652458722,-0.8795906366814914
2669,0.5338,52.61528768052281,32.26217433358053,-1.9003290277576328,-0.8345181991932521
2670,0.534,52.66009563913992,32.30185374459181,-1.8551990278364638,-0.7893881992720833
2671,0.5342,52.70495580582593,32.32985976450929,-1.8100132946416145,-0.744202466077234
2672,0.5344,52.749866523598484,32.37046668666083,-1.7647736600486572,-0.6989628314842766
2673,0.5346,52.79482624473182,32.41435638406377,-1.7194819585602799,-0.6536711299958994
2674,0.5348,52.83983362136055,32.45911569952926,-1.6741400272168765,-0.6083291986524961
2675,0.535,52.884886833204526,32.48876393563076,-1.6287497055069158,-0.5629388769425354
2676,0.5352,52.92998390393322,32.529956145860055,-1.5833128352773638,-0.5175020067129834
2677,0.5354,52.97512263490722,32.57414753900751,-1.5378312606438953,-0.47202043207951505
2678,0.5356,53.02030154202489,32.60589880775,-1.4923068279010154,-0.4264959993366351
2679,0.5358,53.06551888746853,32.63500915584311,-1.4467413854320528,-0.38093055686767263
2680,0.536,53.11077277706695,32.67679530256949,-1.401136783619151,-0.3353259550547711
2681,0.5362,53.156061303995656,32.721212382266586,-1.355494874752967,-0.2896840461885869
2682,0.5364,53.201382593991255,32.75317490888957,-1.3098175129424692,-0.2440066843780892
2683,0.5366,53.246734808978545,32.780381020966004,-1.2641065540245533,-0.1982957254601735
2684,0.5368,53.292116132877595,32.82117165755998,-1.2183638554735712,-0.1525530269091913
2685,0.537,53.33752476532929,32.86542319050479,-1.1725912763108775,-0.10678044774649764
2686,0.5372,53.38295892392368,32.89753167028788,-1.1267906770141078,-0.06097984844972809
2687,0.5374,53.42841683881024,32.927093431189235,-1.0809639194265983,-0.015153090862218666
2688,0.5376,53.47389480497291,32.96916496837984,-1.035112866666545,0.030697961897834636
2689,0.5378,53.51939122555824,33.0139670374726,-0.9892393830363148,0.0803461157120614
2690,0.538,53.56490468404914,33.059374755772694,-0.9433453339314842,0.06466824256667708
2691,0.5382,53.61031518550908,33.104923592238954,-0.8974325857500209,0.09511027970550812
2692,0.5384,53.655416933937516,33.15050581504608,-0.8515030058012006,0.13726640485975544
2693,0.5386,53.69883089345144,33.196094074865066,-0.805558462214675,0.16680975476286553
2694,0.5388,53.742006518293174,33.22640944439359,-0.7596008238494023,0.1932500518431801
2695,0.539,53.78506571375135,33.2678674491663,-0.7136319602025425,0.2177859253505066
2696,0.5392,53.828114182357005,33.29684627748229,-0.6676537413184184,0.24268389440317562
2697,0.5394,53.87307493062059,33.337933199291456,-0.6216680376972552,0.2674637522607064
2698,0.5396,53.91825786825538,33.38215677920782,-0.5756767202040932,0.291822596032409
2699,0.5398,53.96192517375382,33.41388677819144,-0.5296816599775852,0.31568258017009154
2700,0.54,54.00531330926562,33.43861523914402,-0.4836847283387795,0.33887618705993
2701,0.5402,54.048579407777375,33.461172898952206,-0.43768779669999336,0.3609774312497762
2702,0.5404,54.09368731728753,33.48322695198976,-0.39169273647350483,0.381787254968237
2703,0.5406,54.13740425387537,33.50532633285719,-0.34570141898034296,0.40129753256638323
2704,0.5408,54.182626271354245,33.5320027149507,-0.29971571535917974,0.43553119804399343
2705,0.541,54.22809175269279,33.56048743431301,-0.25373749647503613,0.40381332509657814
2706,0.5412,54.273671650864884,33.602413042097034,-0.2077686328281959,0.355963283708708
2707,0.5414,54.31744505434294,33.647116438022664,-0.1618109944629233,0.3082504258327825
2708,0.5416,54.360887229592315,33.692359856894825,-0.11586645087639769,0.26576661317601435
2709,0.5418,54.40597101494004,33.737689246850564,-0.06993687092757744,0.28916728134533587
2710,0.542,54.43666065036544,33.783089255724775,-0.024024122746114263,0.26683278599295746
2711,0.5422,54.46383237773556,33.82844447222301,0.021869926358716207,0.29523972967987594
2712,0.5424,54.504798049611736,33.87374915800401,0.07174639944458822,0.33654382668172034
2713,0.5426,54.548079442830115,33.9189837060966,0.06437128085879357,0.3807851453808426
2714,0.5428,54.592572331820584,33.964145631868845,0.09745472861214616,0.36668209337369867
2715,0.543,54.622214020327064,34.00934233481916,0.14052355684851886,0.3977369131881162
2716,0.5432,54.662910414607595,34.054563034747154,0.1097288887183061,0.42493409343806104
2717,0.5434,54.69137499571171,34.09975123075598,0.13677947837652749,0.45101985467472283
2718,0.5436,54.732097358365905,34.14487762355825,0.1774594840660042,0.4762542016687068
2719,0.5438,54.774909968590045,34.18996032174611,0.21883234771236137,0.5008230774578486
2720,0.544,54.8165509537071,34.2350067589177,0.25886849360299924,0.5395304053338181
2721,0.5442,54.857853420471926,34.28001777563465,0.29947022953066615,0.5811196673121344
2722,0.5444,54.90148282851418,34.324991919536885,0.24625500775121856,0.6208370057843937
2723,0.5446,54.945849095290754,34.36992708735926,0.1764855151434236,0.595446054683231
2724,0.5448,54.990411083697396,34.41482101911124,0.11917494012393948,0.620475206300719
2725,0.545,55.034897437351795,34.45967142788886,0.07604353662054297,0.659089976838271
2726,0.5452,55.077903975517074,34.50447593463037,0.05598530336088248,0.7010932034363644
2727,0.5454,55.12206669359537,34.549232009793535,0.09038222232044979,0.6777387660068745
2728,0.5456,55.16646304485293,34.5939372621369,0.07733992883807828,0.6400256109329969
2729,0.5458,55.210870916794036,34.63858938836341,0.06164514227748685,0.6010927183957465
2730,0.546,55.25523522598169,34.6831859226177,0.054683929971580225,0.6248894211508992
2731,0.5462,55.29954100014086,34.72772435784611,0.08942792470668759,0.6472159613007831
2732,0.5464,55.343782980322764,34.772201780923645,0.1335366351266709,0.6828668505655855
2733,0.5466,55.38795827613427,34.81653565107181,0.17910467259314222,0.6628439559862203
2734,0.5468,55.43206509004098,34.860668709038336,0.15180391331599452,0.6312044963832644
2735,0.547,55.47610124480606,34.89154721162831,0.11251078457281061,0.6573808965205036
2736,0.5472,55.51996629895844,34.91912699066402,0.07421218602002133,0.697826730475987
2737,0.5474,55.563700801012544,34.94592754884178,0.057268305299444044,0.6811686104186794
2738,0.5476,55.60733302532469,34.97264482295775,0.09263122507656862,0.7066778410842156
2739,0.5478,55.650873434682524,34.99858857353324,0.13842331114995354,0.7453396679273719
2740,0.548,55.694423390532656,35.03695580740553,0.1718900814873736,0.7876755027773601
2741,0.5482,55.736464289128506,35.078649825053446,0.21661270763515805,0.8223035837072011
2742,0.5484,55.76360689501459,35.12121620081803,0.249585234104722,0.7914560471852433
2743,0.5486,55.787359454956764,35.1506136784019,0.2795790443950925,0.7489443085274688
2744,0.5488,55.82584304731094,35.17521763366271,0.3086697657384003,0.7081225330977372
2745,0.549,55.866581462724795,35.213898012000875,0.3515906230853203,0.666742901665293
2746,0.5492,55.907768150500935,35.24064894706235,0.39764666953927374,0.6296909895323011
2747,0.5494,55.948983076949844,35.279720015040965,0.4443282971234468,0.5919753356357775
2748,0.5496,55.99171472817654,35.319932209660834,0.4767007732047488,0.6192972367712206
2749,0.5498,56.034773491380975,35.36195018968005,0.5198283589034036,0.6606524545004577
2750,0.55,56.07763680107594,35.40472929417426,0.5653940834898796,0.6906045105979783
2751,0.5502,56.11898234755612,35.447600310807154,0.6114282899623498,0.7175850229082934
2752,0.5504,56.161452364279995,35.47502634414784,0.6430398888434354,0.7581901317240822
2753,0.5506,56.202897693939825,35.500512182603345,0.685352158553088,0.7384510214806324
2754,0.5508,56.24408389564688,35.53929116121498,0.7157813715800541,0.7068812192845224
2755,0.551,56.28639079322664,35.5810312678803,0.7434754445084493,0.7352687697129283
2756,0.5512,56.328751239461624,35.607903533186665,0.7705392691319923,0.776462420506661
2757,0.5514,56.36957767859791,35.64635526392412,0.8115303870866666,0.7527709410678867
2758,0.5516,56.41146209215477,35.68774106277318,0.8556917728076987,0.7774196647002043
2759,0.5518,56.453346509964575,35.729735828844085,0.8856929690336535,0.7457228324831051
2760,0.552,56.49379804193561,35.76980339048289,0.925720962450232,0.7709290211257949
2761,0.5522,56.535326345715376,35.79545295959561,0.966942701751379,0.8031478538379391
2762,0.5524,56.57576558333142,35.83316294510994,0.9511854623034675,0.8399760902081266
2763,0.5526,56.615882984844085,35.87399146459345,0.9228930444509393,0.8792762871089179
2764,0.5528,56.656931012766776,35.91348353502633,0.949138834215207,0.91950310399734
2765,0.553,56.69824972745975,35.952117272051545,0.9706608240351771,0.9577105954653375
2766,0.5532,56.739383757633554,35.992406934463645,0.9893691584500004,0.9148501599855206
2767,0.5534,56.77916564059257,36.03343134231377,1.0057547050478681,0.8504225134713379
2768,0.5536,56.81991913106574,36.07462890486898,1.0199223270085838,0.8625097527319521
2769,0.5538,56.86083676263954,36.11579497205528,1.031969635939604,0.8118387850449533
2770,0.554,56.901707361543664,36.15686324961338,1.042113609192475,0.8250004234672477
2771,0.5542,56.94100262491233,36.197812476116034,1.054157268857487,0.792219526194007
2772,0.5544,56.97977654396837,36.238635174356816,1.0664948989479075,0.8117546531808579
2773,0.5546,57.01831194633699,36.279327964717545,1.0786368560222335,0.8447339101739237
2774,0.5548,57.058119343434896,36.319888661476995,1.0903142171013858,0.7896401717741415
2775,0.555,57.098148290288094,36.36031540627464,1.1012693626756398,0.801255704098663
2776,0.5552,57.13712449704654,36.40060641761165,1.1111027450919662,0.745648435803655
2777,0.5554,57.161577594812165,36.44069543306771,1.1200665581134106,0.6799897575890976
2778,0.5556,57.18362261814339,36.48057432092876,1.1336144708872107,0.6941157918020191
2779,0.5558,57.219284109435364,36.506755958834916,1.148902272945986,0.7269695992903666
2780,0.556,57.258053508465935,36.52980618848796,1.1804346359214943,0.6871744733775138
2781,0.5562,57.297421586337286,36.56542552150929,1.2004571548732395,0.6408008010626913
2782,0.5564,57.33680680314532,36.60359975540537,1.2333794887965506,0.6013881174619025
2783,0.5566,57.37607699526698,36.64228044029739,1.253841601681903,0.5692612233144039
2784,0.5568,57.41520254323951,36.68098718627281,1.2866958971476745,0.5400098681647449
2785,0.557,57.454182032533396,36.719596699431335,1.3226385857983474,0.5157146810861173
2786,0.5572,57.493016912421815,36.758045654158906,1.3594837549602181,0.4863559971261213
2787,0.5574,57.53168911006764,36.79631047864157,1.3965257548282535,0.45878311611751865
2788,0.5576,57.556451382189714,36.834383177115875,1.4180491366526151,0.43137077916464417
2789,0.5578,57.577102717563704,36.8586632218494,1.435369443546081,0.4061858863871137
2790,0.558,57.61073457691826,36.879758023182426,1.4669654381365265,0.43579630159990046
2791,0.5582,57.647217874474116,36.900017378503726,1.486622537014874,0.4191793691313408
2792,0.5584,57.68308629092335,36.920058585449674,1.5188936316860833,0.4506327744653351
2793,0.5586,57.71832457577585,36.940042255646034,1.5522238406735467,0.4307872151586172
2794,0.5588,57.73913320738112,36.96000121206575,1.5692727601352066,0.4590265373669342
2795,0.559,57.756397820703484,36.993190790283606,1.5967446522499151,0.4326310061777905
2796,0.5592,57.772710349927046,37.01580865155287,1.6110093203781737,0.45770351666636655
2797,0.5594,57.80424933851522,37.04941749063007,1.6369981926411221,0.49398369379975504
2798,0.5596,57.83895910213718,37.08336365648569,1.6692224723491638,0.5326305724375144
2799,0.5598,57.8741368634507,37.11876326774275,1.703175565394897,0.5147744970870196
2800,0.56,57.89397036468943,37.141363766326165,1.7223218223444945,0.4841255647088656
2801,0.5602,57.9098401888888,37.17256224626347,1.7359406245612143,0.45185635843104865
2802,0.5604,57.939382553910214,37.191633935323075,1.7468727530823658,0.42116131178170724
2803,0.5606,57.97206639299919,37.22311459496341,1.755846219142877,0.3925912949521728
2804,0.5608,58.00530348012923,37.255647696758714,1.7631432766772752,0.4168387165713421
2805,0.561,58.02369853322445,37.27451331498849,1.7690791211023946,0.3998656653916788
2806,0.5612,58.05421812658741,37.290245139009045,1.7896906046376995,0.4265487150069247
2807,0.5614,58.0873301771331,37.320528865834405,1.7494923754719014,0.4102100049855344
2808,0.5616,58.10608685351241,37.352391097942146,1.696764177040393,0.43638564636607935
2809,0.5618,58.12132300543589,37.3859570364386,1.6436378595586612,0.47168971517328284
2810,0.562,58.15079250733991,37.40472788928217,1.5927343381328525,0.5088173178136466
2811,0.5622,58.18372816865753,37.43508038961399,1.5444678967892473,0.487983190619119
2812,0.5624,58.216863865794735,37.468248228717584,1.5000274036842223,0.4572285913045575
2813,0.5626,58.24973010365789,37.500041341048586,1.5137367946420701,0.4252439835392039
2814,0.5628,58.28228844598039,37.53278867314767,1.482896286564706,0.44490733680527184
2815,0.563,58.30035230397896,37.56588671379445,1.5011343126048606,0.42775995397553945
2816,0.5632,58.31386868242018,37.598942095621936,1.5314682973214522,0.4540058903547468
2817,0.5634,58.32605334126344,37.631805951488126,1.509646753304117,0.4331965722555102
2818,0.5636,58.338480114487325,37.664568499034345,1.4760855763837841,0.3997169323338765
2819,0.5638,58.35104647315113,37.69718051191789,1.4403660305907255,0.4122711484773611
2820,0.564,58.37861909978817,37.729609017081316,1.4569022377519767,0.4399076153337269
2821,0.5642,58.40876833994125,37.76184235959336,1.4311988249245444,0.4057803927764403
2822,0.5644,58.440159217909695,37.79387724396228,1.451975191882659,0.42476489693584174
2823,0.5646,58.47188623677801,37.82568596640787,1.4312682983800182,0.4488322812698682
2824,0.5648,58.488578936514585,37.85725636023747,1.44899193493992,0.4098937558728095
2825,0.565,58.51585017204874,37.88856065836344,1.4779935748882593,0.36920872821190587
2826,0.5652,58.53048253962246,37.905852836985794,1.5046538244408936,0.33160288698402596
2827,0.5654,58.55733023948434,37.917898869137794,1.5344271959008506,0.3517073126620325
2828,0.5656,58.586618052329825,37.943850998432964,1.5127142778159461,0.3821345689704869
2829,0.5658,58.61574151034664,37.972962118748086,1.5302242018043,0.4102334856197154
2830,0.566,58.629933124943214,37.992826660586104,1.5577535137971044,0.37793551095043254
2831,0.5662,58.64032789108495,38.009880416746235,1.5309712125547827,0.38843712359080573
2832,0.5664,58.665293412676704,38.02589192978352,1.5491366002809195,0.3403819642402297
2833,0.5666,58.69327434491312,38.04151596498273,1.5775577725712844,0.3488526961221794
2834,0.5668,58.72229092935616,38.066500168141246,1.550532936568752,0.29630744305485646
2835,0.567,58.75152320215697,38.09125553708322,1.5673128677285462,0.3067836527426113
2836,0.5672,58.78068266484364,38.11804242765339,1.5944822623522055,0.331521809427465
2837,0.5674,58.80967387437396,38.14554085652794,1.5672793279561632,0.2826245036674546
2838,0.5676,58.83846623706011,38.17315554580899,1.527028297576614,0.22020310681872335
2839,0.5678,58.86704975416591,38.200686619694736,1.5403477240992713,0.1584737546302213
2840,0.568,58.895420704479626,38.22806021831434,1.5662417111497287,0.1680416312787525
2841,0.5682,58.92357722381639,38.25525170298981,1.5394748271703538,0.12726056080833548
2842,0.5684,58.9515179921197,38.28226477803443,1.5558678148127192,0.14213384692552822
2843,0.5686,58.97924185148084,38.30909982441788,1.5803115279698638,0.16868588453497502
2844,0.5688,59.00674769010174,38.33575440140253,1.549005561039814,0.13064896983106333
2845,0.569,59.03403441927263,38.355344272518195,1.563377646015205,0.08236641942696377
2846,0.5692,59.06110096714592,38.37115558356993,1.532431432841642,0.09580913237400956
2847,0.5694,59.0879462835506,38.39239313959149,1.5466281839153986,0.06276186693722963
2848,0.5696,59.114569331301574,38.40777720461835,1.56973440299884,0.07958384339782043
2849,0.5698,59.14096908349565,38.43094114089215,1.539998035714364,0.10662718605331722
2850,0.57,59.16704977800078,38.45593058061772,1.502187016130121,0.13561244002743322
2851,0.5702,59.19286059346389,38.48120421347421,1.4620170294648407,0.16478725515652215
2852,0.5704,59.21734807666165,38.506303632752406,1.4194269253176577,0.19377661066995255
2853,0.5706,59.24249777541963,38.531142844779126,1.43053464834601,0.22223353805212565
2854,0.5708,59.26675872725564,38.55332629184772,1.45379077349935,0.19423762754443885
2855,0.571,59.29041500954454,38.567785728021555,1.4794998604576621,0.2088135439739034
2856,0.5712,59.31385872523612,38.58925949966616,1.4379427278790313,0.21833890039204729
2857,0.5714,59.33696543419929,38.612493965322244,1.4473496718552865,0.22634012627297206
2858,0.5716,59.36077133170203,38.63605121214324,1.3945745190010328,0.23348691633595742
2859,0.5718,59.38459583973414,38.657594006557005,1.3280542415045056,0.2398289032214871
2860,0.572,59.40825176073004,38.67806756206176,1.2621790279049199,0.24585996196753612
2861,0.5722,59.43177504796207,38.69805381762641,1.1940848774127533,0.25178452811676877
2862,0.5724,59.45399372581988,38.71971731397782,1.1945462912123448,0.2568793492853372
2863,0.5726,59.476816062100475,38.74210754664742,1.1489346413115373,0.26089475617204005
2864,0.5728,59.49851050226762,38.764634206990834,1.1534130525704493,0.2641895721946401
2865,0.573,59.520841343790735,38.787052584823776,1.1671706885843496,0.2666156860134805
2866,0.5732,59.543175259412365,38.80927376780782,1.1798118778857298,0.2688741910286101
2867,0.5734,59.56534293535721,38.831267731001134,1.1021935611095643,0.2710578424719774
2868,0.5736,59.58729574279175,38.85302503714399,1.0076470270331184,0.27308428122725203
2869,0.5738,59.60901624139835,38.874543843459904,0.9162603834145662,0.2749660193732453
2870,0.574,59.63049749264832,38.89582505658818,0.8387751348845063,0.29168432253056586
2871,0.5742,59.65173621808928,38.91687111383558,0.7661666109369003,0.2967706066486846
2872,0.5744,59.67273054329957,38.93768114527973,0.6978810174664547,0.3135535707585797
2873,0.5746,59.69347632216449,38.95825052012388,0.699215575058572,0.2700223497161387
2874,0.5748,59.71397360270457,38.97857463827285,0.6456164613465445,0.2743798201697958
2875,0.575,59.73422489593213,38.99865003083658,0.5805094447506427,0.2749374228054009
2876,0.5752,59.754229151049124,39.018473916377324,0.5161330236360149,0.2738271856941301
2877,0.5754,59.773987139960205,39.03804403077449,0.4539608708607199,0.27324248164134524
2878,0.5756,59.793496786885335,39.05735854975494,0.45870374574435413,0.2878658481928973
2879,0.5758,59.812756661465414,39.076416011834986,0.4206401580701815,0.2911343775098638
2880,0.576,59.83176585357668,39.095215263871005,0.4284788187073154,0.29142833849568106
2881,0.5762,59.84968283236347,39.11375535379276,0.4462410031051025,0.29077288126523815
2882,0.5764,59.867182503828,39.13203543763499,0.4084990416371106,0.3047348799776035
2883,0.5766,59.885245095453094,39.15005475030782,0.35806202147349,0.32208624417538445
2884,0.5768,59.903228033689444,39.16781260541416,0.362389454133103,0.33992905801090334
2885,0.577,59.92099207372037,39.18530838179258,0.3110586226991119,0.34242438662966457
2886,0.5772,59.93850660734034,39.2025415123785,0.25334254114452737,0.3560451850101858
2887,0.5774,59.95576739499444,39.219511475750956,0.2584976323714576,0.3570757664144759
2888,0.5776,59.972773946989555,39.23621778845242,0.27533464313283584,0.35416332204641154
2889,0.5778,59.98952609552539,39.25266000055197,0.22674587378477362,0.34954112073040466
2890,0.578,60.00602356662763,39.26883571415324,0.22897937934289825,0.34453063462417344
2891,0.5782,60.02144449766448,39.28474384770756,0.24287728479367843,0.3378021902269017
2892,0.5784,60.03630067900302,39.300383878837266,0.2588795602048295,0.3301550041896357
2893,0.5786,60.0517440143048,39.31575751035658,0.27131269956333437,0.3223348784293387
2894,0.5788,60.06714051604854,39.33086502894295,0.20563924332523964,0.3133899722515361
2895,0.579,60.082338101471166,39.34570608425891,0.19856715328534502,0.320500383313882
2896,0.5792,60.09729761198258,39.36028027317819,0.20474774734410328,0.3156475472168623
2897,0.5794,60.11200723554415,39.37458728929009,0.15252857431130717,0.3237486016471962
2898,0.5796,60.126462459191906,39.38862685251987,0.08855645854795036,0.3352088876790278
2899,0.5798,60.140661082205774,39.40239870357808,0.026176738810226752,0.2780914429275665
2900,0.58,60.154601810613215,39.41590260233715,0.00569840484936357,0.27073368414492105
2901,0.5802,60.16828377870315,39.42913832509479,0.009499649644609143,0.21019814152034932
2902,0.5804,60.18170635006086,39.44210566289574,0.022367127618054816,0.2023073555812971
2903,0.5806,60.19486902099366,39.4548044215741,0.03697067701730905,0.14389125223474153
2904,0.5808,60.20777136900174,39.46723442517658,0.03681234110794929,0.0746017069079592
2905,0.581,60.22041302389792,39.479395517233144,0.04730943674339905,0.06663827726308291
2906,0.5812,60.23279365188543,39.4912875689954,0.026369306178884777,0.07378920837477487
2907,0.5814,60.24491265076959,39.502910509609286,0.03148600724122197,0.027898308548532036
2908,0.5816,60.25662655446852,39.51426431050609,0.04236551175459358,0.005397652074354831
2909,0.5818,60.26798080281534,39.52534896447564,0.023085587147946285,0.005537619781525116
2910,0.582,60.279013274830994,39.53616456746209,0.02719796135991448,0.014824386169306258
2911,0.5822,60.28975304934229,39.54671128751601,0.03687818544589749,0.025984360593978018
2912,0.5824,60.300194126943296,39.55698992111458,0.03273296143720117,0.037292867987103406
2913,0.5826,60.309597123283844,39.56700110376235,0.024952299804274602,0.04841225861522158
2914,0.5828,60.318476299831076,39.576749974140924,0.016074611438170905,0.05927660992051198
2915,0.583,60.32707169664819,39.58623653488744,0.009796534271416135,0.0698735774673942
2916,0.5832,60.33540635273425,39.59544938868353,0.008599761400315487,0.028405570497754162
2917,0.5834,60.343621123929125,39.60434550387583,0.009397074710177478,0.0059989909590481005
2918,0.5836,60.351668198744456,39.59955595340891,0.016850488384571705,0.0038274989901223577
2919,0.5838,60.359516567092456,39.60476252906692,0.013221548622717627,0.01034827433794483
2920,0.584,60.36705629340054,39.59651384069224,0.009529779783810532,0.010883987789135574
2921,0.5842,60.37432823522741,39.599840692407085,0.015459994281501466,0.017547623138782775
2922,0.5844,60.381353449565445,39.59242102402693,0.023332254517408835,0.025413927705873363
2923,0.5846,60.38813538829698,39.58075236588591,0.013653227259571743,0.0332828747463072
2924,0.5848,60.394671902696146,39.58279590368255,0.017070608204842408,0.015392625624022216
2925,0.585,60.400959792475085,39.57271824156389,0.010698143962540207,0.016584643580598524
2926,0.5852,60.40699352686845,39.5747420561393,0.0065900758288091055,0.022430464113689652
2927,0.5854,60.41279048919739,39.56443053931089,0.0061144530312065015,0.02924304000761513
2928,0.5856,60.41834180183971,39.56601565168524,0.006618930264835399,0.013793741604449572
2929,0.5858,60.42363805329149,39.555190369057854,0.006779786103532359,0.015118638516899097
2930,0.586,60.428666495803874,39.54117021981249,0.006480073387499452,0.008767126505418332
2931,0.5862,60.433422138146,39.54137382643926,0.006151637832329193,0.0051776717323956944
2932,0.5864,60.43790417007672,39.54499674614897,0.005814124124147391,0.008642273286301183
2933,0.5866,60.44219022353459,39.54724846225066,0.005533645856948155,0.007052683005936977
2934,0.5868,60.446160975226654,39.535252483586035,0.009393645156789532,0.005234777805722679
2935,0.587,60.45054473857984,39.535072662899466,0.0070046007949118305,0.004612054129492726
2936,0.5872,60.45391562652622,39.53780118063205,0.00994759292433045,0.004547990973344795
2937,0.5874,60.4578164718452,39.52583994196729,0.006548578124353277,0.004448983115801219
2938,0.5876,60.461655684088896,39.52522496445151,0.003949083171550072,0.004206952970114308
2939,0.5878,60.46528075506661,39.52731661801482,0.00625791159403466,0.007100538867838679
2940,0.588,60.46857680806474,39.51460921446032,0.004867112184074429,0.005238062580359859
2941,0.5882,60.4715764621903,39.51352945661573,0.003384366866105104,0.007319847834295068
2942,0.5884,60.474299464766744,39.51519979198678,0.0027948323727065016,0.010135143747687536
2943,0.5886,60.47675246133311,39.502178103702455,0.0047717129940547665,0.00520801625324907
2944,0.5888,60.47816738175502,39.485407978712395,0.0035856103788223237,0.0019822780527372075
2945,0.589,60.479159342130046,39.48277502613867,0.0023577832444674485,0.0015264729328343662
2946,0.5892,60.47985837601017,39.48350740887006,0.003596117426726053,0.0018873639667225106
2947,0.5894,60.48099332595528,39.48486914258703,0.002542379785849924,0.003322831700275586
2948,0.5896,60.481134931754774,39.47289726459567,0.0034245826912711053,0.004812321597134073
2949,0.5898,60.481808717616744,39.469059890141594,0.004586639077477805,0.0024928934268073633
2950,0.59,60.482429618877624,39.453117221371876,0.0021797440338060525,0.0007834546165925715
2951,0.5902,60.48277096633342,39.449364539139886,0.002126551462636961,0.00030875971791921586
2952,0.5904,60.48206715675457,39.4332520508628,0.0024644231481234513,0.00030165713262686467
2953,0.5906,60.48091754286469,39.414172810128164,0.0008556405352688756,0.0001677996617805988
2954,0.5908,60.47947185205516,39.40730468629727,0.0004057741223171263,-9.874846025503814e-5
2955,0.591,60.47776707507005,39.40480355745258,4.73095354234232e-5,-0.00438320391856184
2956,0.5912,60.47665548864985,39.3881959120326,-0.0005546813466059675,-0.005903406143767498
2957,0.5914,60.47470401409249,39.38126920370024,-0.0053313991574004405,-0.006930879611999785
2958,0.5916,60.472387030565315,39.3629165475058,-0.00736770395703612,-0.008031214029396772
2959,0.5918,60.469660428705474,39.35707387797999,-0.008915786804167602,-0.0093453920799762
2960,0.592,60.466670323252664,39.35420503928738,-0.0105371947728079,-0.010908330338854633
2961,0.5922,60.463430199227936,39.35180748308702,-0.01237190244421349,-0.012728421238673349
2962,0.5924,60.460776830595364,39.3340457016892,-0.014454551111886538,-0.014807415816977532
2963,0.5926,60.45806394757273,39.3255321701104,-0.0167934437748114,-0.017145394979659834
2964,0.5928,60.454297085584074,39.31875381857684,-0.019390289717152065,-0.019742012552227628
2965,0.593,60.45010580933433,39.31199191597275,-0.022245140375900974,-0.022596806119839385
2966,0.5932,60.44638761205262,39.304914845402315,-0.02535762329930069,-0.025709274770780333
2967,0.5934,60.441726953988706,39.29755386152647,-0.02872725065145154,-0.029078898554897314
2968,0.5936,60.43658035615542,39.289855923667524,-0.03235349635697382,-0.03270514336843178
2969,0.5938,60.4319515490991,39.28180011148008,-0.03623581540666265,-0.03658746219512832
2970,0.594,60.4264599153421,39.273164439399935,-0.04037364870402804,-0.04072529543674719
2971,0.5942,60.421504168668754,39.264013747677055,-0.04476642429751543,-0.04511807101629817
2972,0.5944,60.41648750710701,39.25441740662588,-0.04941355770964151,-0.049765204424939924
2973,0.5946,60.41126725751388,39.24652886369984,-0.0543144520407548,-0.05466609875518191
2974,0.5948,60.40573191200138,39.239389789598214,-0.059468498017000826,-0.059820144731210334
2975,0.595,60.399846782037166,39.23208212844097,-0.06487507402468662,-0.06522672073884195
2976,0.5952,60.39281469289392,39.22441754034958,-0.07053354614179241,-0.07088519285593442
2977,0.5954,60.38630593833919,39.2163815959114,-0.0764432681691325,-0.07679491488327095
2978,0.5956,60.379754006599896,39.20800910480001,-0.08260358166188819,-0.08295522837602576
2979,0.5958,60.373011300259776,39.19930620939804,-0.08901381596182123,-0.0893654626759588
2980,0.596,60.36603989054798,39.176956657430566,-0.09567328822987253,-0.0960249349440101
2981,0.5962,60.35883027259888,39.14962770866289,-0.10258130347947958,-0.10293295019361715
2982,0.5964,60.351380271523595,39.120718069078414,-0.10973715461045597,-0.11008880132459353
2983,0.5966,60.34368558052324,39.10656148216622,-0.1171401224434181,-0.11749176915755566
2984,0.5968,60.33574644285994,39.09318462834071,-0.12478947575488863,-0.1251411224690262
2985,0.597,60.327563956374895,39.0796728264642,-0.13268447131290095,-0.13303611802703852
2986,0.5972,60.31913847924815,39.068080812794335,-0.14082435391323056,-0.14117600062736813
2987,0.5974,60.31046051323567,39.05671118329782,-0.14920835641621455,-0.14956000313035211
2988,0.5976,60.30153539213656,39.02963353960281,-0.15783569978410306,-0.15818734649824062
2989,0.5978,60.29236496983482,38.99893339085557,-0.16670559311908395,-0.16705723983322152
2990,0.598,60.28294930884018,38.9670453021149,-0.17581723370178182,-0.17616888041591938
2991,0.5982,60.27329007735459,38.935091933547916,-0.1851698070304284,-0.18552145374456597
2992,0.5984,60.263388366995834,38.902785283720775,-0.1947624868605251,-0.19511413357466267
2993,0.5986,60.252316220551855,38.885785364688566,-0.2045944352450686,-0.20494608195920616
2994,0.5988,60.24163338496618,38.85929992234543,-0.21466480257552334,-0.2150164492896609
2995,0.599,60.22991527877662,38.84162877807223,-0.22497272762310505,-0.22532437433724262
2996,0.5992,60.21877072182951,38.81187118707349,-0.23551733758081106,-0.23586898429494862
2997,0.5994,60.207600427158205,38.79254891228714,-0.2462977481059605,-0.24664939482009807
2998,0.5996,60.196251295449045,38.76226765321346,-0.2573130633632559,-0.25766471007739344
2999,0.5998,60.18468529867708,38.72945276956696,-0.26856237606850364,-0.2689140227826412
3000,0.6,60.172893517718805,38.70909023273251,-0.28004476753279395,-0.2803964142469315
3001,0.6002,60.16087430604396,38.68739775060112,-0.29175930770728886,-0.2921109544214264
3002,0.6004,60.14862764175775,38.66315353076382,-0.3037050552285496,-0.3040567019426872
3003,0.6006,60.13614304087674,38.640597419969126,-0.3158810574644155,-0.3162327041785531
3004,0.6008,60.10961002861771,38.62495708699567,-0.3282863505604494,-0.328637997274587
3005,0.601,60.07978288804746,38.61050588286498,-0.34091995948686726,-0.34127160620100483
3006,0.6012,60.04916936375584,38.586984433642954,-0.35378089808611524,-0.3541325448002528
3007,0.6014,60.018283782512704,38.570200706263144,-0.3668681691209441,-0.3672198158350817
3008,0.6016,59.987311295569114,38.548730229100805,-0.38018076432291714,-0.3805324110370547
3009,0.6018,59.9698117394973,38.52315964732997,-0.3937176644416578,-0.39406931115579535
3010,0.602,59.95519288422522,38.505007994119936,-0.407477839294474,-0.4078294860086116
3011,0.6022,59.927539073458505,38.47934838365301,-0.4214602478165794,-0.421811894530717
3012,0.6024,59.89687741444757,38.461012487352995,-0.4356638381118403,-0.43601548482597785
3013,0.6026,59.865664166858615,38.44133805125779,-0.4500875475040038,-0.4504391942181414
3014,0.6028,59.833237066976416,38.41728251031106,-0.46473030258854564,-0.4650819493026832
3015,0.603,59.814381703645374,38.38992055164722,-0.47959101928498526,-0.47994266599912283
3016,0.6032,59.783898610885075,38.37056648003128,-0.49466860288966696,-0.49502024960380453
3017,0.6034,59.76507348424306,38.35312372410411,-0.5099619481291713,-0.5103135948433088
3018,0.6036,59.74783566794317,38.329470717238564,-0.5254699392141235,-0.5258215859282611
3019,0.6038,59.71741724346805,38.30173083030994,-0.5411914498936534,-0.541543096607791
3020,0.604,59.68402763795024,38.27535881928742,-0.5571253435102301,-0.5574769902243677
3021,0.6042,59.64997511974411,38.256343308254,-0.5732704730550795,-0.5736221197692171
3022,0.6044,59.61578376458982,38.238485277391995,-0.5896256812241019,-0.5899773279382394
3023,0.6046,59.59441512501646,38.21127360304106,-0.6061898004742199,-0.6065414471883575
3024,0.6048,59.56278003276824,38.191273506805736,-0.6229616530803659,-0.6233132997945035
3025,0.605,59.530065097540934,38.17311116778685,-0.6399400511928262,-0.6402916979069637
3026,0.6052,59.49720615700342,38.15525088173919,-0.6571237968951511,-0.6574754436092887
3027,0.6054,59.46430895754055,38.137289260485026,-0.6745116822625539,-0.6748633289766914
3028,0.6056,59.44392196987621,38.1190860011557,-0.6921024894207282,-0.6924541361348657
3029,0.6058,59.4252763317973,38.10060534017087,-0.7098949906052727,-0.7102466373194103
3030,0.606,59.40764083078151,38.081886090429784,-0.7278879482215279,-0.7282395949356655
3031,0.6062,59.377510466317275,38.04956275326809,-0.7460801149048342,-0.7464317616189717
3032,0.6064,59.34359957953201,38.026827175084904,-0.7644702335813864,-0.764821880295524
3033,0.6066,59.308629836351805,38.00612294197171,-0.7830570375294412,-0.7834086842435788
3034,0.6068,59.2733684505554,37.985786207126125,-0.801839250441132,-0.8021908971552696
3035,0.607,59.23802167080788,37.965423097257286,-0.8208155864846205,-0.8211672331987581
3036,0.6072,59.2026395379858,37.94493545601755,-0.839984750366781,-0.8403363970809186
3037,0.6074,59.16729614411403,37.92429734498249,-0.8593454373963465,-0.8596970841104841
3038,0.6076,59.13153295898303,37.90350098695256,-0.8788963335474391,-0.8792479802615767
3039,0.6078,59.10922251490538,37.8825433874931,-0.8986361155236984,-0.8989877622378359
3040,0.608,59.08940344021147,37.86142300704989,-0.9185634508227212,-0.9189150975368587
3041,0.6082,59.05693133022434,37.84013899348972,-0.9386769978010205,-0.9390286445151581
3042,0.6084,59.02112709593979,37.81869096885838,-0.9589754057394293,-0.9593270524535669
3043,0.6086,58.99814344476647,37.797078862285176,-0.9794573149088746,-0.9798089616230121
3044,0.6088,58.97798038098404,37.77530274273301,-1.0001213566367348,-1.0004730033508724
3045,0.609,58.95832785078184,37.75336270414392,-1.0209661533734775,-1.021317800087615
3046,0.6092,58.93768677344452,37.73125877922784,-1.0419903187598667,-1.0423419654740043
3047,0.6094,58.917637971794925,37.70899110423013,-1.0631924576944654,-1.063544104408603
3048,0.6096,58.89757242829007,37.686559996993225,-1.0845711664016267,-1.0849228131157642
3049,0.6098,58.877355680330254,37.66396686824026,-1.106125032499985,-1.1064766792141225
3050,0.61,58.85617589751851,37.641213695126865,-1.1278526350712363,-1.128204281785374
3051,0.6102,58.83544417176783,37.61830466115989,-1.1497525447294072,-1.1501041914435448
3052,0.6104,58.813665528672836,37.59524284849794,-1.1718233236905342,-1.1721749704046718
3053,0.6106,58.792419051677015,37.569883859638594,-1.1940635258426644,-1.194415172556802
3054,0.6108,58.77040341377285,37.54344574253221,-1.216471696816488,-1.2168233435306255
3055,0.611,58.74891087653507,37.516553610312734,-1.239046374056088,-1.2393980207702255
3056,0.6112,58.72711329634208,37.4894944358498,-1.2617860868902344,-1.262137733604372
3057,0.6114,58.70432094870236,37.464127318235505,-1.2846893566041429,-1.2850410033182804
3058,0.6116,58.68194960300332,37.439376214530895,-1.3077546965114806,-1.3081063432256181
3059,0.6118,58.658740982316054,37.39934312837414,-1.3309806120268428,-1.3313322587409804
3060,0.612,58.63523899983268,37.35533570508925,-1.3543656007385962,-1.3547172474527338
3061,0.6122,58.61253060040664,37.325721044689104,-1.3779081524821049,-1.3782597991962424
3062,0.6124,58.57720391420605,37.29965567762409,-1.4016067494133475,-1.401958396127485
3063,0.6126,58.53922713912306,37.272245538301284,-1.4254598660828344,-1.425811512796972
3064,0.6128,58.50023682334182,37.24643144549212,-1.4494659695100482,-1.4498176162241858
3065,0.613,58.4606866991873,37.221201520033794,-1.4736235192580973,-1.4739751659722349
3066,0.6132,58.42112739803759,37.182637052744724,-1.4979309675087937,-1.4982826142229313
3067,0.6134,58.38135161889486,37.140914476342765,-1.5223867591381577,-1.5227384058522953
3068,0.6136,58.34201685058921,37.09848588901018,-1.5469893317921457,-1.5473409785062833
3069,0.6138,58.31520111247268,37.05587805479842,-1.5717371159627147,-1.5720887626768523
3070,0.614,58.29029159686186,37.02647054358445,-1.5966285350645668,-1.5969801817787044
3071,0.6142,58.26545846468616,36.99987751720087,-1.621662005511757,-1.6220136522258946
3072,0.6144,58.24147187934892,36.97377323106843,-1.6468359367949734,-1.647187583509111
3073,0.6146,58.216598391801945,36.947461918786914,-1.6721487315590609,-1.6725003782731984
3074,0.6148,58.19132634905294,36.919019685305535,-1.6975987856808015,-1.697950432394939
3075,0.615,58.1668233218546,36.87639820211808,-1.7231844883472003,-1.7235361350613378
3076,0.6152,58.14238786004461,36.8306131598137,-1.7489042221339282,-1.7492558688480657
3077,0.6154,58.11682449894358,36.79731338736127,-1.7747563630841663,-1.7751080097983039
3078,0.6156,58.0917086981303,36.75330025695158,-1.8007392807877771,-1.8010909275019147
3079,0.6158,58.06572051218757,36.72011623480507,-1.826851338460695,-1.8272029851748326
3080,0.616,58.039457169008074,36.6891000316403,-1.8530908930248078,-1.8534425397389453
3081,0.6162,58.01399058839284,36.66060512012134,-1.8794562951879477,-1.8798079419020852
3082,0.6164,57.987610133183125,36.61777778634428,-1.905945889524367,-1.9062975362385046
3083,0.6166,57.96081496357587,36.57130418205926,-1.9325580145553487,-1.9329096612694863
3084,0.6168,57.93377176692462,36.53923898296488,-1.959291002830097,-1.9596426495442345
3085,0.617,57.90742989044601,36.51075249655026,-1.9861431810072703,-1.9864948277214078
3086,0.6172,57.88028335422364,36.48097959972081,-2.013112869936291,-2.0134645166504286
3087,0.6174,57.85288273630459,36.437133583698994,-2.0401983847392917,-2.0405500314534293
3088,0.6176,57.826335272020806,36.40513638705425,-2.067398034893233,-2.0677496816073706
3089,0.6178,57.79970224277491,36.36495238131647,-2.094710124312225,-2.0950617710263626
3090,0.618,57.77309605695532,36.33383899491682,-2.1221329514303013,-2.122484598144439
3091,0.6182,57.74636562868418,36.3028938326088,-2.1496648092842783,-2.150016455998416
3092,0.6184,57.71958532686978,36.273365366530356,-2.177303985596967,-2.1776556323111045
3093,0.6186,57.69273290118315,36.233153750482565,-2.205048762860647,-2.205400409574785
3094,0.6188,57.66577714870584,36.1902372876452,-2.232897418420704,-2.233249065134842
3095,0.619,57.638725376665526,36.15009480076308,-2.2608482245596933,-2.261199871273831
3096,0.6192,57.61043892349839,36.11880270643338,-2.2888994485814784,-2.289251095295616
3097,0.6194,57.58289514657252,36.08910803152592,-2.317049352895679,-2.3174009996098164
3098,0.6196,57.55544251784431,36.05164455326478,-2.3452961951024487,-2.3456478418165863
3099,0.6198,57.52764018641151,36.00928989566502,-2.3736382280772164,-2.373989874791354
3100,0.62,57.48679463551376,35.977086045181544,-2.40207370005602,-2.4024253467701575
3101,0.6202,57.44313058452617,35.93566468442468,-2.430600854720793,-2.4309525014349305
3102,0.6204,57.3987982534306,35.903230397241096,-2.4592179312849853,-2.459569577999123
3103,0.6206,57.35444848342269,35.87304021927726,-2.4879231645793984,-2.488274811293536
3104,0.6208,57.30907882036343,35.83171840924063,-2.5167147851381437,-2.5170664318522813
3105,0.621,57.26388789613651,35.78732905817908,-2.5455910192849758,-2.5459426659991133
3106,0.6212,57.23143358535143,35.74222776993427,-2.5745500892197395,-2.574901735933877
3107,0.6214,57.188752432907506,35.7089173147013,-2.603590213104943,-2.6039418598190807
3108,0.6216,57.14439170191381,35.678476845638535,-2.632709605152604,-2.633061251866742
3109,0.6218,57.11260547371801,35.648684686091016,-2.6619064757113753,-2.662258122425513
3110,0.622,57.0700680716874,35.61561815203874,-2.6911790313536974,-2.691530678067835
3111,0.6222,57.038303531571565,35.584364304115354,-2.7205254749632295,-2.720877121677367
3112,0.6224,57.007861276889926,35.55400033235953,-2.7499440058224325,-2.75029565253657
3113,0.6226,56.97761123604626,35.52387708279506,-2.7794328197003573,-2.779784466414495
3114,0.6228,56.947477344311466,35.49159176515009,-2.8089901089405016,-2.809341755654639
3115,0.623,56.917156328759205,35.44492187891373,-2.838614062549028,-2.8389657092631655
3116,0.6232,56.886870146745395,35.41024872581891,-2.868302866282953,-2.8686545129970904
3117,0.6234,56.85657525624214,35.36958914284288,-2.8980547027385892,-2.898406349452727
3118,0.6236,56.82528503168515,35.32480964616299,-2.927867751440142,-2.9282193981542797
3119,0.6238,56.793455361859735,35.290964827779895,-2.957740188928362,-2.9580918356424997
3120,0.624,56.76245790932573,35.25970994555675,-2.987670188849512,-2.9880218355636496
3121,0.6242,56.717931920942696,35.229003643059464,-3.01765592204438,-3.0180075687585175
3122,0.6244,56.68482924964249,35.19832712754183,-3.047695556637338,-3.0480472033514756
3123,0.6246,56.65449194256385,35.16755784902107,-3.077787258125715,-3.0781389048398524
3124,0.6248,56.62364219458173,35.136691944106026,-3.107929189469118,-3.1082808361832557
3125,0.625,56.5926711120194,35.105710320827015,-3.1381195111790787,-3.1384711578932163
3126,0.6252,56.56164207350951,35.07465384461359,-3.1683563814086306,-3.168708028122768
3127,0.6254,56.530570658441505,35.04354054780922,-3.198637956042099,-3.1989896027562366
3128,0.6256,56.499424550864,35.0123732783548,-3.228962388784998,-3.2293140354991356
3129,0.6258,56.46818917029898,34.96561441781452,-3.259327831253941,-3.2596794779680787
3130,0.626,56.436894836710685,34.930296492789,-3.2897324330668427,-3.2900840797809803
3131,0.6262,56.406736066858336,34.897877707994176,-3.320174341933027,-3.3205259886471645
3132,0.6264,56.37677913463479,34.86617152025537,-3.3506517037435244,-3.351003350457662
3133,0.6266,56.34682803948788,34.824955883081635,-3.3811626626614597,-3.3815143093755973
3134,0.6268,56.30300115251586,34.77862347183731,-3.411705361212422,-3.4120570079265597
3135,0.627,56.26971299697284,34.743355792593874,-3.4422779403751163,-3.442629587089254
3136,0.6272,56.238790920677914,34.71077475349614,-3.472878539671866,-3.4732301863860036
3137,0.6274,56.193588151097586,34.663452333673135,-3.503505297259395,-3.5038569439735325
3138,0.6276,56.159623288413535,34.61244858829372,-3.534156350019487,-3.5345079967336246
3139,0.6278,56.114557345681646,34.57608438820718,-3.5648298336496977,-3.5651814803638353
3140,0.628,56.08075691908406,34.53354394907472,-3.5955238827545086,-3.595875529468646
3141,0.6282,56.03477182530588,34.486243715721734,-3.626236630935972,-3.6265882776501095
3142,0.6284,56.00056264697407,34.45013670623186,-3.656966210884792,-3.6573178575989296
3143,0.6286,55.969169456434564,34.41313498249985,-3.687710754471337,-3.6880624011854746
3144,0.6288,55.93749668218857,34.3752123988191,-3.7184683928366096,-3.718820039550747
3145,0.629,55.90642765657462,34.34021546969284,-3.74923725648345,-3.7495889031975875
3146,0.6292,55.875384967103855,34.302773097171894,-3.780015475367574,-3.7803671220817114
3147,0.6294,55.82997756454665,34.25426015895127,-3.8108011789887373,-3.811152825702875
3148,0.6296,55.78092105409624,34.20349751644227,-3.841592496481899,-3.8419441431960366
3149,0.6298,55.745797490987414,34.16623890001729,-3.872387556708407,-3.8727392034225447
3150,0.63,55.71269111983868,34.12861006763971,-3.903184488347193,-3.9035361350613305
3151,0.6302,55.679748589391295,34.080139214059486,-3.9339814199859986,-3.934333066700136
3152,0.6304,55.64688844965276,34.02944081213223,-3.964776480212487,-3.9651281269266248
3153,0.6306,55.61431719957328,33.988529527670806,-3.9955677977056685,-3.995919444419806
3154,0.6308,55.58145451700926,33.9389407401727,-4.026353501326832,-4.0267051480409695
3155,0.631,55.54931076999654,33.89144319300393,-4.057131720210956,-4.057483366925093
3156,0.6312,55.50263567144702,33.84531393628715,-4.087900583857796,-4.088252230571934
3157,0.6314,55.46759045710237,33.79752733659939,-4.118658222223049,-4.119009868937186
3158,0.6316,55.43553037279939,33.750919502400194,-4.149402765809613,-4.149754412523751
3159,0.6318,55.404035783907,33.70107581712315,-4.180132345758414,-4.180483992472552
3160,0.632,55.37284526883877,33.66463028584016,-4.210845093939877,-4.211196740654015
3161,0.6322,55.341781020622484,33.63131445561965,-4.2415391430446885,-4.241890789758826
3162,0.6324,55.30941943804724,33.59870988186795,-4.272212626674919,-4.272564273389056
3163,0.6326,55.278152096435186,33.562406176856314,-4.302863679434991,-4.303215326149129
3164,0.6328,55.24677027457405,33.52843662269557,-4.33349043702252,-4.333842083736657
3165,0.633,55.21369284449344,33.495805622570835,-4.36409103631929,-4.3644426830334275
3166,0.6332,55.18175057388999,33.46370113207502,-4.394663615481983,-4.395015262196121
3167,0.6334,55.15006914961123,33.41692475774839,-4.425206314032946,-4.425557960747083
3168,0.6336,55.1042653277126,33.366265279911005,-4.455717272950881,-4.456068919665018
3169,0.6338,55.055494198500575,33.32976845857434,-4.486194634761379,-4.486546281475516
3170,0.634,55.02029299177914,33.29704312692395,-4.516636543627563,-4.5169881903417
3171,0.6342,54.986869519097624,33.25033106788513,-4.547041145440464,-4.547392792154602
3172,0.6344,54.95390697262197,33.20005537246429,-4.577406587909389,-4.577758234623525
3173,0.6346,54.922760822732364,33.163684435905736,-4.607731020652307,-4.608082667366444
3174,0.6348,54.88974649204935,33.115510114046806,-4.638012595285775,-4.638364241999913
3175,0.635,54.85611134967498,33.07987501740653,-4.6682494655153075,-4.668601112229445
3176,0.6352,54.823700800330194,33.04773476501619,-4.698439787225269,-4.698791433939406
3177,0.6354,54.79151361109005,33.01258010564979,-4.728581718568671,-4.728933365282809
3178,0.6356,54.75792542356073,32.96445617339432,-4.758673420057049,-4.759025066771186
3179,0.6358,54.7239432783753,32.91343257851094,-4.788713054650006,-4.789064701364143
3180,0.636,54.69138388001666,32.877497307533815,-4.818698787844874,-4.819050434559012
3181,0.6362,54.65916742667119,32.830241698293065,-4.848628787766043,-4.848980434480181
3182,0.6364,54.61305213457635,32.78230039125222,-4.878501225254263,-4.878852871968401
3183,0.6366,54.563947692159665,32.73244704670778,-4.908314273955817,-4.908665920669954
3184,0.6368,54.52774589387327,32.697549359613525,-4.9380661104114525,-4.93841775712559
3185,0.637,54.48053074673829,32.66638679424957,-4.967754914145359,-4.968106560859496
3186,0.6372,54.4461043323408,32.61990025217354,-4.997378867753904,-4.997730514468041
3187,0.6374,54.39972135672839,32.58515928737851,-5.026936156994029,-5.027287803708167
3188,0.6376,54.36572091393752,32.553588584761066,-5.0564249708719355,-5.056776617586072
3189,0.6378,54.334931082915475,32.52292242800132,-5.085843501731157,-5.086195148445294
3190,0.638,54.3046276769685,32.487358015502416,-5.115189945340708,-5.1155415920548455
3191,0.6382,54.260975155487486,32.4544306027719,-5.144462500983011,-5.144814147697149
3192,0.6384,54.21309259485189,32.40585866610297,-5.173659371541782,-5.17401101825592
3193,0.6386,54.16522730649637,32.37070212048292,-5.202778763589425,-5.203130410303562
3194,0.6388,54.11666361622403,32.32197689110704,-5.231818887474647,-5.232170534188785
3195,0.639,54.08289531965414,32.28654901722297,-5.260777957409411,-5.261129604123549
3196,0.6392,54.03776358127523,32.24935849679602,-5.289654191556261,-5.290005838270399
3197,0.6394,54.00489836597037,32.19952949331436,-5.318445812114988,-5.318797458829126
3198,0.6396,53.96013445408716,32.16452795446623,-5.347151045409401,-5.3475026921235385
3199,0.6398,53.91253305983418,32.11623074907888,-5.375768121973594,-5.376119768687731
3200,0.64,53.879278470601925,32.08196622830988,-5.4042952766383845,-5.404646923352523
3201,0.6402,53.83573171266958,32.051340470128444,-5.43273074861717,-5.433082395331308
3202,0.6404,53.789711032734786,32.00950271420123,-5.461072781591956,-5.461424428306094
3203,0.6406,53.74354655131236,31.965740569083582,-5.489319623798689,-5.489671270512828
3204,0.6408,53.696972581611874,31.93387465965712,-5.517469528112945,-5.517821174827082
3205,0.641,53.664635937959964,31.903709621050492,-5.545520752134712,-5.545872398848849
3206,0.6412,53.63403344370181,31.856925932300918,-5.573471558273701,-5.573823204987838
3207,0.6414,53.60575713172903,31.806502617644025,-5.601320213833757,-5.601671860547895
3208,0.6416,53.57812661936536,31.760210750343276,-5.629064991097421,-5.629416637811557
3209,0.6418,53.550736055248706,31.71076479777986,-5.656704167410127,-5.657055814124265
3210,0.642,53.52130127337938,31.66048507570691,-5.684236025264104,-5.684587671978241
3211,0.6422,53.49133042397529,31.6219255534663,-5.711658852382161,-5.7120104990963
3212,0.6424,53.46123806406004,31.58539877639915,-5.738970941801172,-5.739322588515309
3213,0.6426,53.43289990006942,31.554607540701955,-5.766170591955078,-5.766522238669214
3214,0.6428,53.39053649092847,31.52370132904273,-5.793256106758114,-5.793607753472251
3215,0.643,53.34541356408558,31.492321309874157,-5.820225795687117,-5.820577442401254
3216,0.6432,53.31429410037115,31.46066332648406,-5.847077973864307,-5.8474296205784455
3217,0.6434,53.286642827272104,31.429445935388827,-5.873810962139055,-5.874162608853194
3218,0.6436,53.24657301206542,31.400578633587532,-5.9004230871700205,-5.900774733884157
3219,0.6438,53.20248030343944,31.370652684897074,-5.9269126815064395,-5.927264328220577
3220,0.644,53.17207151796049,31.340143994235667,-5.95327808366958,-5.953629730383717
3221,0.6442,53.14506479268162,31.309522607139755,-5.979517638233709,-5.979869284947847
3222,0.6444,53.118973640718096,31.280876041295937,-6.005629695906627,-6.005981342620765
3223,0.6446,53.079385796787385,31.250908885454876,-6.031612613610221,-6.031964260324358
3224,0.6448,53.05013855215286,31.220564334826946,-6.05746475456046,-6.0578164012745965
3225,0.645,53.00987298547327,31.177313978576098,-6.083184488347204,-6.083536135061341
3226,0.6452,52.98111008927023,31.146834752740034,-6.108770191013586,-6.109121837727724
3227,0.6454,52.940230973601004,31.119331766003867,-6.134220245135326,-6.134571891849464
3228,0.6456,52.91125676811888,31.092536835542965,-6.159533039899413,-6.159884686613551
3229,0.6458,52.88532746473053,31.065695666308304,-6.1847069711826475,-6.185058617896784
3230,0.646,52.85979590127129,31.03873166819989,-6.209740441629821,-6.210092088343958
3231,0.6462,52.83274571067655,31.01174059367364,-6.234631860731673,-6.23498350744581
3232,0.6464,52.80493998185001,30.985603124550778,-6.259379644902242,-6.259731291616379
3233,0.6466,52.777790960695526,30.9598489971241,-6.283982217556213,-6.2843338642703515
3234,0.6468,52.75109596767771,30.934395416996107,-6.308438009185593,-6.308789655899732
3235,0.647,52.72467085844961,30.909164241153032,-6.332745457436307,-6.333097104150444
3236,0.6472,52.70017515767705,30.884109896648212,-6.356903007184339,-6.357254653898477
3237,0.6474,52.67620764648289,30.858588946527398,-6.38090911061157,-6.381260757325707
3238,0.6476,52.652483590307426,30.833602992051066,-6.40476222728104,-6.405113873995178
3239,0.6478,52.62893828131247,30.808934093887725,-6.4284608242123,-6.428812470926436
3240,0.648,52.591625292806526,30.784465865251466,-6.452003375955792,-6.452355022669929
3241,0.6482,52.55137659268696,30.760165075665462,-6.475388364667561,-6.475740011381698
3242,0.6484,52.51073782937382,30.736023629517614,-6.498614280182908,-6.4989659268970446
3243,0.6486,52.46929577534723,30.71200994815164,-6.521679620090246,-6.522031266804383
3244,0.6488,52.42769894524494,30.68808579703386,-6.544582889804169,-6.544934536518307
3245,0.649,52.386277224093,30.66426730524185,-6.567322602638315,-6.567674249352453
3246,0.6492,52.345135004155026,30.640564482465862,-6.5898972798779,-6.590248926592038
3247,0.6494,52.30488681800934,30.616983065891176,-6.612305450851724,-6.612657097565862
3248,0.6496,52.265126988045324,30.579369019428057,-6.634545653003854,-6.634897299717991
3249,0.6498,52.23955690295854,30.5513242890076,-6.656616431964996,-6.656968078679133
3250,0.65,52.20420605912323,30.51135693918268,-6.678516341623151,-6.67886798833729
3251,0.6502,52.1669829101784,30.470991752740403,-6.700243944194419,-6.700595590908556
3252,0.6504,52.14191693575389,30.44454225718109,-6.721797810292761,-6.7221494570069
3253,0.6506,52.11838933072838,30.421407373315205,-6.743176518999937,-6.743528165714075
3254,0.6508,52.09529508005911,30.399032299820707,-6.764378657934522,-6.764730304648659
3255,0.651,52.07441742697846,30.376974754447186,-6.785402823320926,-6.785754470035064
3256,0.6512,52.05230974050312,30.333821858693792,-6.806247620057668,-6.806599266771806
3257,0.6514,52.03138749234738,30.30012784667287,-6.826911661785543,-6.82726330849968
3258,0.6516,51.99680133028712,30.274438121147902,-6.847393570954973,-6.847745217669111
3259,0.6518,51.97370339415021,30.245109285908022,-6.867691978893396,-6.868043625607534
3260,0.652,51.95297910285827,30.219822967663376,-6.8878055258716815,-6.888157172585819
3261,0.6522,51.918882589817436,30.197149732507857,-6.907732861170704,-6.908084507884842
3262,0.6524,51.88229303841007,30.175504026419784,-6.927472643146963,-6.9278242898611015
3263,0.6526,51.844912355157994,30.15427361061344,-6.947023539298057,-6.947375186012194
3264,0.6528,51.82184019170245,30.133239698662745,-6.966384226327621,-6.966735873041759
3265,0.653,51.78784474930059,30.105712342545683,-6.98555339020977,-6.985905036923906
3266,0.6532,51.752423514881954,30.060111834128406,-7.004529726253257,-7.004881372967395
3267,0.6534,51.71704335227606,30.03318024462368,-7.023311939164961,-7.023663585879099
3268,0.6536,51.694719273844115,30.010996107426646,-7.041898743113003,-7.0422503898271405
3269,0.6538,51.675793891733235,29.983690618184593,-7.060288861789555,-7.060640508503693
3270,0.654,51.657883067014176,29.96046853134076,-7.078481028472861,-7.078832675186999
3271,0.6542,51.62574937664878,29.93878800468778,-7.096473986089103,-7.096825632803241
3272,0.6544,51.59035886284257,29.917472553988098,-7.114266487273674,-7.114618133987811
3273,0.6546,51.55544940449175,29.895921299099697,-7.131857294431861,-7.132208941145999
3274,0.6548,51.53409299328047,29.875159988551445,-7.149245179799251,-7.149596826513388
3275,0.655,51.51636528080971,29.83103362093511,-7.166428925501564,-7.166780572215702
3276,0.6552,51.49952628844629,29.804075098469113,-7.183407323614037,-7.183758970328174
3277,0.6554,51.48101809344956,29.78250757982201,-7.2001791762201695,-7.200530822934307
3278,0.6556,51.46449092698808,29.762710011355665,-7.2167432954703,-7.2170949421844375
3279,0.6558,51.448586691778885,29.743535255356317,-7.23309850363931,-7.233450150353447
3280,0.656,51.43299548754035,29.72454893014495,-7.249243633184172,-7.249595279898309
3281,0.6562,51.41763811233774,29.69915847691346,-7.265177526800737,-7.265529173514874
3282,0.6564,51.402493985929,29.670690647237635,-7.280899037480266,-7.281250684194403
3283,0.6566,51.38718889944805,29.64791812055514,-7.296407028565219,-7.2967586752793565
3284,0.6568,51.371762112085605,29.60464408262945,-7.311700373804723,-7.312052020518861
3285,0.657,51.35658940292112,29.55702936379263,-7.326777957409404,-7.327129604123542
3286,0.6572,51.34148676441016,29.515222987802357,-7.341638674105845,-7.341990320819982
3287,0.6574,51.326535502216615,29.47680057390693,-7.356281429190386,-7.356633075904524
3288,0.6576,51.31004637707599,29.44008511334058,-7.3707051385825615,-7.371056785296699
3289,0.6578,51.295702793092914,29.40430082876115,-7.384908728877811,-7.385260375591948
3290,0.658,51.28165930812234,29.384254015511523,-7.398891137399927,-7.399242784114064
3291,0.6582,51.26777954350405,29.360196151910234,-7.412651312252732,-7.41300295896687
3292,0.6584,51.25409635334727,29.340904677274743,-7.426188212371484,-7.426539859085621
3293,0.6586,51.24099839522225,29.32348366290102,-7.439500807573446,-7.439852454287584
3294,0.6588,51.22826892255936,29.306806500989225,-7.452588078608286,-7.452939725322423
3295,0.659,51.21580798719956,29.290446346036404,-7.465449017207534,-7.465800663921671
3296,0.6592,51.20358572914935,29.274281497634473,-7.478082626133962,-7.4784342728481
3297,0.6594,51.18948174137164,29.258240113784883,-7.490487919229975,-7.490839565944112
3298,0.6596,51.17709513958501,29.219641276998214,-7.502663921465841,-7.503015568179978
3299,0.6598,51.163125834484035,29.198306333614255,-7.514609668987112,-7.51496131570125
3300,0.66,51.15126926623828,29.1752194699675,-7.526324209161607,-7.5266758558757445
3301,0.6602,51.13795907147965,29.150060529430473,-7.537806600625897,-7.538158247340035
3302,0.6604,51.124539661090346,29.131406557522286,-7.549055913331145,-7.549407560045283
3303,0.6606,51.112898473135886,29.091764052416455,-7.560071228588431,-7.560422875302568
3304,0.6608,51.101707518774454,29.070905327370163,-7.570851639113589,-7.5712032858277265
3305,0.661,51.088562737199425,29.046654117582566,-7.581396249071286,-7.581747895785424
3306,0.6612,51.075126673216495,29.027719618439427,-7.591704174118877,-7.592055820833014
3307,0.6614,51.06395412818982,28.995625176717027,-7.6017745414493225,-7.60212618816346
3308,0.6616,51.051644724024435,28.954413595650305,-7.611606489833884,-7.611958136548021
3309,0.6618,51.038938842257494,28.935136352712632,-7.621199169663963,-7.6215508163781
3310,0.662,51.02805512455834,28.897881861293257,-7.630551742992618,-7.630903389706756
3311,0.6622,51.01801599226859,28.855736129847767,-7.639663383575316,-7.640015030289454
3312,0.6624,50.99410719363843,28.81283859807362,-7.648533276910304,-7.648884923624442
3313,0.6626,50.9677875594248,28.771390521694514,-7.6571606202781854,-7.657512266992323
3314,0.6628,50.941102046850986,28.73138996618468,-7.665544622781161,-7.665896269495299
3315,0.663,50.91484550949771,28.70013979050572,-7.673684505381499,-7.674036152095637
3316,0.6632,50.903056675190776,28.664734009911,-7.681579500939503,-7.681931147653641
3317,0.6634,50.89485474772268,28.62766815423983,-7.689228854250981,-7.689580500965119
3318,0.6636,50.872953389699866,28.59043396853642,-7.696631822083944,-7.696983468798082
3319,0.6638,50.84796097449316,28.553819554569017,-7.703787673214904,-7.704139319929042
3320,0.664,50.83707621284718,28.54051317305819,-7.7106956884645195,-7.711047335178657
3321,0.6642,50.82980855250332,28.532711790966314,-7.717355160732571,-7.717706807446708
3322,0.6644,50.821881670771106,28.526271564313895,-7.723765395032504,-7.724117041746641
3323,0.6646,50.81415191691068,28.52029179872362,-7.729925708525266,-7.730277355239403
3324,0.6648,50.79355882623006,28.514581967466874,-7.735835430552595,-7.736187077266733
3325,0.665,50.78406194696715,28.509114103140153,-7.741493902669687,-7.741845549383824
3326,0.6652,50.777283590676326,28.503879466521838,-7.746900478677316,-7.747252125391453
3327,0.6654,50.77190713822251,28.498874109074524,-7.752054524653335,-7.752406171367473
3328,0.6656,50.76717012856918,28.4940961783562,-7.756955418983512,-7.75730706569765
3329,0.6658,50.76280049944205,28.48954444252944,-7.761602552391919,-7.761954199106056
3330,0.666,50.75871648967405,28.48521873421859,-7.765995327970532,-7.766346974684669
3331,0.6662,50.754895812180955,28.48111860296428,-7.770133161208401,-7.770484807922538
3332,0.6664,50.75133300118579,28.47724401012223,-7.774015480020076,-7.774367126734213
3333,0.6666,50.74802707585977,28.47359491459669,-7.777641724773555,-7.7779933714876925
3334,0.6668,50.74497348070463,28.470167605802825,-7.7810113483175005,-7.781362995031638
3335,0.667,50.7421468169711,28.465945311819993,-7.7841238160079484,-7.784475462722086
3336,0.6672,50.73955364685892,28.461477706342386,-7.7869786057343084,-7.787330252448446
3337,0.6674,50.73659062080064,28.458083911071093,-7.7895752079449005,-7.789926854659038
3338,0.6676,50.73357737445007,28.45515930543575,-7.791913125671709,-7.792264772385846
3339,0.6678,50.73065449523547,28.452487026464,-7.793991874554658,-7.794343521268796
3340,0.668,50.72852047069571,28.450020629836683,-7.795810982865171,-7.7961626295793085
3341,0.6682,50.72688969413266,28.447756754721183,-7.7973699915291945,-7.797721638243332
3342,0.6684,50.72492204718422,28.445699760365294,-7.798668454149566,-7.799020100863704
3343,0.6686,50.72288907719509,28.443835204799942,-7.799705937027786,-7.800057583741924
3344,0.6688,50.721623420866614,28.442171855590757,-7.800482019185107,-7.800833665899245
3345,0.669,50.720841062551656,28.440717476472674,-7.800996292383123,-7.80134793909726
3346,0.6692,50.720371535947294,28.439498405391863,-7.801248361143579,-7.801600007857717
3347,0.6694,50.720147268848706,28.43851151043925,-7.801237842767743,-7.801589489481881
3348,0.6696,50.72017678953402,28.437766511238028,-7.800964367354974,-7.801316014069111
3349,0.6698,50.720468294935976,28.437278300843964,-7.800427577820808,-7.800779224534946
3350,0.67,50.72102522255825,28.437058924754254,-7.799627129914333,-7.79997877662847
3351,0.6702,50.72184780803822,28.437114475796896,-7.7985626922349685,-7.798914338949106
3352,0.6704,50.72294398011448,28.437440298475018,-7.797233946248621,-7.797585592962759
3353,0.6706,50.72431314065345,28.43803340356901,-7.795640586303228,-7.795992233017365
3354,0.6708,50.725953881614345,28.436543334473125,-7.793782319643619,-7.794133966357757
3355,0.671,50.72786556651088,28.434500755012735,-7.791658866425826,-7.792010513139964
3356,0.6712,50.730048079059316,28.43259289067228,-7.789269959730668,-7.789621606444806
3357,0.6714,50.73250151396928,28.4309669656871,-7.786615345576816,-7.786966992290954
3358,0.6716,50.73522603421769,28.429625292259363,-7.783694782933139,-7.784046429647277
3359,0.6718,50.73822181640385,28.416034616977388,-7.7805080437304674,-7.780859690444605
3360,0.672,50.74148903234894,28.399845566544265,-7.777054912872691,-7.7774065595868285
3361,0.6722,50.745027843350286,28.3857023918437,-7.77333518824726,-7.7736868349613975
3362,0.6724,50.74883839846274,28.372737428775118,-7.769348680735024,-7.769700327449161
3363,0.6726,50.75292083402571,28.36032433580888,-7.765095214219462,-7.7654468609336
3364,0.6728,50.75727093129596,28.360506407691755,-7.760574625595248,-7.760926272309385
3365,0.673,50.761886999254706,28.363588019528137,-7.755786764776219,-7.756138411490356
3366,0.6732,50.766769643921656,28.35284623416932,-7.750731494702681,-7.751083141416818
3367,0.6734,50.771922728754745,28.339115065493466,-7.745408691348081,-7.745760338062219
3368,0.6736,50.77734785803362,28.32705174274888,-7.739818243725074,-7.740169890439212
3369,0.6738,50.78304555371219,28.316144868820455,-7.7339600538909075,-7.734311700605045
3370,0.674,50.78901597614282,28.306280423511005,-7.727834036952214,-7.728185683666352
3371,0.6742,50.79525917298259,28.297027357724545,-7.7214401210691355,-7.721791767783273
3372,0.6744,50.80177515226986,28.28828352877052,-7.7147782474588364,-7.715129894172974
3373,0.6746,50.80856390179765,28.279933593287993,-7.707848370398359,-7.708200017112497
3374,0.6748,50.815625395695676,28.283789085490564,-7.700650457226858,-7.701002103940995
3375,0.675,50.82295960199561,28.278144925690405,-7.693184488347186,-7.693536135061324
3376,0.6752,50.83056648039609,28.2709192873857,-7.685450457226858,-7.685802103940995
3377,0.6754,50.83780140328509,28.264214312642792,-7.677448370398359,-7.677800017112497
3378,0.6756,50.845622838208996,28.25818417899074,-7.669178247458836,-7.669529894172974
3379,0.6758,50.8515600223909,28.24978001072057,-7.660640121069136,-7.6609917677832735
3380,0.676,50.85960202007521,28.254924005465902,-7.651834036952212,-7.6521856836663495
3381,0.6762,50.8683554266085,28.26343039834627,-7.642760053890907,-7.643111700605044
3382,0.6764,50.87494235628271,28.27289310249229,-7.633418243725073,-7.63376989043921
3383,0.6766,50.88372732947392,28.268590947896527,-7.623808691348082,-7.62416033806222
3384,0.6768,50.8932765504923,28.263820905430123,-7.61393149470268,-7.614283141416817
3385,0.677,50.900682919861865,28.259367550670575,-7.603786764776219,-7.604138411490356
3386,0.6772,50.910279818123044,28.267179212900718,-7.593374625595246,-7.593726272309383
3387,0.6774,50.92063085287543,28.276283044912713,-7.58269521421946,-7.583046860933598
3388,0.6776,50.93137130140153,28.26475839883308,-7.571748680735023,-7.572100327449161
3389,0.6778,50.94207419481294,28.258328205677763,-7.560535188247258,-7.560886834961395
3390,0.678,50.95071025391645,28.25601428547927,-7.549054912872686,-7.549406559586823
3391,0.6782,50.95911526684,28.25516702176011,-7.537308043730465,-7.5376596904446025
3392,0.6784,50.96985878688663,28.25460965717806,-7.5252947829331385,-7.525646429647276
3393,0.6786,50.97914866969185,28.253768255238402,-7.513015345576815,-7.513366992290953
3394,0.6788,50.9908373452846,28.244577725280276,-7.500469959730665,-7.500821606444803
3395,0.679,51.00334695595252,28.232512900597825,-7.48765886642582,-7.488010513139957
3396,0.6792,51.01626660958462,28.239216311873,-7.474582319643619,-7.4749339663577565
3397,0.6794,51.02949111549831,28.234225535835648,-7.461240586303227,-7.461592233017365
3398,0.6796,51.04298700674597,28.228911299005052,-7.447633946248617,-7.4479855929627545
3399,0.6798,51.0567493068411,28.225492056011888,-7.433762692234964,-7.434114338949102
3400,0.68,51.07077662529977,28.229226925581212,-7.419627129914326,-7.419978776628463
3401,0.6802,51.08504348491215,28.23253997159514,-7.405227577820807,-7.405579224534945
3402,0.6804,51.097637592880524,28.23464798374093,-7.390564367354969,-7.390916014069107
3403,0.6806,51.109939731823495,28.223071480321344,-7.3756378427677385,-7.375989489481876
3404,0.6808,51.12206136238553,28.23248504159458,-7.360448361143578,-7.360800007857716
3405,0.681,51.13675094040542,28.247010240406812,-7.344996292383113,-7.345347939097251
3406,0.6812,51.152249131859065,28.262813243720444,-7.329282019185106,-7.329633665899244
3407,0.6814,51.16624261686943,28.27899750970613,-7.31330593702778,-7.313657583741918
3408,0.6816,51.17997009027139,28.295370556614692,-7.2970684541495645,-7.297420100863702
3409,0.6818,51.19591633755262,28.31189789549756,-7.280569991529193,-7.28092163824333
3410,0.682,51.21222652193799,28.328578988460777,-7.263810982865165,-7.264162629579302
3411,0.6822,51.22853055934169,28.345415312971628,-7.246791874554656,-7.247143521268794
3412,0.6824,51.24549815140314,28.362413001082203,-7.229513125671708,-7.229864772385845
3413,0.6826,51.2607125247604,28.355724527952912,-7.211975207944899,-7.212326854659037
3414,0.6828,51.27763228206794,28.344078882463986,-7.194178605734302,-7.194530252448439
3415,0.683,51.292986415274434,28.355285058506205,-7.176123816007936,-7.176475462722074
3416,0.6832,51.310601157267435,28.371706837126617,-7.157811348317504,-7.158162995031642
3417,0.6834,51.32878025721042,28.373709595923327,-7.139241724773553,-7.139593371487691
3418,0.6836,51.345375109042564,28.365126822643024,-7.12041548002008,-7.120767126734218
3419,0.6838,51.36157279265091,28.37757123883214,-7.101333161208394,-7.101684807922531
3420,0.684,51.38020953856769,28.395116448425057,-7.08199532797053,-7.0823469746846675
3421,0.6842,51.39964305097841,28.392944039407396,-7.062402552391911,-7.062754199106049
3422,0.6844,51.41914229277652,28.393544506243757,-7.042555418983517,-7.042907065697655
3423,0.6846,51.43676023766158,28.393457407360643,-7.022454524653328,-7.022806171367465
3424,0.6848,51.45651024360199,28.408270385590857,-7.00210047867732,-7.002452125391458
3425,0.685,51.476986216792476,28.426749603065886,-6.981493902669672,-6.981845549383809
3426,0.6852,51.497831567423404,28.446549233477118,-6.960635430552586,-6.960987077266724
3427,0.6854,51.51658376966759,28.466938173389007,-6.939525708525264,-6.9398773552394015
3428,0.6856,51.537366787806214,28.48766199132949,-6.918165395032502,-6.9185170417466395
3429,0.6858,51.55864258728264,28.508638034487667,-6.896555160732569,-6.896906807446706
3430,0.686,51.580378977945585,28.529841670377706,-6.87469568846451,-6.875047335178648
3431,0.6862,51.60192428453477,28.551265283547902,-6.852587673214902,-6.85293931992904
3432,0.6864,51.62402719694681,28.572906209337532,-6.830231822083942,-6.830583468798079
3433,0.6866,51.646334087361396,28.594761744620307,-6.8076288542509715,-6.807980500965109
3434,0.6868,51.66674240168617,28.616823663353724,-6.784779500939509,-6.785131147653646
3435,0.687,51.68710916737002,28.639084512954227,-6.7616845053814805,-6.762036152095618
3436,0.6872,51.70977975439548,28.661547988571797,-6.738344622781159,-6.738696269495296
3437,0.6874,51.73291813062333,28.68420377631899,-6.7147606202781756,-6.715112266992313
3438,0.6876,51.75433164268617,28.707061459769054,-6.690933276910294,-6.691284923624432
3439,0.6878,51.77539335051837,28.730136017501508,-6.666863383575305,-6.667215030289443
3440,0.688,51.79654983103653,28.75342393085178,-6.642551742992608,-6.6429033897067455
3441,0.6882,51.82021664836904,28.76417374584123,-6.6179991696639435,-6.618350816378081
3442,0.6884,51.84256806261989,28.77005315137594,-6.5932064898338725,-6.59355813654801
3443,0.6886,51.86660162254038,28.7868923738741,-6.56817454144932,-6.568526188163458
3444,0.6888,51.88935990276718,28.7939647165349,-6.542904174118866,-6.543255820833004
3445,0.689,51.913860016018845,28.814364645739403,-6.517396249071283,-6.517747895785421
3446,0.6892,51.936930943124494,28.82281228755808,-6.491651639113568,-6.492003285827706
3447,0.6894,51.962132114909856,28.82807352864085,-6.465671228588428,-6.466022875302565
3448,0.6896,51.98608888218519,28.847848229608296,-6.439455913331142,-6.4398075600452795
3449,0.6898,52.01163510600786,28.871198986177816,-6.413006600625885,-6.413358247340023
3450,0.69,52.03765586181464,28.878243902551887,-6.386324209161604,-6.386675855875741
3451,0.6902,52.063945808958174,28.88231511310168,-6.359409668987089,-6.359761315701227
3452,0.6904,52.09074269671943,28.90099541741643,-6.332263921465839,-6.3326155681799765
3453,0.6906,52.10303530671697,28.90987934981463,-6.304887919229961,-6.305239565944099
3454,0.6908,52.12579893095166,28.93210157945503,-6.277282626133949,-6.277634272848086
3455,0.691,52.13696802401704,28.957980721824946,-6.249449017207531,-6.249800663921668
3456,0.6912,52.145728456899676,28.984920158995983,-6.221388078608261,-6.221739725322399
3457,0.6914,52.154779971970996,29.012271572633445,-6.193100807573432,-6.19345245428757
3458,0.6916,52.164347552683594,29.038669521805712,-6.164588212371471,-6.164939859085608
3459,0.6918,52.17423018316156,29.06459387802231,-6.135851312252729,-6.136202958966867
3460,0.692,52.19874671105224,29.091250546065787,-6.1068911373999235,-6.107242784114061
3461,0.6922,52.2129494429265,29.11851541101425,-6.077708728877808,-6.078060375591946
3462,0.6924,52.2240581585728,29.146030232280836,-6.048305138582547,-6.048656785296685
3463,0.6926,52.249289333095554,29.173636640298056,-6.018681429190394,-6.019033075904532
3464,0.6928,52.278141286496634,29.201323726683768,-5.988838674105841,-5.989190320819978
3465,0.693,52.307101349001044,29.2291396536231,-5.9587779574093895,-5.959129604123527
3466,0.6932,52.33601265711344,29.257226022510338,-5.928500373804709,-5.928852020518846
3467,0.6934,52.35156978511888,29.285605475961933,-5.898007028565216,-5.898358675279353
3468,0.6936,52.364717092866165,29.31423705704389,-5.8672990374802625,-5.8676506841944
3469,0.6938,52.39159261028227,29.34308378480769,-5.836377526800745,-5.8367291735148825
3470,0.694,52.40758510856584,29.37212832967189,-5.805243633184157,-5.805595279898294
3471,0.6942,52.42156919469572,29.401356060615147,-5.773898503639306,-5.774250150353444
3472,0.6944,52.448360945583,29.43060836517135,-5.742343295470285,-5.742694942184422
3473,0.6946,52.46479964235457,29.46006577287313,-5.710579176220178,-5.710930822934316
3474,0.6948,52.47927409863641,29.48973412115972,-5.67860732361402,-5.678958970328158
3475,0.695,52.4934839105721,29.519613916180106,-5.646428925501573,-5.646780572215711
3476,0.6952,52.50796553653529,29.549658987066632,-5.614045179799222,-5.614396826513359
3477,0.6954,52.52284261264014,29.578651785982203,-5.581457294431845,-5.581808941145982
3478,0.6956,52.53816201300932,29.598897978402608,-5.548666487273657,-5.549018133987794
3479,0.6958,52.55488783048515,29.62333391537765,-5.515673986089112,-5.51602563280325
3480,0.696,52.57154733363786,29.627799477851774,-5.482481028472857,-5.4828326751869945
3481,0.6962,52.588337303246234,29.650714815527788,-5.449088861789538,-5.449440508503676
3482,0.6964,52.618928825614276,29.67841465175867,-5.415498743112999,-5.415850389827137
3483,0.6966,52.65275495955207,29.70722447953473,-5.381711939164943,-5.382063585879081
3484,0.6968,52.68743145806197,29.73625926287621,-5.347729726253253,-5.348081372967391
3485,0.697,52.722620070015545,29.764150851391797,-5.313553390209779,-5.3139050369239165
3486,0.6972,52.757498228773755,29.776297992135703,-5.27918422632759,-5.279535873041727
3487,0.6974,52.792291325609156,29.801126174703175,-5.244623539298052,-5.244975186012189
3488,0.6976,52.82714178288849,29.82028913219713,-5.209872643146945,-5.210224289861083
3489,0.6978,52.849565356778186,29.82207111538511,-5.1749328611707,-5.175284507884838
3490,0.698,52.88178019977454,29.820950073109877,-5.139805525871663,-5.1401571725858
3491,0.6982,52.9154236771316,29.82753387686646,-5.104491978893364,-5.104843625607501
3492,0.6984,52.949888800911864,29.83848958496357,-5.068993570954955,-5.069345217669092
3493,0.6986,52.98408588861807,29.86616288568163,-5.033311661785524,-5.033663308499662
3494,0.6988,53.01814549373792,29.897227705248543,-4.997447620057663,-4.997799266771801
3495,0.699,53.05324513359893,29.92909834091734,-4.961402823320906,-4.961754470035045
3496,0.6992,53.08948836790944,29.93808884911302,-4.925178657934488,-4.925530304648625
3497,0.6994,53.12630901759694,29.964913390800838,-4.888776518999919,-4.889128165714055
3498,0.6996,53.16276902210383,29.996358246425803,-4.852197810292758,-4.852549457006894
3499,0.6998,53.1997053728373,30.029167078509545,-4.8154439441944135,-4.815795590908551
3500,0.7,53.22230754377591,30.062502437914073,-4.778516341623147,-4.778867988337284
3501,0.7002,53.25624420495808,30.096178980985517,-4.741416431964961,-4.741768078679098
3502,0.7004,53.29308880373519,30.128682284834984,-4.704145653003849,-4.704497299717986
3503,0.7006,53.3307715206592,30.161878518040975,-4.666705450851719,-4.6670570975658565
3504,0.7008,53.354062181121854,30.182300665575376,-4.62909727987788,-4.629448926592017
3505,0.701,53.37513638565263,30.20032713931749,-4.591322602638311,-4.591674249352448
3506,0.7012,53.39607788820605,30.23213602081177,-4.553382889804148,-4.553734536518286
3507,0.7014,53.417812366916486,30.266632014168444,-4.51527962009024,-4.515631266804378
3508,0.7016,53.45269427433277,30.301759570883885,-4.477014280182886,-4.477365926897024
3509,0.7018,53.49019559324385,30.337134786486807,-4.438588364667539,-4.438940011381677
3510,0.702,53.5142539262529,30.372638915376267,-4.4000033759557855,-4.400355022669924
3511,0.7022,53.54987769579632,30.408287768487845,-4.361260824212261,-4.361612470926399
3512,0.7024,53.57448759706505,30.44410553470145,-4.322362227281051,-4.322713873995188
3513,0.7026,53.61068293225238,30.471888005426777,-4.2833091106115475,-4.283660757325685
3514,0.7028,53.64802333141697,30.49685425979187,-4.24410300718435,-4.244454653898488
3515,0.703,53.68698953786749,30.529096402068117,-4.204745457436301,-4.205097104150439
3516,0.7032,53.7267204709697,30.564032643173892,-4.165238009185572,-4.165589655899709
3517,0.7034,53.75284436462851,30.600090270332476,-4.125582217556191,-4.125933864270328
3518,0.7036,53.776864936239704,30.622115205899906,-4.085779644902253,-4.08613129161639
3519,0.7038,53.813567056013426,30.642931465510436,-4.045831860731667,-4.046183507445804
3520,0.704,53.85152949938359,30.663690733985,-4.005740441629831,-4.006092088343968
3521,0.7042,53.8902791572449,30.684894001583658,-3.9655069711826076,-3.965858617896745
3522,0.7044,53.93072232769063,30.706490341692565,-3.92513303989939,-3.925484686613528
3523,0.7046,53.96986574227966,30.72856707052433,-3.88462024513532,-3.8849718918494576
3524,0.7048,54.00920335480338,30.743265503625853,-3.843970191013596,-3.8443218377277337
3525,0.705,54.0483688347023,30.76296834680535,-3.8031844883471804,-3.803536135061318
3526,0.7052,54.08923153683113,30.797742379544026,-3.762264754560453,-3.7626164012745904
3527,0.7054,54.13058906515505,30.835714467644937,-3.721212613610197,-3.7215642603243344
3528,0.7056,54.17085452821016,30.874452564964255,-3.6800296959066205,-3.680381342620758
3529,0.7058,54.21018583970989,30.913431622798292,-3.638717638233685,-3.639069284947823
3530,0.706,54.25074291434707,30.952541905031993,-3.59727808366959,-3.5976297303837277
3531,0.7062,54.27856345839246,30.99176766164928,-3.5557126815063977,-3.5560643282205353
3532,0.7064,54.30280486907578,31.031107698223845,-3.5140230871699956,-3.514374733884133
3533,0.7066,54.34075579888824,31.070561282216683,-3.472210962139049,-3.4725626088531865
3534,0.7068,54.38112344010746,31.097562527168485,-3.430277973864283,-3.4306296205784204
3535,0.707,54.422269542146985,31.122012124565085,-3.38822579568711,-3.3885774424012474
3536,0.7072,54.46336033101416,31.146085502985297,-3.3460561067580707,-3.3464077534722083
3537,0.7074,54.50375435878158,31.167299463645005,-3.30377059195507,-3.3041222386692075
3538,0.7076,54.530703352690864,31.187793714947652,-3.261370941801164,-3.2617225885153016
3539,0.7078,54.56950911569751,31.223491025191294,-3.218858852382154,-3.2192104990962918
3540,0.708,54.6113901766225,31.26308230755318,-3.176236025264096,-3.1765876719782336
3541,0.7082,54.640976560587866,31.303448889395227,-3.1335041674100834,-3.133855814124221
3542,0.7084,54.681159088891945,31.343927719080927,-3.090664991097412,-3.0910166378115496
3543,0.7086,54.72308981003472,31.381626740983602,-3.0477202138337316,-3.048071860547869
3544,0.7088,54.752137628719154,31.41813227995836,-3.004671558273693,-3.0050232049878307
3545,0.709,54.792002613210094,31.445002797166442,-2.961520752134686,-2.9618723988488234
3546,0.7092,54.834225920285185,31.46769686481946,-2.9182695281129,-2.9186211748270376
3547,0.7094,54.87715345593539,31.504508934959233,-2.874919623798663,-2.8752712705128007
3548,0.7096,54.91887099152037,31.529452103476267,-2.8314727815919296,-2.831824428306067
3549,0.7098,54.960390967489424,31.56689657411908,-2.787930748617162,-2.7882823953312994
3550,0.71,55.00189886695342,31.607656409344706,-2.7442952766383586,-2.744646923352496
3551,0.7102,55.04346119286939,31.649326981313873,-2.700568121973585,-2.7009197686877227
3552,0.7104,55.08535468545334,31.69104671739282,-2.656751045409374,-2.6571026921235115
3553,0.7106,55.128742293245104,31.7172117434683,-2.612845812114979,-2.6131974588291165
3554,0.7108,55.17251179269826,31.754746040263882,-2.5688541915562526,-2.56920583827039
3555,0.711,55.21652920079433,31.779664758829277,-2.524777957409384,-2.5251296041235216
3556,0.7112,55.24722790134579,31.81680643803174,-2.480618887474601,-2.4809705341887387
3557,0.7114,55.27427910848552,31.85734801859466,-2.4363787635894343,-2.436730410303572
3558,0.7116,55.31388568796125,31.89888408732329,-2.392059371541773,-2.3924110182559106
3559,0.7118,55.355566249233675,31.94076902403018,-2.3476625009829837,-2.3480141476971212
3560,0.712,55.39939791439791,31.967457942065685,-2.3031899453406792,-2.303541592054817
3561,0.7122,55.442237556965296,32.00542861463708,-2.258643501731129,-2.2589951484452664
3562,0.7124,55.486458001632776,32.028684524148254,-2.2140249708719257,-2.2143766175860633
3563,0.7126,55.531077365904025,32.04754527589767,-2.1693361569940386,-2.169687803708176
3564,0.7128,55.57584770550953,32.08462731966881,-2.1245788677538755,-2.124930514468013
3565,0.713,55.60662669061238,32.10680621425936,-2.0797549141453677,-2.0801065608595053
3566,0.7132,55.63327251686103,32.13636776833985,-2.034866110411424,-2.0352177571255616
3567,0.7134,55.67376188696181,32.16166478441643,-1.9899142739557876,-1.9902659206699251
3568,0.7136,55.717679142235305,32.17941992042719,-1.9449012252542344,-1.945252871968372
3569,0.7138,55.76247377838587,32.20207628885177,-1.8998287877660331,-1.9001804344801707
3570,0.714,55.79252215325045,32.23905281602931,-1.8546987878448642,-1.8550504345590018
3571,0.7142,55.833960247932126,32.280151808392695,-1.8095130546499958,-1.8098647013641334
3572,0.7144,55.877527682464226,32.31022039389622,-1.7642734200570191,-1.7646250667711567
3573,0.7146,55.92027325761168,32.33800077704232,-1.718981718568661,-1.7193333652827987
3574,0.7148,55.96423079911296,32.36547288173707,-1.673639787225258,-1.6739914339393955
3575,0.715,56.00907053399176,32.40536844006664,-1.6282494655153164,-1.628601112229454
3576,0.7152,56.05409153724085,32.44783125767342,-1.5828125952857452,-1.5831642419998828
3577,0.7154,56.09798900024472,32.49080682236332,-1.5373310206522766,-1.5376826673664141
3578,0.7156,56.142461608829514,32.533939522111744,-1.4918065879093771,-1.4921582346235147
3579,0.7158,56.18755217514824,32.577165473191585,-1.4462411454404533,-1.446592792154591
3580,0.716,56.23291581455795,32.620467499438064,-1.4006365436275325,-1.40098819034167
3581,0.7162,56.277597338093116,32.663830713101156,-1.3549946347613675,-1.355346281475505
3582,0.7164,56.30852460080769,32.707274252883145,-1.3093172729508311,-1.3096689196649687
3583,0.7166,56.349710743254754,32.75073143528258,-1.2636063140329346,-1.2639579607470721
3584,0.7168,56.39313301560669,32.79419596116555,-1.2178636154819524,-1.21821526219609
3585,0.717,56.422763190349166,32.83765552019048,-1.1720910363192782,-1.1724426830334158
3586,0.7172,56.449191463431106,32.88114629743722,-1.1262904370225084,-1.126642083736646
3587,0.7174,56.49001141081179,32.92465953233807,-1.0804636794349602,-1.0808153261490978
3588,0.7176,56.53448104111043,32.95304391799373,-1.0346126266749067,-1.0349642733890443
3589,0.7178,56.57988785254648,32.977875273524745,-0.9887391430446766,-0.9890907897588141
3590,0.718,56.6244030257535,33.0021755500042,-0.9428450939398654,-0.9431967406540029
3591,0.7182,56.66882603068045,33.02932918447592,-0.8969323457584217,-0.8972839924725593
3592,0.7184,56.71185306733593,33.057803446326595,-0.8510027658095624,-0.8513544125236999
3593,0.7186,56.75564423702843,33.083611371422855,-0.8050582222230562,-0.8054098689371938
3594,0.7188,56.79954226447457,33.12324741927823,-0.7591005838577641,-0.7594522305719017
3595,0.719,56.84327463894903,33.16621997880385,-0.7131317202109433,-0.7134833669250809
3596,0.7192,56.88707030282028,33.210069820216475,-0.6671535013267996,-0.6675051480409372
3597,0.7194,56.93095984923993,33.238633772009386,-0.6211677977056365,-0.621519444419774
3598,0.7196,56.97624875572761,33.278602305645,-0.575176480212455,-0.5755281269265926
3599,0.7198,57.021774127115265,33.32148671344868,-0.5291814199859665,-0.529533066700104
3600,0.72,57.06743054202199,33.35002016919115,-0.48318448834716077,-0.48353613506129833
3601,0.7202,57.1131294439079,33.37491360767569,-0.43718755670839415,-0.4375392034225317
3602,0.7204,57.15883552943854,33.41387611135694,-0.3911924964818861,-0.39154414319602365
3603,0.7206,57.202927048938406,33.44157810023813,-0.34520117898870467,-0.34555282570284224
3604,0.7208,57.23262269863466,33.47854710455873,-0.2992154753675415,-0.29956712208167907
3605,0.721,57.25911907346064,33.505154215745556,-0.25323725648341744,-0.253588903197555
3606,0.7212,57.28503872889232,33.54462311141205,-0.20726839283657716,-0.20762003955071473
3607,0.7214,57.31093967554421,33.58436627076979,-0.16131075447128507,-0.16166240118542263
3608,0.7216,57.33759837640798,33.61439199026776,-0.115366210884779,-0.11571785759891656
3609,0.7218,57.36407801030081,33.6430266492745,-0.06943663093595875,-0.06978827765009632
3610,0.722,57.39156901386689,33.683682621492686,-0.023523882754476033,-0.0238755294686136
3611,0.7222,57.419381925532456,33.726495865162256,0.022370166350315468,0.022018519636177902
3612,0.7224,57.44745352788349,33.75753789442704,0.05546622484727093,0.07189142374597018
3613,0.7226,57.475480951223275,33.78050694390084,0.09821733224493445,0.11866036096030047
3614,0.7228,57.50362960409445,33.80044970990549,0.1433432223828886,0.1646190878496207
3615,0.723,57.53088591493935,33.81916716387226,0.18888121750796089,0.19521945990432243
3616,0.7232,57.57151659883738,33.84999722913522,0.21929629825754332,0.2209296796689852
3617,0.7234,57.61600148293818,33.883954149831936,0.2606493274399743,0.2590613042263345
3618,0.7236,57.64747968579282,33.90944952821195,0.28902549722852594,0.2996405818475438
3619,0.7238,57.689962148723964,33.939013416961366,0.3141978289234796,0.2733079817875147
3620,0.724,57.72099144238373,33.97855259133464,0.3385908263410698,0.29673722606935987
3621,0.7242,57.749686405969264,34.00775232574266,0.3780125700668902,0.3334996140443863
3622,0.7244,57.77698715032698,34.0292237662775,0.4198405985700095,0.30717089094052763
3623,0.7246,57.81781241531664,34.06020824440338,0.3746144651308788,0.2671793520736173
3624,0.7248,57.861480916012496,34.08537735347785,0.3147588061261879,0.22693380265302698
3625,0.725,57.904762261507024,34.1236077134163,0.3364391201140262,0.25042296931549324
3626,0.7252,57.94789360592978,34.15890206004931,0.3729422075701224,0.2732984322710792
3627,0.7254,57.9916286959278,34.19866644040065,0.40760094961980686,0.2949357843994602
3628,0.7256,58.03549795097373,34.24058558738866,0.4331847561725698,0.31533828244467466
3629,0.7258,58.08051766785262,34.283263582892594,0.4583181395403948,0.3343366050352943
3630,0.726,58.12563936138417,34.32614817423768,0.498428495617502,0.35216079552116397
3631,0.7262,58.16970105823996,34.36000730695386,0.5271579781081139,0.36956174476845816
3632,0.7264,58.21337395499764,34.38680487212732,0.568040892284873,0.38758673314709235
3633,0.7266,58.256863070842115,34.42505004572567,0.6119247803394708,0.40798483635208327
3634,0.7268,58.30022943486742,34.466455299292846,0.6561931106938452,0.4444491329014759
3635,0.727,58.34468857754687,34.50875061118181,0.6421609385673284,0.4698147736531332
3636,0.7272,58.375719150330205,34.55128513454652,0.6173217793868173,0.49234696632562625
3637,0.7274,58.40361743171817,34.59386272897414,0.5919907055784381,0.5298165005801674
3638,0.7276,58.43086334484379,34.636417956773,0.5664213988889504,0.5555168041161791
3639,0.7278,58.471596623907466,34.678143149797606,0.5959356745888169,0.5779692489080057
3640,0.728,58.515350432240524,34.71309559189355,0.6365705363248243,0.6150586147611693
3641,0.7282,58.546064249502734,34.738321957778616,0.6785263398894076,0.5919285600464949
3642,0.7284,58.58724870921573,34.770279305624,0.7198430460919653,0.5547191678384364
3643,0.7286,58.63091319326552,34.80934497029539,0.7062076879519574,0.5169820536731027
3644,0.7288,58.6740137780745,34.84762995058269,0.7369145273254945,0.4800474906862229
3645,0.729,58.718030759193624,34.888328566341166,0.7750651960791644,0.5040060771988013
3646,0.7292,58.76222770634608,34.930077621361576,0.815559185026279,0.5280422178037962
3647,0.7294,58.806422942344796,34.97202674191888,0.7951238164773363,0.5671611753507078
3648,0.7296,58.85056691082403,35.010974555623456,0.8220858320471529,0.6075501471863751
3649,0.7298,58.8946421629448,35.048505545831595,0.8612936799027343,0.6495659355785695
3650,0.73,58.938639883133284,35.08547102534413,0.8995840722810106,0.6770723045388656
3651,0.7302,58.98255251842667,35.1254367298543,0.8766159122842894,0.698532963757041
3652,0.7304,59.02637571969071,35.16652664128855,0.9022441382426998,0.7168614816083483
3653,0.7306,59.06947816131756,35.208102626648014,0.9384591752681282,0.7357513476045414
3654,0.7308,59.11218797444345,35.249852547695056,0.9171425617677897,0.754752360168607
3655,0.731,59.15465193751883,35.29163449646635,0.8815556243572287,0.7730048801364942
3656,0.7312,59.196923830471924,35.33338856372628,0.9044661217427208,0.790598983734099
3657,0.7314,59.23970774039765,35.375087978124746,0.9421612437851976,0.8248403661146482
3658,0.7316,59.282691099400466,35.41671821771922,0.9218011575883069,0.863739771122497
3659,0.7318,59.32567820872962,35.45826941714523,0.9481096382334029,0.9038864319813777
3660,0.732,59.36859256624547,35.49973380520341,0.9268372992617113,0.9284935899850597
3661,0.7322,59.41140795119827,35.54110483157809,0.8944111563123989,0.949111603376285
3662,0.7324,59.45411526661688,35.58237691243675,0.9187726384218149,0.9684285013996656
3663,0.7326,59.496710698251746,35.623545120977376,0.8979767774569625,0.9875643557713181
3664,0.7328,59.539191974546256,35.664605021539856,0.92572532403539,1.0065749168957765
3665,0.733,59.580878676868615,35.70555259969115,0.9651116007182114,1.0413895004804992
3666,0.7332,59.608560096980106,35.74638426485565,1.0071564501697527,1.0645153612565652
3667,0.7334,59.632373290173454,35.78402669250744,1.0496967640423107,1.1002134904233
3668,0.7336,59.669959931997,35.811233346704654,1.0359611519735443,1.1390451481994335
3669,0.7338,59.710830258912026,35.83669511135383,1.0074266373031922,1.178548737249939
3670,0.734,59.752418753713435,35.86197994550866,1.0325286973556178,1.2182233294207454
3671,0.7342,59.79409111960203,35.88375657289958,1.012082591358818,1.257715299261126
3672,0.7344,59.835563160153704,35.91931817226361,0.9827300276284909,1.2910514788409795
3673,0.7346,59.87538537025754,35.9429061667393,1.008286368772722,1.2596271745510177
3674,0.7348,59.91529398981456,35.978326232926506,1.044668258915371,1.2787385204324924
3675,0.735,59.955262348492724,36.001277308755206,1.0253824942898764,1.311738274789578
3676,0.7352,59.99518079710057,36.03637041849078,1.0518136278943786,1.3476044077135683
3677,0.7354,60.035856938932525,36.061762362567954,1.030943479696289,1.367790863817579
3678,0.7356,60.07573592776963,36.084002266307365,0.9977697248769772,1.3820749622418536
3679,0.7358,60.11620094591508,36.117669447780536,1.0194410137756307,1.393962407769919
3680,0.736,60.15668355237324,36.15466141346674,1.0534774254249932,1.4067120809512599
3681,0.7362,60.19705830460631,36.18024286307636,1.031177974169442,1.420284139159959
3682,0.7364,60.23729667141507,36.20793957848912,1.0544259933450686,1.4493236485843024
3683,0.7366,60.27739124805712,36.231610114518375,1.0870675100763771,1.4809231227210733
3684,0.7368,60.317339028891325,36.26512689496095,1.1217792007652998,1.4983451953134357
3685,0.737,60.35713816304733,36.301352023274525,1.0911564642434892,1.5108131365856954
3686,0.7372,60.39678354550387,36.33829729444472,1.0420645504435462,1.5374753274164048
3687,0.7374,60.436274286717804,36.37536847496124,0.9889051701611646,1.569801660462012
3688,0.7376,60.475494070758955,36.40711057189084,1.0012883964933796,1.5876100000132758
3689,0.7378,60.514615109541516,36.43630281642016,0.9433839715500603,1.6019690967104196
3690,0.738,60.55361133068731,36.4652755866161,0.9534471781759142,1.6152816567073915
3691,0.7382,60.592461356433105,36.48711271221207,0.9819299309258582,1.644738584084271
3692,0.7384,60.63115582747957,36.50773965323922,0.9304948772144002,1.6106265420823291
3693,0.7386,60.669690744399695,36.53945135690883,0.8643798941944145,1.6273720524968525
3694,0.7388,60.70806393132558,36.56235317838442,0.8038414211434111,1.6421116782183713
3695,0.739,60.746165245146386,36.594326882914025,0.8175083673463863,1.6723133440779596
3696,0.7392,60.784056427356916,36.629002477511555,0.8452899371224598,1.6905128171814274
3697,0.7394,60.821761937969036,36.65172288897281,0.8138311598657517,1.7055856885408593
3698,0.7396,60.85929052499086,36.678749049508994,0.7726927542983377,1.735797881835901
3699,0.7398,60.89664438558678,36.7053939982093,0.7257782251927125,1.7695911678985166
3700,0.74,60.933823374869235,36.73185649092831,0.6766660010930536,1.8043576106505879
3701,0.7402,60.97083007783363,36.75841864269542,0.6855644344331524,1.8391696228614298
3702,0.7404,61.00766264520489,36.78500750022417,0.710349307279305,1.873849576947839
3703,0.7406,61.04431902840323,36.817580770387984,0.6629892313400445,1.9081404418413257
3704,0.7408,61.080796142164395,36.850854904130905,0.6040964607112405,1.9423042929900969
3705,0.741,61.11708945978729,36.8847581010086,0.6152666036987884,1.9605708400925157
3706,0.7412,61.15322185671823,36.918889257815785,0.6376007392604173,1.974533256783538
3707,0.7414,61.189182042233384,36.953001395584664,0.5949802079150897,2.003197994890663
3708,0.7416,61.22496072300282,36.986990505404954,0.6122651238626431,2.035643347846198
3709,0.7418,61.26044929442956,37.02079812049441,0.5742619047303266,2.068965567939884
3710,0.742,61.29570486363657,37.05442663356156,0.5235403735889519,2.086509891235309
3711,0.7422,61.33075356191059,37.087857371480894,0.5396289036240995,2.1157011228668177
3712,0.7424,61.36560547614181,37.116060024839,0.5709912452248758,2.147854496188672
3713,0.7426,61.400442582252765,37.1479205961582,0.5947803144720796,2.1806168347124704
3714,0.7428,61.43516196410318,37.17756543548992,0.5474575282621594,2.213345069610946
3715,0.743,61.469635466619366,37.2063556351393,0.5615330985289271,2.229981046001546
3716,0.7432,61.5038902615972,37.23486560834141,0.5816246533018843,2.2422824833360204
3717,0.7434,61.53794233590027,37.26319501920954,0.5342997060702945,2.2692194807605075
3718,0.7436,61.571874923297905,37.29133357783822,0.47548030484209214,2.299899845410893
3719,0.7438,61.60564369935311,37.319346191829055,0.42288968198539933,2.331282036295276
3720,0.744,61.63922782738215,37.34708227812751,0.3694143126368661,2.2909503344517024
3721,0.7442,61.67261994912961,37.377647935406074,0.3840366428738422,2.2302176373296523
3722,0.7444,61.7058170481139,37.409238819542935,0.3562380074188418,2.1710771490836236
3723,0.7446,61.738816846944346,37.44089019124656,0.3677483567844435,2.1789612221025925
3724,0.7448,61.771617551260825,37.47203432210283,0.3860156667582788,2.203536759783156
3725,0.745,61.80421762695307,37.49039508662272,0.40445197543283395,2.231622161134416
3726,0.7452,61.8366160275115,37.50560549075273,0.4301999688321705,2.1909703888090917
3727,0.7454,61.86881147529407,37.52002665972587,0.459080083673721,2.2001413502567564
3728,0.7456,61.90080263023797,37.5309049174212,0.4086140393900566,2.2233237337637686
3729,0.7458,61.93258145747683,37.54020438311116,0.41904242263546365,2.2503005904429965
3730,0.746,61.96397564696512,37.54893136127675,0.37350387788525685,2.2127479864353137
3731,0.7462,61.995252104749255,37.572959523492486,0.3076902218495121,2.15795249116405
3732,0.7464,62.025562368103,37.597499691957566,0.317085949375036,2.1011211136473706
3733,0.7466,62.056279977666655,37.62137294452763,0.3438789360997605,2.046409589623165
3734,0.7468,62.086839764373515,37.64450188585493,0.37309283517381253,1.9950074152071622
3735,0.747,62.117272310346756,37.66718011522388,0.40184453534628695,1.9459167719979535
3736,0.7472,62.14752690570702,37.67769093716916,0.42903063330177194,1.8983704998329065
3737,0.7474,62.177576054680166,37.68901681097193,0.45534696345120906,1.9076307484489008
3738,0.7476,62.207407786069496,37.69792549357522,0.39156901711402625,1.872206623364037
3739,0.7478,62.23623359359195,37.70569351420727,0.3126793234741312,1.885208370140135
3740,0.748,62.26471575317021,37.72840297993291,0.3130354883312849,1.9096550892642834
3741,0.7482,62.29296276474369,37.739238418997594,0.25479495044025935,1.9354622784780537
3742,0.7484,62.321711657817325,37.74712347525167,0.2616465574740312,1.9604905327997915
3743,0.7486,62.35040403693408,37.76966971427851,0.28225279472387044,1.9840474272158422
3744,0.7488,62.37891093051236,37.7801584057345,0.30714038293286716,2.0083279534456873
3745,0.749,62.40720058977861,37.80280489227532,0.3172823457250322,1.9658508178569085
3746,0.7492,62.435263506637746,37.82835678520858,0.32130472937624877,1.972594320964403
3747,0.7494,62.46309904372772,37.842637579802705,0.33806905124927855,1.9927371222632977
3748,0.7496,62.49070696935674,37.85446770555067,0.3560318730828156,2.0149973153648593
3749,0.7498,62.51802713274251,37.8659571255111,0.3718674504170769,1.973430449973474
3750,0.75,62.54514792069231,37.87731254962037,0.3858457539049347,1.9775121190240972
3751,0.7502,62.57205302743009,37.899915028811236,0.28102159250766867,1.9305085371078579
3752,0.7504,62.59872464437541,37.92465176624824,0.2567855004193511,1.87485820096083
3753,0.7506,62.625164386466636,37.94611004308348,0.26244991817516006,1.8795955106939863
3754,0.7508,62.65062128612634,37.95765818783047,0.1855820925137044,1.899157634685436
3755,0.751,62.67641096203632,37.964625447337156,0.09916717131054398,1.9191090059559484
3756,0.7512,62.702105092173376,37.969984581874385,0.09725622515223975,1.8754070318220197
3757,0.7514,62.727609441211825,37.97465049731656,0.04469388182863909,1.8804044702547618
3758,0.7516,62.75287868802099,37.99414134785295,0.053148861603698805,1.8979766649587582
3759,0.7518,62.77791260701479,38.01676094698258,0.039666532563785495,1.8476342469780542
3760,0.752,62.802720591910486,38.03990851897508,0.056432532287852055,1.7866581275214757
3761,0.7522,62.82729280701765,38.062980574467744,0.0799928936473977,1.7862520319557338
3762,0.7524,62.85162261050146,38.082320153698774,0.10496118927671283,1.801452210372339
3763,0.7526,62.87562037828765,38.10356729508806,0.05790853015796227,1.8189406174489
3764,0.7528,62.898753097971415,38.12545700171124,0.028056576067521988,1.7709515657141166
3765,0.753,62.92152529585667,38.143877518363134,0.04124349016639517,1.7060534254545847
3766,0.7532,62.943953522450556,38.16482677477256,0.06375876483294718,1.7034221875238256
3767,0.7534,62.96671185505737,38.18648103009143,0.07345402731927919,1.6521013645248486
3768,0.7536,62.988114728783636,38.208112624428445,0.07886187452795301,1.6536461596847598
3769,0.7538,63.0088430557724,38.22953583943811,0.08231048480738323,1.6692909497391577
3770,0.754,63.02981886818088,38.25071239675948,0.08533859045906578,1.6885303556462365
3771,0.7542,63.03703877421191,38.271317104759454,0.08783900468683559,1.7085480671716788
3772,0.7544,63.04104285803998,38.27975311350901,0.08960420975818462,1.6676128625957847
3773,0.7546,63.04426415614076,38.28218279656771,0.09117607790560367,1.6721930239215053
3774,0.7548,63.04724160552748,38.294672483130114,0.09262421244986818,1.6728356205224388
3775,0.755,63.050099956606346,38.312006632290974,0.10875988231787215,1.6876346075383433
3776,0.7552,63.05286437448635,38.3303397982589,0.11347380659837825,1.7058644670784089
3777,0.7554,63.05553589645105,38.34927636005558,0.13013704928396752,1.724791250477569
3778,0.7556,63.058111286156766,38.368006984749734,0.13471443750974288,1.728492739685271
3779,0.7558,63.06047115207947,38.38666722506285,0.15094426048645548,1.7431641088533256
3780,0.756,63.062624418218036,38.4049488276174,0.16960686501894084,1.7450511460097546
3781,0.7562,63.078405967448056,38.42307760563821,0.1883405818732644,1.7588937323397618
3782,0.7564,63.096497100769405,38.44107181096038,0.20693156719897932,1.7756143572829601
3783,0.7566,63.115070428667465,38.44328673355215,0.21046840743132034,1.7295285980800639
3784,0.7568,63.13287318893981,38.45677782841712,0.2101241437608241,1.6659684105111974
3785,0.757,63.151402553737704,38.46945917768682,0.2236171642152902,1.6606989714811933
3786,0.7572,63.16999372797713,38.48090955393769,0.24036156402967546,1.6526565568700406
3787,0.7574,63.188405658282306,38.495346387726116,0.2415603356703384,1.6443967475914723
3788,0.7576,63.19275017633317,38.511056386161066,0.23735047206650073,1.6336882392649317
3789,0.7578,63.19380382632575,38.51113599141209,0.23009316139664548,1.6245442667506422
3790,0.758,63.207028174407895,38.52279196529278,0.22076982533681466,1.6161718490482753
3791,0.7582,63.22328835165689,38.533972604864665,0.2136325023180392,1.6242169105062092
3792,0.7584,63.22635887296601,38.544009140109495,0.20761542061591065,1.636352281812242
3793,0.7586,63.24006075403629,38.55688134340867,0.201931888357203,1.560549499790854
3794,0.7588,63.24151001983435,38.55890668570329,0.21149695969887272,1.4615329288127072
3795,0.759,63.25426422335966,38.558543889564866,0.14538599918887396,1.4428225102474146
3796,0.7592,63.26954748306061,38.55747125865889,0.06525198733821735,1.4457271153083209
3797,0.7594,63.28386215231305,38.568098312702936,0.061001823506457775,1.3628800753081078
3798,0.7596,63.28426365112763,38.58105558043864,0.07327065369896602,1.3458213617467614
3799,0.7598,63.29587722710105,38.57891521423785,0.07402430615032696,1.3474414458541881
3800,0.76,63.31005832834011,38.572529731743664,0.08615744927619584,1.3541692396284946
3801,0.7602,63.32467145665925,38.58048256052041,0.08609601299411551,1.3440072427832943
3802,0.7604,63.33919007405105,38.588387979886186,0.09742360663160188,1.341216808546771
3803,0.7606,63.353484054165214,38.58358989689928,0.11124535617655695,1.2700913794455806
3804,0.7608,63.36749673882584,38.59105237854702,0.12523511107375462,1.179217573182572
3805,0.761,63.36813272567077,38.60174083291089,0.13890643045669204,1.150603956675809
3806,0.7612,63.365759269614905,38.613092144877264,0.13745649899765056,1.1445651543528985
3807,0.7614,63.36262113945332,38.62439537721843,0.14699668960609902,1.146894130405177
3808,0.7616,63.35914224535059,38.631837256184106,0.1590387515050793,1.0815906168788443
3809,0.7618,63.3683850741666,38.64085854974749,0.17138532003762208,1.001403273753911
3810,0.762,63.380159699247905,38.65068533809074,0.16858421074881935,0.9835770525431027
3811,0.7622,63.379249647808294,38.66041145226418,0.1767190948461952,0.9647673157014864
3812,0.7624,63.37542083956298,38.670093510497196,0.17240266467668963,0.9443182174970675
3813,0.7626,63.38378783610456,38.67963759687689,0.1798015434309992,0.922411320201066
3814,0.7628,63.380924720308116,38.68896464283351,0.1750872958495986,0.9024027570732214
3815,0.763,63.375401403191105,38.69803871917948,0.18208395876027517,0.8799736785170706
3816,0.7632,63.382703183781075,38.7068333595502,0.17685465979143,0.855213042494908
3817,0.7634,63.392668921240265,38.71536281361627,0.18322205334691688,0.8441560217905284
3818,0.7636,63.38936938020697,38.72362768522184,0.17729559743686263,0.7695188848043308
3819,0.7638,63.38291195778088,38.73162381216359,0.18301736353437015,0.6799706051097125
3820,0.764,63.388601839380556,38.73934832507553,0.11901523072422382,0.5885403527959028
3821,0.7642,63.38305112000662,38.74680039332312,0.04146528057157717,0.5670564607070441
3822,0.7644,63.388303034808445,38.753978768719215,0.002822380840948213,0.5647287630818454
3823,0.7646,63.38206475562251,38.76088284993904,-0.0004976331579715776,0.46995132098635484
3824,0.7648,63.387239613805974,38.76751168029027,0.001192230469785116,0.439106375912818
3825,0.765,63.39495973398158,38.77362788353019,0.011483124596590955,0.345875455970976
3826,0.7652,63.38936214989667,38.77934340762522,0.02019022614528243,0.3234221671080073
3827,0.7654,63.380548635484665,38.784748660754275,0.013646847341477475,0.23492327427006554
3828,0.7656,63.3844796028634,38.78987747499735,0.0180600685620238,0.212292908735364
3829,0.7658,63.39109636690502,38.79493195156522,0.011537229743676214,0.20728476693454478
3830,0.766,63.397528069937074,38.799808332077205,0.014877111804018739,0.13343311454906015
3831,0.7662,63.40372721178562,38.80442828258052,0.008413735938062494,0.04472730901208255
3832,0.7664,63.40972695124409,38.80876141774297,0.004427375825907021,-0.004302848477659715
3833,0.7666,63.415433400998346,38.812800305996596,0.004158544146624088,-0.014828068549666895
3834,0.7668,63.42091767866388,38.816544705135364,0.0049103106035124355,-0.013478111759171796
3835,0.767,63.426693549155864,38.81999534682983,0.005141377844286588,-0.009712072682909856
3836,0.7672,63.418691901679495,38.82315350506093,0.004779884272821278,-0.005596852179487577
3837,0.7674,63.40679994131196,38.820386105857565,0.004411738922244446,-0.0015424009099431757
3838,0.7676,63.407931419670646,38.81630246353424,0.004247276129164312,0.002530912217548753
3839,0.7678,63.411923734810706,38.81171398395238,0.004056846515989143,0.008480110003284302
3840,0.768,63.41627139754389,38.80680658524695,0.0037155123702961035,0.0061153288768514
3841,0.7682,63.420467615480455,38.801637083017305,0.0034042912605523057,0.0033348873925591604
3842,0.7684,63.42391295074031,38.79544135771224,0.003161720581043248,0.0023651612480426465
3843,0.7686,63.42693046184862,38.79392237552064,0.0052898659209965615,0.0023801182624278994
3844,0.7688,63.42959073529972,38.78443904736591,0.007782562886470501,0.002435576302372233
3845,0.769,63.43191880092772,38.777804172048484,0.010159044743280887,0.002279330076193631
3846,0.7692,63.43392027760867,38.76560786423517,0.004687798250099462,0.002032348249450422
3847,0.7694,63.4355968153116,38.75196833254081,0.001194139423306595,0.0032855737326675793
3848,0.7696,63.43699893750493,38.74351252957607,0.0014714969474303174,0.004748608229941276
3849,0.7698,63.438061124677745,38.73092363957298,0.002485078419803166,0.006072563450310042
3850,0.77,63.438816707819456,38.71748497082492,0.0016024205880169617,0.002557413858976787
3851,0.7702,63.439386894888635,38.70330219197922,0.000709524457038313,0.0003289589183985697
3852,0.7704,63.439117644284664,38.693972497544415,0.0008469623726412578,0.00013684678737568845
3853,0.7706,63.43870154799523,38.688502749725046,0.0010413437051113306,8.909248840627271e-5
3854,0.7708,63.43872868402952,38.6800829255539,0.0010394699308680089,-0.0002699343535903509
3855,0.771,63.438152672995386,38.65823690918742,-3.975095898667291e-6,-0.004603964381598935
3856,0.7712,63.43793911702032,38.638353653039815,-0.004666067508322769,-0.006131835190402057
3857,0.7714,63.43761873461805,38.615883452793874,-0.006476460789381022,-0.007160911180370988
3858,0.7716,63.436509720347374,38.60738818208088,-0.007772467141743178,-0.008261622794038637
3859,0.7718,63.434928548057755,38.590107164747636,-0.009135584821962972,-0.009575892746634729
3860,0.772,63.433688067188356,38.567999251063966,-0.010710765671069211,-0.011138853595836551
3861,0.7722,63.43232219305488,38.54370531357739,-0.012533919336756405,-0.012958950059919871
3862,0.7724,63.43002218436739,38.53372237756178,-0.014613680148282349,-0.015037946009182512
3863,0.7726,63.427169316945246,38.52616968533826,-0.01695185100542318,-0.017375925509596435
3864,0.7728,63.42410047680369,38.518440669768395,-0.019548516535691007,-0.019972543165353684
3865,0.773,63.42137971403011,38.506203235479866,-0.022403322101242296,-0.022827336753444172
3866,0.7732,63.4178924455445,38.48744128603481,-0.02551579375379287,-0.02593980540942109
3867,0.7734,63.41470895040423,38.467628328181874,-0.028885418288839837,-0.02930942919477264
3868,0.7736,63.39725732465462,38.44771912393744,-0.03251166329024624,-0.03293567400861708
3869,0.7738,63.37635664261561,38.43221691385752,-0.036393982163943406,-0.03681799283539
3870,0.774,63.36858490274634,38.41337997561411,-0.0405318154173262,-0.04095582607703285
3871,0.7742,63.36364420587468,38.39261023894808,-0.04492459099981261,-0.045348601656582055
3872,0.7744,63.35858457651234,38.3811693168626,-0.04957172440918978,-0.0499957350652247
3873,0.7746,63.353943753339315,38.37228208721362,-0.0544726187396094,-0.05489662939546047
3874,0.7748,63.34919985063782,38.36397366808254,-0.059626664715695554,-0.06005067537150133
3875,0.775,63.34423389883794,38.355649790691224,-0.06503324072333871,-0.06545725137913294
3876,0.7752,63.32544542527334,38.335008550711116,-0.07069171284043474,-0.0711157234962263
3877,0.7754,63.31694924977181,38.31166188135715,-0.07660143486775883,-0.07702544552354951
3878,0.7756,63.310523449606215,38.28396900681189,-0.08276174836052075,-0.08318575901631142
3879,0.7758,63.3038351754205,38.270350554229694,-0.08917198266046089,-0.08959599331625157
3880,0.776,63.296916294984136,38.2563009651678,-0.0958314549285122,-0.09625546558430287
3881,0.7762,63.289702072042104,38.24506052773444,-0.10273947017811214,-0.10316348083390281
3882,0.7764,63.28279228235781,38.23496899220678,-0.10989532130908763,-0.11031933196487831
3883,0.7766,63.27516240704984,38.21291104317204,-0.11729828914204266,-0.11772229979783333
3884,0.7768,63.26781661376512,38.187292815563055,-0.12494764245352918,-0.12537165310931986
3885,0.777,63.26028893621823,38.15628743182896,-0.13284263801153262,-0.1332666486673233
3886,0.7772,63.25256819219811,38.13966957498489,-0.14098252061187022,-0.1414065312676609
3887,0.7774,63.2446198038819,38.12709570951616,-0.14936652311483822,-0.1497905337706289
3888,0.7776,63.23643075670954,38.115533616495746,-0.1579938664827356,-0.1584178771385263
3889,0.7778,63.227997886868145,38.09223172768162,-0.16686375981771562,-0.1672877704735063
3890,0.778,63.219320961079,38.06660543623493,-0.17597540040041348,-0.17639941105620416
3891,0.7782,63.20976242561577,38.04019117059842,-0.18532797372906895,-0.18575198438485963
3892,0.7784,63.186167099183805,38.01343306239612,-0.1949206535591479,-0.19534466421493857
3893,0.7786,63.172738269124686,37.98644453011608,-0.20475260194370115,-0.20517661259949183
3894,0.7788,63.161465263642604,37.959396594001376,-0.214822969274155,-0.21524697992994568
3895,0.779,63.150537892245495,37.943998839124156,-0.2251308943217456,-0.22555490497753627
3896,0.7792,63.14020703714408,37.9154422105691,-0.23567550427944273,-0.2360995149352334
3897,0.7794,63.12971921395081,37.898403434057045,-0.2464559148045833,-0.24687992546037396
3898,0.7796,63.11910119910366,37.88428113632722,-0.25747123006188755,-0.2578952407176782
3899,0.7798,63.10764952180016,37.87085730055767,-0.2687205427671442,-0.26914455342293486
3900,0.78,63.09641497609407,37.84544300055402,-0.2802029342314256,-0.2806269448872163
3901,0.7802,63.071045777589624,37.82592216939833,-0.2919174744059214,-0.2923414850617121
3902,0.7804,63.04230644278029,37.79478767657268,-0.3038632219271715,-0.3042872325829622
3903,0.7806,63.01273924649111,37.76072674233818,-0.3160392241630481,-0.31646323481883876
3904,0.7808,62.98230334261475,37.74153290341902,-0.32844451725908197,-0.32886852791487264
3905,0.781,62.96589724473008,37.71023444978565,-0.34107812618549893,-0.3415021368412896
3906,0.7812,62.95205583198023,37.69125142933666,-0.3539390647847478,-0.35436307544053847
3907,0.7814,62.93860384816948,37.66019557439484,-0.3670263358195758,-0.36745034647536645
3908,0.7816,62.92574496703446,37.64103809307849,-0.38033893102153815,-0.3807629416773288
3909,0.7818,62.912783417309996,37.62477697060646,-0.3938758311403001,-0.3942998417960908
3910,0.782,62.89967342793126,37.60911287464309,-0.4076360059931057,-0.40806001664889635
3911,0.7822,62.886365309371165,37.593400808756364,-0.42161841451522175,-0.4220424251710124
3912,0.7824,62.872814435639015,37.57750408855778,-0.4358220048104604,-0.4362460154662511
3913,0.7826,62.85835513963417,37.56144573563786,-0.4502457142026248,-0.4506697248584155
3914,0.7828,62.84326109983683,37.54520734198219,-0.46488846928718885,-0.46531247994297953
3915,0.783,62.82717171795929,37.528771340078954,-0.4797491859836285,-0.48017319663941915
3916,0.7832,62.811353068205435,37.51212872902784,-0.4948267695883102,-0.49525078024410085
3917,0.7834,62.79553793122573,37.49505964372059,-0.5101201148278021,-0.5105441254835927
3918,0.7836,62.77964670585621,37.47387278386058,-0.5256281059127437,-0.5260521165685343
3919,0.7838,62.76353438437772,37.454729048316125,-0.5413496165922966,-0.5417736272480873
3920,0.784,62.74785989458685,37.42115890943619,-0.5572835102088609,-0.5577075208646516
3921,0.7842,62.73210957654327,37.3995436986674,-0.5734286397537236,-0.5738526504095143
3922,0.7844,62.71562535660643,37.38073413445213,-0.5897838479227211,-0.5902078585785118
3923,0.7846,62.69937752184647,37.35867244397769,-0.6063479671728516,-0.6067719778286422
3924,0.7848,62.68298581461923,37.33486838956677,-0.6231198197789967,-0.6235438304347873
3925,0.785,62.66632938441251,37.31064941570106,-0.6400982178914703,-0.6405222285472609
3926,0.7852,62.6488983233273,37.28966030979457,-0.6572819635937828,-0.6577059742495734
3927,0.7854,62.631175816561615,37.26975463257166,-0.6746698489611855,-0.6750938596169762
3928,0.7856,62.61316504105516,37.24993006147932,-0.6922606561193474,-0.6926846667751381
3929,0.7858,62.595504023779526,37.23027506466675,-0.7100531573039301,-0.7104771679597208
3930,0.786,62.57773040373583,37.20653441072794,-0.7280461149201729,-0.7284701255759636
3931,0.7862,62.559905714043275,37.16920877731021,-0.7462382816034783,-0.746662292259269
3932,0.7864,62.54120374175844,37.12924898115159,-0.7646284002800181,-0.7650524109358088
3933,0.7866,62.52228119762883,37.10423153135554,-0.7832152042280729,-0.7836392148838636
3934,0.7868,62.50312102757494,37.07871232626428,-0.8019974171397766,-0.8024214277955672
3935,0.787,62.48441821442331,37.05615995725309,-0.820973753183265,-0.8213977638390557
3936,0.7872,62.46558698431233,37.02261051303915,-0.8401429170654127,-0.8405669277212033
3937,0.7874,62.44663031461721,36.9868694698953,-0.8595036040949777,-0.8599276147507684
3938,0.7876,62.427507419616944,36.947027135058676,-0.8790545002460566,-0.8794785109018473
3939,0.7878,62.40820111984692,36.9210261248978,-0.8987942822223296,-0.8992182928781203
3940,0.788,62.388013960848646,36.89841623421727,-0.9187216175213528,-0.9191456281771435
3941,0.7882,62.368094421359615,36.876486426281296,-0.9388351644996384,-0.9392591751554291
3942,0.7884,62.334014680631995,36.85412880362325,-0.9591335724380468,-0.9595575830938374
3943,0.7886,62.29600214940135,36.819622337179425,-0.9796154816075062,-0.9800394922632969
3944,0.7888,62.25833800579268,36.77943124426322,-1.0002795233353523,-1.000703533991143
3945,0.789,62.23419956774049,36.73707707395897,-1.0211243200721087,-1.0215483307278994
3946,0.7892,62.21296526556921,36.70942542008538,-1.042148485458513,-1.0425724961143037
3947,0.7894,62.19224504914329,36.68538075150895,-1.0633506243930828,-1.0637746350488735
3948,0.7896,62.171501440032024,36.66209028008081,-1.0847293331002579,-1.0851533437560485
3949,0.7898,62.15061329353741,36.638817794204606,-1.1062831991986162,-1.1067072098544068
3950,0.79,62.12955388473013,36.59973763523193,-1.128010801769883,-1.1284348124256738
3951,0.7902,62.108318080303334,36.57206692991119,-1.149910711428039,-1.1503347220838296
3952,0.7904,62.08690578776533,36.54679505036894,-1.1719814903891503,-1.172405501044941
3953,0.7906,62.06531812597032,36.510242750570086,-1.1942216925412956,-1.1946457031970863
3954,0.7908,62.04355651326719,36.46785769700296,-1.2166298635151196,-1.2170538741709103
3955,0.791,62.021622455472574,36.42369705567181,-1.2392045407547196,-1.2396285514105103
3956,0.7912,61.99951748506859,36.394163440155694,-1.2619442535888665,-1.2623682642446572
3957,0.7914,61.97724314191379,36.36832094421153,-1.284847523302759,-1.2852715339585497
3958,0.7916,61.954800975687604,36.34334038253428,-1.3079128632101122,-1.308336873865903
3959,0.7918,61.93219254525435,36.31820990659189,-1.3311387787254585,-1.3315627893812492
3960,0.792,61.90941941700194,36.281310679470366,-1.354523767437244,-1.3549477780930346
3961,0.7922,61.88648316854359,36.24221163694543,-1.3780663191807365,-1.3784903298365272
3962,0.7924,61.8633853769236,36.20262705029049,-1.4017649161119792,-1.4021889267677698
3963,0.7926,61.84012724845687,36.16286753038327,-1.42561803278145,-1.4260420434372407
3964,0.7928,61.81670486937794,36.12299666726171,-1.4496241362086635,-1.4500481468644542
3965,0.793,61.792486783728165,36.09398967115034,-1.4737816859567285,-1.4742056966125192
3966,0.7932,61.76778839448847,36.05539731129777,-1.4980891342074578,-1.4985131448632485
3967,0.7934,61.742605749894366,36.01486422218966,-1.5225449258368058,-1.5229689364925965
3968,0.7936,61.717941640459784,35.98545163828714,-1.5471474984907605,-1.5475715091465512
3969,0.7938,61.6928164995039,35.95828698826819,-1.5718952826613295,-1.5723192933171202
3970,0.794,61.66731300738628,35.91983877820785,-1.596786701763215,-1.5972107124190056
3971,0.7942,61.64220215331506,35.89053040272901,-1.6218201722104046,-1.6222441828661953
3972,0.7944,61.61722769420367,35.85126415862873,-1.646994103493622,-1.6474181141494126
3973,0.7946,61.578226755857266,35.81025276957558,-1.6723068982576756,-1.6727309089134663
3974,0.7948,61.535192981074275,35.76501097774734,-1.6977569523794331,-1.6981809630352238
3975,0.795,61.505719376685896,35.733309367561716,-1.7233426550458315,-1.7237666657016222
3976,0.7952,61.47944502899942,35.704788938507384,-1.7490623888325763,-1.749486399488367
3977,0.7954,61.45382523558767,35.67358467965509,-1.774914529782798,-1.7753385404385886
3978,0.7956,61.42826779543805,35.62911660188575,-1.8008974474864088,-1.8013214581421995
3979,0.7958,61.40262650520953,35.585178261966384,-1.8270095051593094,-1.8274335158151
3980,0.796,61.36295492521093,35.538678243184314,-1.8532490597234563,-1.853673070379247
3981,0.7962,61.319870369983626,35.49464955581963,-1.8796144618865966,-1.8800384725423873
3982,0.7964,61.27525371160195,35.44858895182891,-1.9061040562230334,-1.906528066878824
3983,0.7966,61.24465587782906,35.41625359482117,-1.9327161812539626,-1.9331401919097533
3984,0.7968,61.217350507578736,35.37533390035918,-1.9594491695287286,-1.9598731801845193
3985,0.797,61.190751321138464,35.3292544810341,-1.9863013477059188,-1.9867253583617095
3986,0.7972,61.16423289066797,35.29655026883067,-2.01327103663494,-2.0136950472907307
3987,0.7974,61.13764366356231,35.267050866049786,-2.040356551437941,-2.040780562093732
3988,0.7976,61.110922936630445,35.23420315071112,-2.0675562015918643,-2.067980212247655
3989,0.7978,61.08407707844579,35.20376804709784,-2.0948682910108385,-2.095292301666629
3990,0.798,61.05711269100963,35.1740591757967,-2.122291118128933,-2.1227151287847237
3991,0.7982,61.030033309384336,35.14447068222018,-2.1498229759829095,-2.1502469866387
3992,0.7984,61.00281500576378,35.11458074156557,-2.177462152295598,-2.177886162951389
3993,0.7986,60.96218843205714,35.08447367120597,-2.2052069295592607,-2.2056309402150513
3994,0.7988,60.91785284353083,35.05450200031399,-2.2330555851193354,-2.233479595775126
3995,0.799,60.886359546547084,35.02076849833617,-2.2610063912583245,-2.261430401914115
3996,0.7992,60.857730626824925,34.98546419068689,-2.2890576152800914,-2.289481625935882
3997,0.7994,60.82965350084116,34.949615953938896,-2.3172075195943282,-2.317631530250119
3998,0.7996,60.78678306154422,34.9137599674186,-2.3454543618010617,-2.3458783724568524
3999,0.7998,60.754983940998315,34.881676725946846,-2.373796394775848,-2.3742204054316387
4000,0.8,60.725209565732364,34.85120504788735,-2.4022318667546516,-2.4026558774104423
4001,0.8002,60.68226405774128,34.82118955350486,-2.4307590214194432,-2.431183032075234
4002,0.8004,60.63552330399984,34.79070863461155,-2.4593760979836166,-2.4598001086394072
4003,0.8006,60.60250591397216,34.75999357321777,-2.4880813312780115,-2.488505341933802
4004,0.8008,60.57214133142221,34.725578226501966,-2.5168729518367563,-2.517296962492547
4005,0.801,60.52940187184529,34.68228189693351,-2.545749185983644,-2.5461731966394345
4006,0.8012,60.48405742353829,34.64946845469042,-2.5747082559183894,-2.57513226657418
4007,0.8014,60.45157161806438,34.61874034994105,-2.6037483798035748,-2.6041723904593654
4008,0.8016,60.42125018257889,34.58452902516364,-2.632867771851217,-2.6332917825070075
4009,0.8018,60.391830417834875,34.54874844166476,-2.662064642410006,-2.6624886530657967
4010,0.802,60.36268661050123,34.516141857667336,-2.6913371980523477,-2.6917612087081384
4011,0.8022,60.333582152599895,34.481088442537974,-2.7206836416618794,-2.72110765231767
4012,0.8024,60.290349092575795,34.432857096888746,-2.7501021725210637,-2.7505261831768544
4013,0.8026,60.2438407593509,34.397472451815084,-2.779590986398988,-2.7800149970547787
4014,0.8028,60.19721649946106,34.361130422061954,-2.8091482756391137,-2.8095722862949044
4015,0.803,60.14938860091799,34.311994965683354,-2.8387722292476782,-2.839196239903469
4016,0.8032,60.1156317382427,34.26414667876373,-2.868461032981584,-2.8688850436373747
4017,0.8034,60.08522231826966,34.228885915844906,-2.8982128694372395,-2.89863688009303
4018,0.8036,60.040848964884674,34.19195236061507,-2.9280259181387542,-2.928449928794545
4019,0.8038,60.00772913729027,34.15370861993434,-2.9578983556269742,-2.958322366282765
4020,0.804,59.97657971269615,34.10415463678232,-2.9878283555481624,-2.988252366203953
4021,0.8042,59.94636938640432,34.052005788424594,-3.01781408874305,-3.0182380993988405
4022,0.8044,59.91643100273713,34.01404871094598,-3.0478537233359884,-3.048277733991779
4023,0.8046,59.872348990284785,33.96838105148795,-3.077945424824346,-3.0783694354801368
4024,0.8048,59.824342639421566,33.92145141900132,-3.1080873561677302,-3.108511366823521
4025,0.805,59.790041685130724,33.86650729562429,-3.138277677877729,-3.1387016885335197
4026,0.8052,59.75831559494082,33.80820932605223,-3.168514548107281,-3.1689385587630716
4027,0.8054,59.7276608974823,33.74821669708984,-3.1987961227407493,-3.19922013339654
4028,0.8056,59.69659058213834,33.68757912593305,-3.22912055548361,-3.229544566139401
4029,0.8058,59.66519809170533,33.63507412870727,-3.2594859979525728,-3.2599100086083634
4030,0.806,59.634301196384385,33.58213478637816,-3.289890599765474,-3.2903146104212646
4031,0.8062,59.60365524898098,33.52884119497747,-3.3203325086316777,-3.3207565192874684
4032,0.8064,59.57308439449446,33.475228673799215,-3.3508098704421556,-3.3512338810979463
4033,0.8066,59.5417815593044,33.43567753416645,-3.381320829360091,-3.3817448400158816
4034,0.8068,59.4963716909123,33.383026588650516,-3.4118635279110343,-3.412287538566825
4035,0.807,59.448532623923015,33.33446569854861,-3.442436107073728,-3.4428601177295186
4036,0.8072,59.39904924958301,33.29263301253798,-3.4730367063705168,-3.4734607170263074
4037,0.8074,59.36386361899687,33.24106414481225,-3.5036634639580457,-3.5040874746138364
4038,0.8076,59.33215962843588,33.203067029370054,-3.5343145167180987,-3.5347385273738894
4039,0.8078,59.301289985287625,33.15316315247906,-3.564988000348329,-3.5654120110041196
4040,0.808,59.270608581175765,33.11472853387189,-3.5956820494531594,-3.59610606010895
4041,0.8082,59.23995680940998,33.07019813949825,-3.626394797634603,-3.626818808290394
4042,0.8084,59.209296643075845,33.022632072454634,-3.6571243775834232,-3.657548388239214
4043,0.8086,59.1786210393074,32.98578058002513,-3.687868921169949,-3.68829293182574
4044,0.8088,59.14793206810494,32.939580998538254,-3.7186265595352213,-3.719050570191012
4045,0.809,59.117232247945225,32.887591685936776,-3.749395423182081,-3.749819433837872
4046,0.8092,59.08652273268966,32.837809483200594,-3.780173642066205,-3.7805976527219958
4047,0.8094,59.055801959923244,32.781552140627866,-3.810959345687349,-3.8113833563431396
4048,0.8096,59.0250702473652,32.7346365143343,-3.8417506631805303,-3.842174673836321
4049,0.8098,58.99433180647851,32.69699128713462,-3.8725457234070184,-3.872969734062809
4050,0.81,58.963590390327276,32.64674847732732,-3.9033426550458437,-3.9037666657016343
4051,0.8102,58.93284858385893,32.59337164751674,-3.9341395866846103,-3.934563597340401
4052,0.8104,58.90202093954781,32.53924436689325,-3.964934646911138,-3.9653586575669286
4053,0.8106,58.871153723196784,32.48612169703206,-3.99572596440428,-3.996149975060071
4054,0.8108,58.840271815673795,32.44810798338291,-4.026511668025463,-4.026935678681253
4055,0.811,58.80844342659272,32.40252043559005,-4.057289886909587,-4.057713897565377
4056,0.8112,58.77639075863035,32.363629477751275,-4.0880587505564465,-4.088482761212237
4057,0.8114,58.7442644223067,32.31359022236997,-4.1188163889217,-4.119240399577491
4058,0.8116,58.712097391166516,32.27664488841688,-4.149560932508225,-4.149984943164016
4059,0.8118,58.679898460604385,32.24316810761803,-4.180290512457045,-4.180714523112836
4060,0.812,58.647554613037634,32.20641039868189,-4.211003260638548,-4.211427271294339
4061,0.8122,58.61615997886595,32.17179171910881,-4.241697309743339,-4.2421213203991295
4062,0.8124,58.58494639483096,32.12697691174215,-4.272370793373569,-4.27279480402936
4063,0.8126,58.552685787242666,32.07705082203375,-4.303021846133603,-4.303445856789394
4064,0.8128,58.52016656093235,32.04032764921454,-4.3336486037211515,-4.334072614376942
4065,0.813,58.487760947361465,32.00206235261081,-4.364249203017901,-4.364673213673692
4066,0.8132,58.45521930402083,31.962062526494478,-4.3948217821806335,-4.395245792836424
4067,0.8134,58.4234929422952,31.91080765617276,-4.425364480731577,-4.425788491387368
4068,0.8136,58.39176509413844,31.87272840649639,-4.455875439649512,-4.456299450305303
4069,0.8138,58.360433512368026,31.83797337794587,-4.48635280145999,-4.486776812115782
4070,0.814,58.32931810866919,31.801848503601093,-4.516794710326194,-4.517218720981985
4071,0.8142,58.29750219170855,31.74828213815098,-4.547199312139096,-4.547623322794886
4072,0.8144,58.25197655793064,31.70187735406467,-4.577564754608058,-4.577988765263848
4073,0.8146,58.20225439141841,31.64523641462912,-4.607889187350919,-4.60831319800671
4074,0.8148,58.16672954037463,31.588625250052452,-4.638170761984387,-4.638594772640178
4075,0.815,58.13435864312216,31.544270415637005,-4.668407632213939,-4.66883164286973
4076,0.8152,58.10311418134465,31.491565358064,-4.698597953923919,-4.6990219645797096
4077,0.8154,58.05689958208318,31.436030670613537,-4.728739885267322,-4.729163895923112
4078,0.8156,58.022329784504656,31.380295782292997,-4.758831586755679,-4.759255597411471
4079,0.8158,57.975948846247924,31.325272755188845,-4.788871221348618,-4.789295232004409
4080,0.816,57.9411094412012,31.27914940265961,-4.818856954543506,-4.819280965199296
4081,0.8162,57.89496741307271,31.230547255892457,-4.848786954464675,-4.849210965120465
4082,0.8164,57.84630341101167,31.19486786171708,-4.8786593919529135,-4.879083402608704
4083,0.8166,57.81118017235079,31.16157368110322,-4.908472440654428,-4.90889645131022
4084,0.8168,57.76449893597973,31.12439672618973,-4.938224277110084,-4.938648287765875
4085,0.817,57.73022368784698,31.071657212576614,-4.9679130808439895,-4.96833709149978
4086,0.8172,57.68387879358704,31.01642255142184,-4.997537034452517,-4.9979610451083065
4087,0.8174,57.64981412854874,30.97563083761014,-5.02709432369268,-5.02751833434847
4088,0.8176,57.60424142400932,30.92858988621179,-5.056583137570566,-5.057007148226357
4089,0.8178,57.555498835491804,30.8692824949,-5.086001668429788,-5.086425679085579
4090,0.818,57.521096405088976,30.829399786233253,-5.11534811203932,-5.115772122695111
4091,0.8182,57.47594022338294,30.779881557748627,-5.144620667681662,-5.145044678337452
4092,0.8184,57.442720823897744,30.74371748190489,-5.173817538240414,-5.174241548896204
4093,0.8186,57.41242273048984,30.710534905177067,-5.202936930288093,-5.203360940943884
4094,0.8188,57.36884208819808,30.678412712409518,-5.23197705417326,-5.232401064829051
4095,0.819,57.3223570073671,30.632399935104853,-5.2609361241080235,-5.261360134763814
4096,0.8192,57.27548069169881,30.578076964569146,-5.289812358254893,-5.2902363689106835
4097,0.8194,57.228737324911556,30.536167004502918,-5.318603978813638,-5.319027989469428
4098,0.8196,57.182219001387715,30.48522048044472,-5.347309212108033,-5.347733222763823
4099,0.8198,57.149507807187575,30.434929968019908,-5.3759262886722246,-5.376350299328015
4100,0.82,57.119864989444324,30.372750076634972,-5.40445344333698,-5.40487745399277
4101,0.8202,57.089871393440546,30.321341808791725,-5.43288891531582,-5.43331292597161
4102,0.8204,57.06003589392449,30.26669045486927,-5.461230948290569,-5.46165495894636
4103,0.8206,57.02950847199546,30.21068974915282,-5.4894777904973395,-5.48990180115313
4104,0.8208,56.99880567058909,30.156611038769352,-5.517627694811539,-5.518051705467331
4105,0.821,56.96872329114006,30.1152604177254,-5.545678918833342,-5.546102929489134
4106,0.8212,56.938640866466145,30.076235384640256,-5.573629724972332,-5.574053735628123
4107,0.8214,56.89464290506937,30.042457762719366,-5.601478380532407,-5.601902391188197
4108,0.8216,56.8475556292781,29.999898639467112,-5.629223157796051,-5.629647168451842
4109,0.8218,56.81493610381748,29.94604038372251,-5.656862334108759,-5.6572863447645485
4110,0.822,56.78590375188283,29.908332476554197,-5.684394191962717,-5.684818202618508
4111,0.8222,56.757816549235756,29.851463534840168,-5.711817019080829,-5.712241029736619
4112,0.8224,56.72999784802181,29.813571507976565,-5.739129108499803,-5.739553119155594
4113,0.8226,56.68829964344682,29.77795664059005,-5.766328758653726,-5.766752769309518
4114,0.8228,56.64362565628236,29.731822507201723,-5.793414273456728,-5.793838284112518
4115,0.823,56.5985172419997,29.676082436097637,-5.820383962385748,-5.820807973041539
4116,0.8232,56.55355692632909,29.640536794872176,-5.847236140562939,-5.847660151218729
4117,0.8234,56.50887348979326,29.583527657918598,-5.873969128837705,-5.874393139493495
4118,0.8236,56.464549494506706,29.530657574630823,-5.9005812538686335,-5.901005264524425
4119,0.8238,56.42056424078527,29.48116037074216,-5.927070848205071,-5.927494858860861
4120,0.824,56.37691417921567,29.424832413781658,-5.9534362503682114,-5.953860261024001
4121,0.8242,56.33373481073013,29.389862986074803,-5.9796758049323575,-5.980099815588148
4122,0.8244,56.30422926112434,29.35457281583772,-6.005787862605259,-6.00621187326105
4123,0.8246,56.27673995171195,29.322165237506958,-6.03177078030887,-6.03219479096466
4124,0.8248,56.251023977935546,29.291532179819175,-6.057622921259091,-6.058046931914881
4125,0.825,56.225791284386226,29.25086088412541,-6.0833426550458185,-6.083766665701608
4126,0.8252,56.200763947580214,29.20856551202016,-6.108928357712234,-6.109352368368025
4127,0.8254,56.174674643799236,29.161576422566707,-6.134378411833991,-6.1348024224897815
4128,0.8256,56.14960619617223,29.113099776820427,-6.159691206598045,-6.160115217253836
4129,0.8258,56.12361335097807,29.06860201656781,-6.184865137881262,-6.185289148537052
4130,0.826,56.09881642237557,29.025778487954252,-6.2098986083284355,-6.210322618984226
4131,0.8262,56.073173718384375,28.99489079092818,-6.234790027430304,-6.235214038086095
4132,0.8264,56.04739365562036,28.95345375974648,-6.259537811600906,-6.259961822256697
4133,0.8266,56.02160622401854,28.922984404517447,-6.2841403842548615,-6.284564394910651
4134,0.8268,55.99713798169991,28.881179459828918,-6.308596175884209,-6.30902018654
4135,0.827,55.971809319895755,28.824834076072193,-6.332903624134938,-6.333327634790729
4136,0.8272,55.94764805145768,28.788289211296195,-6.357061173882988,-6.357485184538778
4137,0.8274,55.92266712633239,28.746342393126675,-6.381067277310201,-6.381491287965991
4138,0.8276,55.897647726893695,28.69089900489642,-6.404920393979688,-6.405344404635478
4139,0.8278,55.872716650226955,28.65586989784266,-6.428618990910898,-6.42904300156669
4140,0.828,55.847893233215125,28.603595299280027,-6.452161542654423,-6.452585553310214
4141,0.8282,55.82321070001403,28.570922766278194,-6.475546531366176,-6.475970542021967
4142,0.8284,55.79868366743021,28.527783058145978,-6.498772446881555,-6.499196457537345
4143,0.8286,55.77428768819754,28.481049447286974,-6.521837786788877,-6.522261797444667
4144,0.8288,55.75001219500625,28.426198491961078,-6.544741056502801,-6.545165067158591
4145,0.829,55.72585396035142,28.392387050293422,-6.567480769336932,-6.5679047799927215
4146,0.8292,55.7018125931539,28.363604908438933,-6.590055446576547,-6.5904794572323375
4147,0.8294,55.677889268621406,28.335912432739843,-6.612463617550356,-6.6128876282061455
4148,0.8296,55.654085447271235,28.284260871929213,-6.634703819702516,-6.635127830358306
4149,0.8298,55.630403937580304,28.22795196812661,-6.6567745986636115,-6.657198609319403
4150,0.83,55.60684704875638,28.17082191194098,-6.678674508321784,-6.679098518977574
4151,0.8302,55.583413039327816,28.113934658118286,-6.70040211089305,-6.7008261215488405
4152,0.8304,55.560103221267596,28.057885938384345,-6.721955976991408,-6.722379987647199
4153,0.8306,55.53653734069765,28.002623250788904,-6.743334685698569,-6.7437586963543605
4154,0.8308,55.513262787701784,27.94784416581974,-6.764536824633153,-6.764960835288944
4155,0.831,55.48986641515509,27.893386154725988,-6.785560990019528,-6.785985000675319
4156,0.8312,55.4668596064403,27.839373436221443,-6.806405786756314,-6.806829797412105
4157,0.8314,55.444138898919604,27.785790405039837,-6.82706982848416,-6.827493839139951
4158,0.8316,55.421210396368906,27.74577379563591,-6.847551737653619,-6.847975748309411
4159,0.8318,55.39860895500342,27.694058114991154,-6.867850145592,-6.86827415624779
4160,0.832,55.376288442388244,27.65402822003648,-6.887963692570313,-6.888387703226104
4161,0.8322,55.35562386339796,27.61594951395631,-6.9078910278693355,-6.908315038525126
4162,0.8324,55.333967025188606,27.57378532989334,-6.927630809845609,-6.9280548205014
4163,0.8326,55.31358914946801,27.528847133461312,-6.947181705996687,-6.947605716652479
4164,0.8328,55.29362236503499,27.48309062193678,-6.96654239302624,-6.96696640368203
4165,0.833,55.273882598262674,27.43877103889773,-6.9857115569084005,-6.986135567564191
4166,0.8332,55.25440529535628,27.393124545196123,-7.0046878929519165,-7.005111903607707
4167,0.8334,55.23528332865592,27.363450390632426,-7.023470105863593,-7.023894116519384
4168,0.8336,55.216337435253905,27.337222948270835,-7.042056909811648,-7.042480920467439
4169,0.8338,55.197650943053546,27.288360055836755,-7.0604470284881735,-7.060871039143964
4170,0.834,55.1791947927965,27.23631788689295,-7.078639195171492,-7.079063205827283
4171,0.8342,55.1608158202157,27.184294247554107,-7.096632152787761,-7.097056163443551
4172,0.8344,55.14116616675439,27.132754307233125,-7.114424653972318,-7.114848664628108
4173,0.8346,55.12130227732561,27.07851103995936,-7.13201546113048,-7.13243947178627
4174,0.8348,55.10308219768664,27.05048546747297,-7.149403346497882,-7.149827357153673
4175,0.835,55.0713470001581,27.02988654250206,-7.166587092200196,-7.167011102855986
4176,0.8352,55.05065057359958,26.998909086976845,-7.183565490312668,-7.183989500968458
4177,0.8354,55.03125650011677,26.96215242935787,-7.2003373429188136,-7.200761353574604
4178,0.8356,55.01396690358815,26.937459182258515,-7.216901462168944,-7.217325472824735
4179,0.8358,54.9957326588231,26.917999961182247,-7.2332566703379415,-7.233680680993732
4180,0.836,54.97882089179137,26.89963706843301,-7.249401799882792,-7.249825810538582
4181,0.8362,54.962557626423134,26.881709956637117,-7.26533569349938,-7.265759704155171
4182,0.8364,54.94623512698602,26.834775208399098,-7.281057204178898,-7.281481214834689
4183,0.8366,54.9285268692848,26.808821679139072,-7.296565195263862,-7.296989205919653
4184,0.8368,54.909957314100836,26.764765633696875,-7.311858540503355,-7.312282551159146
4185,0.837,54.891572955046314,26.7141424768851,-7.326936124108024,-7.327360134763815
4186,0.8372,54.8741178421741,26.689420581574367,-7.341796840804476,-7.342220851460267
4187,0.8374,54.85714699189812,26.671908699747462,-7.35643959588904,-7.356863606544831
4188,0.8376,54.84047888334571,26.65523298918131,-7.370863305281194,-7.371287315936985
4189,0.8378,54.82337074195326,26.63937368207877,-7.385066895576443,-7.385490906232234
4190,0.838,54.80612339569064,26.624350584319362,-7.399049304098537,-7.399473314754328
4191,0.8382,54.79109357418771,26.609863809106297,-7.412809478951364,-7.413233489607155
4192,0.8384,54.77672496169122,26.594147570425456,-7.426346379070115,-7.426770389725906
4193,0.8386,54.762768374775405,26.575006704969866,-7.439658974272088,-7.440082984927879
4194,0.8388,54.74925061638169,26.553393311320058,-7.452746245306896,-7.453170255962687
4195,0.839,54.73605398270392,26.535160115626145,-7.465607183906165,-7.466031194561956
4196,0.8392,54.72140764662863,26.520222512478664,-7.4782407928325725,-7.478664803488363
4197,0.8394,54.7082901503152,26.501890759338444,-7.490646085928616,-7.491070096584407
4198,0.8396,54.6957397211703,26.482340178007124,-7.502822088164473,-7.503246098820264
4199,0.8398,54.68188869658492,26.46250491062275,-7.514767835685743,-7.5151918463415335
4200,0.84,54.66780978379208,26.43037231586259,-7.526482375860229,-7.5269063865160195
4201,0.8402,54.65555738224956,26.39718681531516,-7.53796476732452,-7.538388777980311
4202,0.8404,54.64394320255868,26.36485120429846,-7.549214080029777,-7.549638090685567
4203,0.8406,54.632667600827745,26.348380744697124,-7.560229395287072,-7.560653405942863
4204,0.8408,54.62019183817696,26.331143845650985,-7.571009805812212,-7.571433816468002
4205,0.841,54.60739235950535,26.317836739028984,-7.581554415769919,-7.581978426425709
4206,0.8412,54.596380925247814,26.30634557278399,-7.591862340817491,-7.592286351473281
4207,0.8414,54.58598753772462,26.29517295420935,-7.601932708147963,-7.602356718803754
4208,0.8416,54.57591474689863,26.26559454159691,-7.611764656532507,-7.612188667188297
4209,0.8418,54.56378219965829,26.232612937857887,-7.621357336362595,-7.621781347018386
4210,0.842,54.55111504640172,26.204350178262686,-7.630709909691233,-7.631133920347024
4211,0.8422,54.538388500657845,26.187445986572353,-7.639821550273948,-7.640245560929738
4212,0.8424,54.52741588087336,26.16044714023065,-7.648691443608929,-7.649115454264719
4213,0.8426,54.502897928908816,26.1471923469416,-7.657318786976826,-7.657742797632617
4214,0.8428,54.48942594521829,26.137665045113444,-7.665702789479793,-7.666126800135584
4215,0.843,54.47865871727525,26.129224344812595,-7.673842672080131,-7.674266682735921
4216,0.8432,54.46905380089949,26.10522218322498,-7.681737667638135,-7.682161678293926
4217,0.8434,54.444870988692855,26.093310474898523,-7.689387020949621,-7.689811031605411
4218,0.8436,54.43266610595782,26.084705334536928,-7.696789988782576,-7.697213999438366
4219,0.8438,54.40825880502568,26.044376105970795,-7.703945839913544,-7.704369850569335
4220,0.844,54.39605705512997,25.994105724816208,-7.710853855163152,-7.711277865818943
4221,0.8442,54.38662097897328,25.9736847839182,-7.717513327431202,-7.717937338086993
4222,0.8444,54.37833923130116,25.962424488947008,-7.7239235617311435,-7.724347572386934
4223,0.8446,54.37055193509991,25.94950665183311,-7.7300838752239045,-7.730507885879695
4224,0.8448,54.36302416539282,25.93688274894301,-7.735993597251221,-7.736417607907011
4225,0.845,54.34045780480866,25.92719509958892,-7.741652069368319,-7.74207608002411
4226,0.8452,54.31434766506609,25.91920981665826,-7.747058645375947,-7.747482656031738
4227,0.8454,54.303241148791706,25.91198527523481,-7.752212691351968,-7.7526367020077585
4228,0.8456,54.295422006089915,25.904949971864845,-7.757113585682151,-7.757537596337942
4229,0.8458,54.289188840531544,25.89772120444606,-7.761760719090557,-7.762184729746347
4230,0.846,54.283697876289146,25.890407160563583,-7.7661534946691635,-7.766577505324954
4231,0.8462,54.263862540333065,25.883175389342938,-7.7702913279070325,-7.770715338562823
4232,0.8464,54.24004374188149,25.875047696902712,-7.7741736467187135,-7.774597657374504
4233,0.8466,54.23080775041013,25.86802736758247,-7.7777998914721875,-7.778223902127978
4234,0.8468,54.20996763911498,25.861959080835643,-7.781169515016138,-7.781593525671929
4235,0.847,54.20187748986899,25.85637886105919,-7.784281982706575,-7.7847059933623655
4236,0.8472,54.196845253382804,25.835722176649647,-7.78713677243294,-7.787560783088731
4237,0.8474,54.17764447631443,25.81331734800318,-7.789733374643533,-7.790157385299324
4238,0.8476,54.17056250174086,25.776151237024592,-7.792071292370351,-7.792495303026142
4239,0.8478,54.15169232688604,25.731287816663837,-7.79415004125329,-7.7945740519090805
4240,0.848,54.145161214335104,25.68340139585623,-7.795969149563799,-7.79639316021959
4241,0.8482,54.12683092338435,25.667393740744398,-7.797528158227822,-7.797952168883612
4242,0.8484,54.12087437758917,25.660773259958216,-7.798826620848203,-7.799250631503994
4243,0.8486,54.11823635641014,25.65700840248919,-7.799864103726418,-7.800288114382209
4244,0.8488,54.116609240762244,25.65418139008499,-7.800640185883744,-7.801064196539535
4245,0.849,54.11538150836771,25.651678754549124,-7.801154459081746,-7.801578469737537
4246,0.8492,54.114443005161334,25.649164600250643,-7.801406527842212,-7.8018305384980025
4247,0.8494,54.09860268090641,25.63083123968915,-7.801396009466372,-7.801820020122163
4248,0.8496,54.078926819572494,25.610855517735338,-7.80112253405361,-7.8015465447094
4249,0.8498,54.073902110023084,25.571432232035853,-7.800585744519441,-7.801009755175231
4250,0.85,54.057393848412985,25.56025065233674,-7.799785296612965,-7.800209307268756
4251,0.8502,54.05359070940406,25.552283404801855,-7.798720858933595,-7.7991448695893855
4252,0.8504,54.05157936359302,25.514819911938147,-7.797392112947256,-7.797816123603047
4253,0.8506,54.05017642428639,25.470659608812795,-7.79579875300186,-7.796222763657651
4254,0.8508,54.04829419001448,25.45811231203386,-7.793940486342257,-7.794364496998048
4255,0.851,54.047049400150165,25.43960470826579,-7.791817033124455,-7.792241043780246
4256,0.8512,54.04609252806904,25.417292865839663,-7.789428126429298,-7.789852137085089
4257,0.8514,54.04534094472681,25.411816208346316,-7.786773512275449,-7.78719752293124
4258,0.8516,54.04480025254343,25.388627514455944,-7.783852949631774,-7.784276960287564
4259,0.8518,54.046422421032126,25.359203252577796,-7.7806662104291,-7.781090221084891
4260,0.852,54.04878626864239,25.347384001598044,-7.777213079571323,-7.777637090227113
4261,0.8522,54.05079134629666,25.34294397476581,-7.773493354945889,-7.77391736560168
4262,0.8524,54.038468188634035,25.308614515336306,-7.769506847433657,-7.769930858089448
4263,0.8526,54.03764915410082,25.284188246619166,-7.765253380918093,-7.765677391573884
4264,0.8528,54.03911299716524,25.264211533236253,-7.760732792293881,-7.761156802949672
4265,0.853,54.04205497873258,25.26043551595058,-7.755944931474851,-7.756368942130642
4266,0.8532,54.030258658756985,25.25522283963911,-7.750889661401313,-7.751313672057104
4267,0.8534,54.03044760904422,25.21749602222757,-7.745566858046715,-7.745990868702505
4268,0.8536,54.03394845088174,25.172035739377918,-7.739976410423707,-7.740400421079498
4269,0.8538,54.037789681964014,25.159760237548344,-7.73411822058954,-7.734542231245331
4270,0.854,54.0422110608922,25.157756205157533,-7.727992203650847,-7.7284162143066375
4271,0.8542,54.04700917956966,25.152421504769727,-7.721598287767768,-7.722022298423559
4272,0.8544,54.0523360813397,25.110318947330473,-7.714936414157469,-7.71536042481326
4273,0.8546,54.058077822860255,25.098775229214155,-7.708006537096992,-7.708430547752783
4274,0.8548,54.064154905758585,25.097966631979727,-7.70080862392549,-7.701232634581281
4275,0.855,54.06978802776277,25.095180805796446,-7.693342655045819,-7.6937666657016095
4276,0.8552,54.0612244390216,25.07238930909128,-7.68560862392549,-7.686032634581281
4277,0.8554,54.04945137569768,25.064723264630626,-7.677606537096992,-7.678030547752782
4278,0.8556,54.037342349403914,25.06554439055545,-7.669336414157469,-7.669760424813259
4279,0.8558,54.025767804375164,25.068458163647747,-7.660798287767768,-7.661222298423558
4280,0.856,54.029002799760846,25.071437922479213,-7.6519922036508445,-7.652416214306635
4281,0.8562,54.020714263881075,25.074179087487526,-7.642918220589539,-7.64334223124533
4282,0.8564,54.02414142874916,25.054498730628,-7.633576410423705,-7.634000421079496
4283,0.8566,54.01600272228815,25.025530678696065,-7.623966858046713,-7.624390868702504
4284,0.8568,54.020525767305855,24.994824300215274,-7.614089661401313,-7.614513672057104
4285,0.857,54.013212842757454,24.969673948619416,-7.603944931474852,-7.604368942130643
4286,0.8572,54.01786850137263,24.95151686795478,-7.593532792293882,-7.5939568029496725
4287,0.8574,54.010906501258894,24.9354291509039,-7.582853380918091,-7.583277391573882
4288,0.8576,54.01677312933425,24.91980335087737,-7.571906847433656,-7.572330858089447
4289,0.8578,54.025897155917214,24.904402024371528,-7.560693354945889,-7.56111736560168
4290,0.858,54.02107295373064,24.88921787662089,-7.549213079571323,-7.5496370902271135
4291,0.8582,54.027406098717194,24.867258287247232,-7.5374662104291,-7.537890221084891
4292,0.8584,54.021893950381696,24.847638745987418,-7.525452949631771,-7.525876960287562
4293,0.8586,54.029171872768934,24.850262386902994,-7.5131735122754435,-7.513597522931234
4294,0.8588,54.03826851815243,24.858805658989052,-7.500628126429298,-7.501052137085089
4295,0.859,54.04792127180884,24.86827465047022,-7.487817033124456,-7.4882410437802465
4296,0.8592,54.057606279231436,24.877672801355914,-7.474740486342257,-7.4751644969980475
4297,0.8594,54.06738636795666,24.887077074893977,-7.461398753001856,-7.461822763657647
4298,0.8596,54.07730631118039,24.896789887270458,-7.4477921129472495,-7.44821612360304
4299,0.8598,54.087386251453964,24.906650575015803,-7.433920858933594,-7.434344869589385
4300,0.86,54.0976663643725,24.9165692566836,-7.4197852966129645,-7.420209307268755
4301,0.8602,54.10843536115475,24.926898718673627,-7.40538574451944,-7.40580975517523
4302,0.8604,54.119293082675064,24.93747873740674,-7.390722534053605,-7.391146544709396
4303,0.8606,54.13029820564383,24.948415644380106,-7.375796009466368,-7.376220020122159
4304,0.8608,54.142021134835346,24.959328026999835,-7.360606527842211,-7.361030538498001
4305,0.861,54.155912140272896,24.970222415980835,-7.345154459081746,-7.345578469737537
4306,0.8612,54.1686909199987,24.981678299330298,-7.329440185883743,-7.329864196539534
4307,0.8614,54.181507800129,24.993783275849793,-7.313464103726409,-7.3138881143822
4308,0.8616,54.19376366516005,25.00604426631359,-7.297226620848198,-7.297650631503989
4309,0.8618,54.20586422515598,25.01838815067272,-7.2807281582278165,-7.281152168883607
4310,0.862,54.22051320933609,25.03112755690374,-7.263969149563798,-7.264393160219589
4311,0.8622,54.23429047410599,25.044082234842538,-7.246950041253289,-7.2473740519090795
4312,0.8624,54.24997905251741,25.057208403650087,-7.22967129237034,-7.230095303026131
4313,0.8626,54.26639007279901,25.070565138528238,-7.212133374643527,-7.212557385299318
4314,0.8628,54.28137224200829,25.074168832269265,-7.194336772432934,-7.194760783088725
4315,0.863,54.2979100807319,25.071019904886967,-7.176281982706569,-7.17670599336236
4316,0.8632,54.31505526496476,25.076049373598437,-7.157969515016138,-7.158393525671928
4317,0.8634,54.33256181167093,25.07188225903989,-7.139399891472187,-7.1398239021279775
4318,0.8636,54.35018179099407,25.081873128824864,-7.120573646718707,-7.120997657374498
4319,0.8638,54.367989312908406,25.095741005734826,-7.10149132790702,-7.101915338562811
4320,0.864,54.386035608853526,25.110529297808228,-7.082153494669163,-7.082577505324954
4321,0.8642,54.404339204905305,25.108699270513604,-7.062560719090544,-7.062984729746335
4322,0.8644,54.422901877080356,25.102124201471888,-7.04271358568215,-7.043137596337941
4323,0.8646,54.44171788014975,25.099321677329815,-7.022612691351966,-7.023036702007757
4324,0.8648,54.460709472010194,25.10839028972158,-7.002258645375947,-7.0026826560317375
4325,0.865,54.4801630142874,25.090452774333023,-6.981652069368312,-6.982076080024103
4326,0.8652,54.499798089611446,25.063034380205707,-6.96079359725122,-6.9612176079070105
4327,0.8654,54.51983618884405,25.034340554728516,-6.9396838752238965,-6.940107885879687
4328,0.8656,54.54020753015894,25.00400472366702,-6.918323561731128,-6.918747572386919
4329,0.8658,54.56086921400273,25.00938091140514,-6.896713327431202,-6.897137338086993
4330,0.866,54.58180481188617,25.012478486120568,-6.874853855163151,-6.8752778658189415
4331,0.8662,54.60300837841358,25.015466174433513,-6.852745839913536,-6.853169850569326
4332,0.8664,54.62447725737128,24.997063641566875,-6.830389988782575,-6.830813999438366
4333,0.8666,54.646209738443986,25.00775620362941,-6.807787020949604,-6.808211031605395
4334,0.8668,54.66820443818261,25.025522602178693,-6.784937667638133,-6.785361678293924
4335,0.867,54.69046001241012,25.04463379266742,-6.76184267208013,-6.762266682735921
4336,0.8672,54.69850824363599,25.06397851974608,-6.738502789479792,-6.738926800135583
4337,0.8674,54.7034081501515,25.08341476328128,-6.714918786976825,-6.715342797632616
4338,0.8676,54.72231397576927,25.088148036430056,-6.691091443608919,-6.691515454264709
4339,0.8678,54.74478002678788,25.08971740750652,-6.6670215502739465,-6.667445560929737
4340,0.868,54.768289545590385,25.089718448432016,-6.642709909691232,-6.643133920347022
4341,0.8682,54.792237772098936,25.10463368728762,-6.618157336362594,-6.6185813470183845
4342,0.8684,54.81647926393963,25.124502134667775,-6.593364656532506,-6.593788667188297
4343,0.8686,54.84097854993557,25.145794874139767,-6.568332708147953,-6.568756718803743
4344,0.8688,54.86422460477205,25.150330372529368,-6.54306234081749,-6.54348635147328
4345,0.869,54.8870949981448,25.1598290911269,-6.517554415769917,-6.5179784264257075
4346,0.8692,54.91146942520476,25.169599748298538,-6.491809805812211,-6.492233816468001
4347,0.8694,54.93630307856159,25.178948737846902,-6.465829395287071,-6.466253405942862
4348,0.8696,54.961367381582875,25.195662471850227,-6.439614080029757,-6.4400380906855474
4349,0.8698,54.986612508754604,25.19916575312645,-6.413164767324519,-6.413588777980309
4350,0.87,55.0120275451384,25.214829728274125,-6.386482375860227,-6.386906386516018
4351,0.8702,55.037610079851675,25.217979699602264,-6.359567835685742,-6.359991846341533
4352,0.8704,55.06376962528921,25.2356354187679,-6.3324220881644715,-6.332846098820262
4353,0.8706,55.09017257501494,25.250116358770516,-6.305046085928595,-6.3054700965843855
4354,0.8708,55.115315448631655,25.251065033374168,-6.2774407928325715,-6.277864803488362
4355,0.871,55.140447964268,25.232517655238553,-6.249607183906163,-6.250031194561954
4356,0.8712,55.16562885079704,25.214612815126603,-6.221546245306895,-6.2219702559626855
4357,0.8714,55.190960739939214,25.199677041767973,-6.193258974272087,-6.193682984927878
4358,0.8716,55.216653545799616,25.21767405894832,-6.164746379070093,-6.165170389725883
4359,0.8718,55.24186778794456,25.224314417445537,-6.136009478951363,-6.136433489607153
4360,0.872,55.26693643277561,25.24587751909804,-6.107049304098536,-6.107473314754326
4361,0.8722,55.29431190896613,25.246136823036146,-6.077866895576442,-6.078290906232232
4362,0.8724,55.32122358225406,25.24581399994072,-6.048463305281192,-6.048887315936983
4363,0.8726,55.348287673471305,25.227932516216743,-6.018839595889017,-6.019263606544808
4364,0.8728,55.375334574069136,25.242091149524953,-5.988996840804464,-5.989420851460254
4365,0.873,55.40418501163769,25.255726278878882,-5.958936124108023,-5.959360134763814
4366,0.8732,55.43366594926584,25.26262463789368,-5.928658540503341,-5.929082551159132
4367,0.8734,55.44906936575579,25.26456696804617,-5.898165195263861,-5.898589205919651
4368,0.8736,55.46055198458115,25.285677164886945,-5.867457204178896,-5.867881214834687
4369,0.8738,55.47209641083346,25.312902566368706,-5.836535693499367,-5.8369597041551575
4370,0.874,55.4837206735435,25.341594342473503,-5.8054017998827785,-5.805825810538569
4371,0.8742,55.49486935389833,25.36487703741417,-5.77405667033794,-5.77448068099373
4372,0.8744,55.521144903899085,25.37572475000298,-5.742501462168918,-5.742925472824709
4373,0.8746,55.551369803852104,25.397670852463815,-5.710737342918799,-5.71116135357459
4374,0.8748,55.58236642730434,25.406601527216857,-5.678765490312666,-5.679189500968457
4375,0.875,55.61204942709305,25.419447225050206,-5.6465870922001935,-5.647011102855984
4376,0.8752,55.64191541736538,25.442479482408114,-5.614203346497856,-5.614627357153647
4377,0.8754,55.67165891831823,25.439089951206945,-5.581615461130478,-5.582039471786269
4378,0.8756,55.70276298778881,25.46315031801217,-5.548824653972303,-5.549248664628093
4379,0.8758,55.72027702448565,25.48234496845533,-5.515832152787733,-5.516256163443524
4380,0.876,55.734156749152255,25.48671836744742,-5.48263919517149,-5.483063205827281
4381,0.8762,55.762521405969274,25.499336238599557,-5.4492470284881716,-5.449671039143962
4382,0.8764,55.793388895982616,25.5135890583005,-5.4156569098116325,-5.416080920467423
4383,0.8766,55.82500944268558,25.513175538664136,-5.381870105863564,-5.382294116519355
4384,0.8768,55.85697733471973,25.501180258231443,-5.347887892951887,-5.348311903607677
4385,0.877,55.889187506426865,25.48591292472372,-5.313711556908398,-5.31413556756419
4386,0.8772,55.922985988870224,25.506467908609736,-5.279342393026237,-5.279766403682028
4387,0.8774,55.957293393798956,25.536407876278183,-5.244781705996686,-5.245205716652476
4388,0.8776,55.991861019447796,25.55656599717592,-5.210030809845579,-5.21045482050137
4389,0.8778,56.02663106430656,25.560270847257556,-5.175091027869319,-5.175515038525111
4390,0.878,56.0615892888188,25.5606386100467,-5.13996369257031,-5.140387703226102
4391,0.8782,56.096734119865935,25.56370910931599,-5.104650145591997,-5.105074156247787
4392,0.8784,56.13206560627326,25.57006286379081,-5.069151737653616,-5.069575748309408
4393,0.8786,56.16607434277314,25.573032695623507,-5.033469828484144,-5.0338938391399335
4394,0.8788,56.20138057136446,25.571697732880924,-4.9976057867562975,-4.998029797412087
4395,0.879,56.23715464726526,25.578913678346936,-4.961560990019525,-4.961985000675316
4396,0.8792,56.2717773170702,25.58350683553127,-4.925336824633151,-4.9257608352889415
4397,0.8794,56.306181610035985,25.590251489706734,-4.888934685698551,-4.889358696354343
4398,0.8796,56.342132659381654,25.599438298118624,-4.85235597699139,-4.852779987647181
4399,0.8798,56.37845034204296,25.60116924764727,-4.815602110893018,-4.816026121548807
4400,0.88,56.41510095242036,25.59853051807169,-4.778674508321781,-4.779098518977571
4401,0.8802,56.451891666892294,25.603638986286395,-4.741574598663609,-4.741998609319401
4402,0.8804,56.487464251271405,25.606288195004037,-4.704303819702497,-4.704727830358289
4403,0.8806,56.52303024688814,25.612109695275073,-4.666863617550337,-4.667287628206128
4404,0.8808,56.560057081613536,25.623316142269594,-4.629255446576513,-4.629679457232304
4405,0.881,56.597555858996124,25.652153463394733,-4.591480769336929,-4.591904779992719
4406,0.8812,56.635292497165814,25.680130519298572,-4.553541056502797,-4.553965067158588
4407,0.8814,56.67321087486412,25.70515638132383,-4.5154377867888735,-4.515861797444664
4408,0.8816,56.7112965824547,25.71773516422577,-4.477172446881536,-4.4775964575373255
4409,0.8818,56.74873437260679,25.742670212235733,-4.438746531366157,-4.439170542021948
4410,0.882,56.78588836129436,25.769557695126966,-4.40016154265442,-4.4005855533102105
4411,0.8822,56.808904830124405,25.783778984386235,-4.361418990910895,-4.361843001566686
4412,0.8824,56.82835746545065,25.81605626475251,-4.3225203939796835,-4.322944404635475
4413,0.8826,56.861846596789896,25.842647114606855,-4.283467277310166,-4.283891287965956
4414,0.8828,56.88404461163891,25.87061351391555,-4.244261173882967,-4.244685184538758
4415,0.883,56.90368098473047,25.893379638904257,-4.204903624134902,-4.2053276347906925
4416,0.8832,56.93801887396826,25.91077707778216,-4.165396175884205,-4.165820186539996
4417,0.8834,56.97439335966477,25.93737119708926,-4.125740384254842,-4.1261643949106315
4418,0.8836,57.011618176903816,25.947627073817067,-4.0859378116008696,-4.08636182225666
4419,0.8838,57.05045930096115,25.972352001474526,-4.0459900274303005,-4.046414038086091
4420,0.884,57.08859816426924,25.98918193583795,-4.005898608328431,-4.006322618984223
4421,0.8842,57.12654174574471,26.005035511138775,-3.9656651378812415,-3.966089148537032
4422,0.8844,57.1659061229734,26.026257939076885,-3.9252912065980405,-3.925715217253831
4423,0.8846,57.20370034421933,26.022041519287498,-3.8847784118339534,-3.885202422489744
4424,0.8848,57.2430769843748,26.041342373965097,-3.844128357712213,-3.844552368368004
4425,0.885,57.28295323932319,26.059539492681154,-3.8033426550458143,-3.803766665701605
4426,0.8852,57.32319014041993,26.082669822391438,-3.7624229212590867,-3.7628469319148774
4427,0.8854,57.36365156471024,26.102079045531525,-3.7213707803088307,-3.7217947909646214
4428,0.8856,57.40298313434637,26.13643603763344,-3.680187862605237,-3.680611873261028
4429,0.8858,57.443424621834865,26.158240991310986,-3.638875804932336,-3.6392998155881267
4430,0.886,57.48384023850939,26.1933031848301,-3.5974362503682062,-3.597860261023997
4431,0.8862,57.50999426866857,26.23027188722474,-3.5558708482050663,-3.556294858860857
4432,0.8864,57.53278655541985,26.24478882871295,-3.514181253868629,-3.5146052645244197
4433,0.8866,57.569493577382794,26.274046221884397,-3.472369128837683,-3.4727931394934735
4434,0.8868,57.608483208009964,26.30920504649354,-3.4304361405628994,-3.43086015121869
4435,0.887,57.64944512557109,26.34659365667325,-3.3883839623857432,-3.388807973041534
4436,0.8872,57.68988904945018,26.345708111216606,-3.3462142734567046,-3.3466382841124953
4437,0.8874,57.730141833852855,26.370852414175094,-3.3039287586537216,-3.3043527693095123
4438,0.8876,57.77170296033869,26.40450013180095,-3.261529108499798,-3.2619531191555886
4439,0.8878,57.79918334695904,26.44133636978712,-3.219017019080788,-3.2194410297365788
4440,0.888,57.82347060873932,26.4791970484119,-3.1763941919627117,-3.1768182026185023
4441,0.8882,57.847101636776365,26.51621360841823,-3.1336623341087346,-3.1340863447645253
4442,0.8884,57.87071021767822,26.515547722267208,-3.090823157796046,-3.0912471684518366
4443,0.8886,57.89450995166133,26.541247583132776,-3.0478783805324015,-3.048302391188192
4444,0.8888,57.918563907383906,26.57656951978804,-3.004829724972309,-3.0052537356280995
4445,0.889,57.94289157021699,26.607176459883853,-2.9616789188333374,-2.962102929489128
4446,0.8892,57.98119224927654,26.601935196180214,-2.918427694811534,-2.9188517054673246
4447,0.8894,58.021686173050604,26.627569378789783,-2.8750777904973335,-2.875501801153124
4448,0.8896,58.06282291067135,26.663042145743923,-2.8316309482905635,-2.832054958946354
4449,0.8898,58.104556581973604,26.66411360109542,-2.7880889153157957,-2.7885129259715864
4450,0.89,58.14770670150161,26.662967652436738,-2.744453443336974,-2.7448774539927645
4451,0.8902,58.190089481857655,26.658715219027542,-2.700726288672219,-2.7011502993280097
4452,0.8904,58.233534279860706,26.687834957212655,-2.6569092121080264,-2.657333222763817
4453,0.8906,58.27730533952933,26.6955285728535,-2.613003978813632,-2.6134279894694226
4454,0.8908,58.30624025317345,26.70643716370423,-2.5690123582548496,-2.5694363689106403
4455,0.891,58.346501644451585,26.70352111898863,-2.5249361241080175,-2.525360134763808
4456,0.8912,58.38965366714632,26.732191308493956,-2.4807770541732537,-2.4812010648290443
4457,0.8914,58.43347480339939,26.77056668431808,-2.436536930288087,-2.4369609409438775
4458,0.8916,58.476445469403174,26.8118072732305,-2.392217538240407,-2.3926415488961976
4459,0.8918,58.5204399647507,26.8448626643813,-2.347820667681617,-2.348244678337408
4460,0.892,58.56359836331412,26.88525546669977,-2.303348112039295,-2.3037721226950856
4461,0.8922,58.607753995022215,26.925030227835823,-2.2588016684297814,-2.259225679085572
4462,0.8924,58.65148753571718,26.96621920912764,-2.2141831375705596,-2.2146071482263503
4463,0.8926,58.6949796007963,26.98253131509053,-2.169494323692673,-2.1699183343484636
4464,0.8928,58.738652019580684,26.979745006868047,-2.1247370344524903,-2.125161045108281
4465,0.893,58.78291904024585,27.007440339378366,-2.0799130808439825,-2.080337091499773
4466,0.8932,58.82737384026856,27.037092524636044,-2.035024277110039,-2.0354482877658295
4467,0.8934,58.87191705301527,27.050299180313647,-1.9900724406544215,-1.9904964513102121
4468,0.8936,58.91653994289207,27.08356337952621,-1.9450593919528874,-1.945483402608678
4469,0.8938,58.960396100668575,27.105841334425765,-1.899986954464648,-1.9004109651204386
4470,0.894,59.00400487494232,27.105599520346004,-1.854856954543498,-1.8552809651992888
4471,0.8942,59.048686556388496,27.13452603452097,-1.8096712213486106,-1.8100952320044013
4472,0.8944,59.09267847823946,27.173545444917227,-1.764431586755653,-1.7648555974114437
4473,0.8946,59.13755250709514,27.189266980952716,-1.719139885267314,-1.7195638959231048
4474,0.8948,59.182669718960824,27.20041721306186,-1.6737979539238919,-1.6742219645796825
4475,0.895,59.22787897692025,27.20164455688309,-1.6284076322139118,-1.6288316428697025
4476,0.8952,59.273145153960805,27.203478001755187,-1.582970761984379,-1.5833947726401696
4477,0.8954,59.31744435580256,27.225274776269217,-1.5374891873509107,-1.5379131980067013
4478,0.8956,59.36149208263899,27.231392144274235,-1.491964754608011,-1.4923887652638017
4479,0.8958,59.40568180886716,27.252684046971904,-1.446399312139068,-1.4468233227948586
4480,0.896,59.44981784138787,27.259214783493967,-1.4007947103261662,-1.4012187209819569
4481,0.8962,59.49412077737312,27.281696050996775,-1.3551528014599823,-1.355576812115773
4482,0.8964,59.53837268095353,27.30426465483195,-1.3094754396495039,-1.3098994503052945
4483,0.8966,59.583663918244916,27.341294111111,-1.2637644807315684,-1.2641884913873591
4484,0.8968,59.628252637378,27.381755652296103,-1.2180217821806059,-1.2184457928363965
4485,0.897,59.67281270316901,27.40725962479236,-1.1722492030178926,-1.1726732136736833
4486,0.8972,59.71828773738931,27.429035209739396,-1.1264486037211423,-1.126872614376933
4487,0.8974,59.763984535746964,27.45022041267418,-1.0806218461335941,-1.0810458567893848
4488,0.8976,59.80975142568011,27.484291153970798,-1.0347707933735601,-1.0351948040293508
4489,0.8978,59.855552773553235,27.515251114078396,-0.9888973097432909,-0.9893213203990816
4490,0.898,59.90137834858159,27.554502990602895,-0.9430032606384994,-0.94342727129429
4491,0.8982,59.94721569720245,27.596074162541555,-0.8970905124570361,-0.8975145231128268
4492,0.8984,59.99295990483885,27.63733715570981,-0.8511609325082158,-0.8515849431640065
4493,0.8986,60.03866364219591,27.67943741210676,-0.8052163889216901,-0.8056403995774808
4494,0.8988,60.08446199613924,27.715120564672628,-0.759258750556398,-0.7596827612121887
4495,0.899,60.12948424637191,27.72781408389336,-0.7132898869095577,-0.7137138975653484
4496,0.8992,60.175190951515404,27.747842710868422,-0.667311668025453,-0.6677356786812437
4497,0.8994,60.2210531562138,27.775796380486604,-0.6213259644042703,-0.621749975060061
4498,0.8996,60.266954890022014,27.790366021554988,-0.575334646911128,-0.5757586575669187
4499,0.8998,60.312869208088024,27.828050296372663,-0.5293395866845808,-0.5297635973403715
4500,0.9,60.358788503372885,27.83702188524521,-0.4833426550458142,-0.48376666570160487
4501,0.9002,60.40470798641602,27.84926780212658,-0.4373457234070085,-0.4377697340627992
4502,0.9004,60.45062486435806,27.85030992293658,-0.39135066318052003,-0.3917746738363107
4503,0.9006,60.496535367822396,27.87732981113977,-0.34535934568733856,-0.34578335634312923
4504,0.9008,60.542381347687574,27.905048297435815,-0.29937364206617545,-0.2997976527219661
4505,0.901,60.58819144018606,27.91881970488387,-0.2533954231820318,-0.25381943383782246
4506,0.9012,60.63398034443618,27.929101252691535,-0.20742655953521105,-0.20785057019100173
4507,0.9014,60.679752245864854,27.961378103711056,-0.1614689211699385,-0.16189293182572917
4508,0.9016,60.72541534308204,27.994203160858476,-0.11552437758341288,-0.11594838823920356
4509,0.9018,60.771016434891685,28.036867115388734,-0.06959479763455367,-0.07001880829034435
4510,0.902,60.81657979972182,28.071400523711997,-0.023682049453109977,-0.02410606010890065
4511,0.9022,60.86211380136897,28.089979199393923,0.022211999651701064,0.02178798899591039
4512,0.9024,60.90761796275849,28.13022982462427,0.05541196652247876,0.05530625567597963
4513,0.9026,60.95323669016325,28.16487491063369,0.05653244379075356,0.09806708451270768
4514,0.9028,60.9988948303532,28.18150087216398,0.05002223997931171,0.08234498826169351
4515,0.903,61.044549000270045,28.19144643081113,0.045894421771731087,0.0536900128105714
4516,0.9032,61.09009400344341,28.220799745275297,0.045730868727330676,0.08157263719026375
4517,0.9034,61.13556734246967,28.260689033955632,0.07985911456764216,0.06336152817017116
4518,0.9036,61.18098848654901,28.30188833131477,0.06332035227350696,0.049040442134414164
4519,0.9038,61.226456733315096,28.313207914251397,0.05257985350327887,0.04645761126725412
4520,0.904,61.27192848937683,28.346454680471872,0.08632112076546139,0.0810382580931368
4521,0.9042,61.31737647090672,28.387269860718497,0.06831585475582602,0.06554782827907646
4522,0.9044,61.362652156463696,28.419893995809527,0.09948384066902072,0.04842059030518042
4523,0.9046,61.40795978441594,28.45527985164003,0.08169586026312725,0.04372462156904333
4524,0.9048,61.45326533370936,28.496048813295754,0.0514207833034509,0.0771051585103073
4525,0.905,61.498542712976054,28.53907114056966,0.041395672486414736,0.06151366192811325
4526,0.9052,61.543780816939496,28.582190673750546,0.07362682537263054,0.09192244199609745
4527,0.9054,61.58897483095109,28.62268835772612,0.11559861846761521,0.07592707515961084
4528,0.9056,61.63412201768614,28.649556192329474,0.0986943799297928,0.05306684492349745
4529,0.9058,61.67922026075615,28.672783558932068,0.1285074070129647,0.08282059730402813
4530,0.906,61.724267620635,28.697335497068295,0.16947914107928164,0.06707020562192811
4531,0.9062,61.76926220784105,28.72274612624721,0.213081085331842,0.0968838149170621
4532,0.9064,61.81420224756816,28.748342273058952,0.1792795694909548,0.08094093396529622
4533,0.9066,61.85908546842877,28.77208445564811,0.20394674474644603,0.05423089172031026
4534,0.9068,61.903910043326285,28.79506589675288,0.2260244019378559,0.08237523314065154
4535,0.907,61.94867475570408,28.81747488460893,0.24567457917821467,0.12282578399251154
4536,0.9072,61.99336718502771,28.83895936235067,0.26316029213529823,0.16619043903728592
4537,0.9074,62.03799809728757,28.87686614461293,0.28194299883281015,0.2102408332267256
4538,0.9076,62.0817846905297,28.919407878883156,0.2988042907009474,0.17295527194564864
4539,0.9078,62.125892408719764,28.960105308792937,0.3171796860436167,0.11706431011141905
4540,0.908,62.17016960168068,28.999402528132773,0.35246966985388495,0.13594632357728953
4541,0.9082,62.21442188424957,29.038246511926374,0.3922567932071028,0.17388370958788446
4542,0.9084,62.258608047936406,29.076810021500574,0.43334115681896423,0.13754606475329845
4543,0.9086,62.3027063711216,29.115188958850215,0.4588899832884108,0.09062741981903377
4544,0.9088,62.34675884451752,29.15626182924852,0.49623375754373944,0.05119723206519988
4545,0.909,62.39075839451522,29.198650682187065,0.5365567614560798,0.04446153496851957
4546,0.9092,62.43468927045851,29.241232060120353,0.5620490174385742,0.07943105462573485
4547,0.9094,62.47854295810743,29.279724481776675,0.5836081074929989,0.07016660351786896
4548,0.9096,62.52231726941468,29.316016772952192,0.604049008867378,0.057916667961611656
4549,0.9098,62.56600851797372,29.3557478104766,0.6398869926070754,0.054608769254345546
4550,0.91,62.6095346661423,29.397458732776464,0.679595625904142,0.0566965132940076
4551,0.9102,62.65293685354647,29.439665743801086,0.7042682629558454,0.06003949407654052
4552,0.9104,62.69631189733175,29.481927255242553,0.7249607528744704,0.06140515795464019
4553,0.9106,62.739621908025846,29.524133459085526,0.7601613292983267,0.06344878798928444
4554,0.9108,62.78283587338858,29.566205876946228,0.783292536884924,0.10121599315656504
4555,0.911,62.825961787691995,29.608139832950517,0.8187014795417207,0.1312359167687429
4556,0.9112,62.86823370490515,29.650011124515462,0.8570151145622305,0.15854920245261317
4557,0.9114,62.910969246235275,29.676306350440452,0.8803986701307098,0.18463236792322446
4558,0.9116,62.9537457313193,29.714249403898556,0.8997833211262056,0.22445679932648122
4559,0.9118,62.99645140636944,29.754644307548574,0.9339080913752122,0.19946741654447564
4560,0.912,63.039055620046476,29.785504393728274,0.9717679860972106,0.22832022913174832
4561,0.9122,63.08081484374514,29.815232109680146,0.9935987185315136,0.2678665870907486
4562,0.9124,63.123020533225294,29.838628286467507,1.026354417526231,0.30904639601822304
4563,0.9126,63.165256293521544,29.859973816072667,1.0449154914194745,0.3505355433172548
4564,0.9128,63.20676190632206,29.895483020392923,1.0748004166259237,0.37567362179918984
4565,0.913,63.248058196908985,29.934353116862063,1.0395667048098427,0.3948785597117248
4566,0.9132,63.28919628192217,29.97338064552994,1.0537762054787452,0.4131027958932334
4567,0.9134,63.33013315118346,30.010898301458603,1.0176641199288246,0.42881034076474167
4568,0.9136,63.371632569622854,30.04780755763114,0.9702550802719019,0.44339072816438296
4569,0.9138,63.413178037552754,30.078401439669555,0.9260866271618247,0.45962603996355567
4570,0.914,63.45463951173704,30.10504128092981,0.8881012046990333,0.47725356231613025
4571,0.9142,63.49591075445806,30.130272586120153,0.905540948753599,0.4954667134017807
4572,0.9144,63.53702499538341,30.155805043872753,0.8686710609613373,0.5291691510101413
4573,0.9146,63.578073065077035,30.181558449441205,0.8352113349718067,0.551302013954992
4574,0.9148,63.619019065287375,30.213911156104942,0.864541188884743,0.5860042104411756
4575,0.915,63.65918603095271,30.249228582015483,0.8913237734916268,0.6084434697982473
4576,0.9152,63.699037219095715,30.285048022164876,0.9308987144755174,0.6432199280211583
4577,0.9154,63.73932598066522,30.32081975792706,0.9727722198225339,0.6808479252847435
4578,0.9156,63.77902773085815,30.358806066590017,1.000687613083564,0.71921369617995
4579,0.9158,63.81850183269982,30.397405442606807,1.0249478028156136,0.7422556852278883
4580,0.916,63.85846531001823,30.43600871731766,1.0624783192232283,0.7768283494732375
4581,0.9162,63.898438508851484,30.474512104912137,1.0883279796862095,0.8141008391653481
4582,0.9164,63.9383054384715,30.512931780977617,1.1256589954038363,0.8518193665840008
4583,0.9166,63.97803731577749,30.551356204960616,1.1656030748655954,0.8896649525570934
4584,0.9168,64.01762604943039,30.589727685734324,1.205752578335451,0.9272521140980277
4585,0.917,64.05706844666338,30.628455090290718,1.1862783967392525,0.8824288650845178
4586,0.9172,64.09636251044847,30.667001347911352,1.149149192615779,0.9008503107165367
4587,0.9174,64.13550655046214,30.705326054437975,1.1675138112625372,0.9199046032408607
4588,0.9176,64.17449896297963,30.743431945596868,1.199841853175808,0.9388777476969126
4589,0.9178,64.21333817311279,30.78133112219156,1.2332657958935411,0.9727284796879667
4590,0.918,64.25202261954377,30.819046029313725,1.2611478221135988,0.9948130632767298
4591,0.9182,64.29055075061055,30.8565942273425,1.2217605917913459,1.0282837441830943
4592,0.9184,64.32892102332396,30.893977883395127,1.2339915289676116,1.0490800114401742
4593,0.9186,64.36713069182846,30.931197590235325,1.2614462506705943,1.081472491563153
4594,0.9188,64.40517772562187,30.968255682921868,1.2778749355093826,1.1098842717933666
4595,0.919,64.44252150422636,30.981437401477564,1.306893870752245,1.1324542965721216
4596,0.9192,64.47949238193658,31.005840827626983,1.3393570442173974,1.1344587602719076
4597,0.9194,64.51683487969443,31.03052210141302,1.368066378022513,1.1291889329156644
4598,0.9196,64.55359207882258,31.04269021851467,1.3978042539445474,1.1368002729927276
4599,0.9198,64.59002494409751,31.052529546932927,1.324432254016593,1.0788647275121916
4600,0.92,64.62687434303163,31.07955924967593,1.3205346950701076,1.0146606825590556
4601,0.9202,64.66317212816197,31.11296319224804,1.3287009294250192,0.9433721279603655
4602,0.9204,64.69919496919897,31.14808813415656,1.2499355904835143,0.8875718400974528
4603,0.9206,64.73495433820338,31.183605014694724,1.2474848340029685,0.8284828031168479
4604,0.9208,64.77112473699908,31.2191170558896,1.1748714059485583,0.8416959174595675
4605,0.921,64.807258224197,31.25436823054375,1.0912894513964404,0.8723369386392728
4606,0.9212,64.84317943688848,31.289482957921486,1.0924952833774078,0.8316717827254694
4607,0.9214,64.87834652580456,31.324505808001465,1.116999325363973,0.783015697058469
4608,0.9216,64.91381367869455,31.359398916148685,1.1441578420918277,0.7374764340029771
4609,0.9218,64.9492218616667,31.39411540551286,1.1098416268786782,0.6919813003628792
4610,0.922,64.98441412975667,31.422969021084707,1.1252122051457492,0.7101147950482329
4611,0.9222,65.0193637123718,31.4511565113974,1.1538879554441315,0.7342038876137997
4612,0.9224,65.05419547789445,31.472954545511463,1.1209650263111959,0.6969950178342481
4613,0.9226,65.08887400882362,31.505140340591435,1.0742152610751265,0.6579424352814467
4614,0.9228,65.12337544926598,31.53882432173278,1.083252782350408,0.6224133635560682
4615,0.923,65.15712309767956,31.572525589913816,1.104532243161795,0.5869412739150235
4616,0.9232,65.19051723725484,31.606064134624454,1.1322987447267026,0.5988510803018907
4617,0.9234,65.22367458579232,31.639418605963712,1.1574854777824104,0.626616315113524
4618,0.9236,65.25721641888981,31.672540122748835,1.1850878834734861,0.6544835940389508
4619,0.9238,65.29020993259246,31.68872042362225,1.2130531066163748,0.6159806444953126
4620,0.924,65.32284606284367,31.702269312600826,1.24066305672967,0.576566070426058
4621,0.9242,65.35581897120395,31.71550930045678,1.2681203622325548,0.5361186579139186
4622,0.9244,65.38869010311949,31.72314366421572,1.2241004958852497,0.49021331149438074
4623,0.9246,65.42130947954884,31.72820808366464,1.1650232336874802,0.5071233772413128
4624,0.9248,65.45378893149116,31.747186008329763,1.166423439019737,0.46618057133436386
4625,0.925,65.48603482779447,31.752572090692606,1.1820552740878814,0.4130555717492901
4626,0.9252,65.51770125065545,31.77410218925255,1.2054733816962067,0.4264831015852475
4627,0.9254,65.54811633333377,31.778517134356512,1.16152179107601,0.4457971501683162
4628,0.9256,65.5773059525832,31.800573308185946,1.1685168687689091,0.47261013844778255
4629,0.9258,65.6068772439941,31.806072249913495,1.085715980990332,0.5028331925188723
4630,0.926,65.635954593388,31.830340476731617,1.0785391009305219,0.4555574073591466
4631,0.9262,65.66459784034625,31.858631558332014,0.9959825678164265,0.46658153189285256
4632,0.9264,65.69288182004853,31.88725851630933,0.9826841902255725,0.42130258896289297
4633,0.9266,65.72086143832703,31.915645583924807,0.9851471012103241,0.4286523684061079
4634,0.9268,65.74852478995581,31.938517689534798,0.9063172345680481,0.37479186164149425
4635,0.927,65.77587234099975,31.96658019164724,0.8157416838260136,0.3783749381741375
4636,0.9272,65.80294068731916,31.994986495569606,0.8118376151980691,0.33362420308869467
4637,0.9274,65.83126013307691,32.02322617475618,0.7540554328698867,0.2846345626751807
4638,0.9276,65.86006605983629,32.05123514814963,0.7594811146074942,0.29916787496445263
4639,0.9278,65.88890312277334,32.078995358460205,0.6973188371717929,0.32452542316284205
4640,0.928,65.91759862083173,32.10646626540105,0.7012076794915787,0.2985249671219323
4641,0.9282,65.94609601946438,32.13365357097379,0.6592058647253438,0.2616305865393578
4642,0.9284,65.9743779659749,32.16056378452419,0.6020545307569218,0.2196284991866566
4643,0.9286,66.00243910532986,32.18721953949431,0.5403016892495831,0.2285293726575537
4644,0.9288,66.03027753315752,32.21429666603127,0.47967755016073,0.19138204196496655
4645,0.929,66.05732526839661,32.241249671190346,0.4217076731128131,0.14582327739872447
4646,0.9292,66.0843465649192,32.26795419886023,0.4277260209105034,0.10202695254522087
4647,0.9294,66.11131644271184,32.294400667072026,0.3912955475293245,0.06326514024684471
4648,0.9296,66.13814587577723,32.32057462247002,0.34665600763886495,0.07720416587119239
4649,0.9298,66.16477885154156,32.34584151437291,0.357283148228281,0.1029925041685722
4650,0.93,66.19119493295504,32.37074603124513,0.32282682849675126,0.07806461038755508
4651,0.9302,66.21738862783477,32.395376742127546,0.3348997793047648,0.044441117806360175
4652,0.9304,66.24335650946338,32.419743184810784,0.2967754734492356,0.031713823098726834
4653,0.9306,66.26909774181809,32.44320262598118,0.30359897578342654,0.029942706200980496
4654,0.9308,66.29461083529034,32.467409455127324,0.31782953099161126,0.030503091755218037
4655,0.931,66.31989434776533,32.49176276845171,0.33322446178993825,0.029852953357941026
4656,0.9312,66.34494709903387,32.51600563975815,0.26285276498639476,0.04955094077160549
4657,0.9314,66.3697680933064,32.54013400435668,0.25914325642298763,0.03689960526978098
4658,0.9316,66.3943564141463,32.56410451636252,0.19159662140293499,0.02665218818082149
4659,0.9318,66.4187112002366,32.587276144281276,0.19086561652020428,0.043211821324658395
4660,0.932,66.4428316219481,32.610094571902195,0.20539965883178635,0.06601870222124706
4661,0.9322,66.46518472210548,32.633243015765004,0.16418462777131904,0.04191854884806556
4662,0.9324,66.47323121747706,32.64960769355009,0.11095397934693274,0.024318426906958734
4663,0.9326,66.47739428101524,32.66331903321877,0.05703291013942291,0.038368432043517586
4664,0.9328,66.49580798189089,32.67635566464101,0.02109141733217701,0.059907246372274514
4665,0.933,66.5166561985426,32.68065443397191,0.030798218480731165,0.03744453275370674
4666,0.9332,66.52327484832462,32.68313177312357,0.050955219535826934,0.04884153918093048
4667,0.9334,66.52640047769533,32.700533419625366,0.03831565004102533,0.031714560538727454
4668,0.9336,66.52866276348414,32.72078091461171,0.05257164345997367,0.02207664176365398
4669,0.9338,66.53054728985468,32.734427164827856,0.0723794699801692,0.036697336176781725
4670,0.934,66.53217357211092,32.74599098759381,0.09290149823301252,0.029685359241656606
4671,0.9342,66.5351795566027,32.74873416291923,0.11291237046825486,0.022710661315216818
4672,0.9344,66.53713729519185,32.74954345166932,0.13218902152314627,0.03756193039243794
4673,0.9346,66.55355278626281,32.74973038157037,0.06517909679527101,0.0575931130690881
4674,0.9348,66.57230699684328,32.74979823226454,0.062059356226382256,0.0344224400935369
4675,0.935,66.59119574061013,32.74960131613061,0.07591063027849287,0.018353556941543836
4676,0.9352,66.5962661177906,32.764663946501024,0.09347664209697193,0.029751981678215245
4677,0.9354,66.59809697333155,32.76712621631859,0.03612577724912924,0.025742653287378126
4678,0.9356,66.59912541030901,32.78208789205903,0.03643053059733781,0.02074073422030942
4679,0.9358,66.59998031599267,32.800151709808176,0.051479909671454216,0.034489341547528696
4680,0.936,66.61353101086007,32.811798468306634,0.07007290576770586,0.026903174392458595
4681,0.9362,66.6173196825747,32.82684244430136,0.0893581700413355,0.039705829667907366
4682,0.9364,66.61893409519072,32.83718158702789,0.09354822436196031,0.02695278083312047
4683,0.9366,66.62060828756188,32.84551341870844,0.09391438530187646,0.03792459518159497
4684,0.9368,66.62126152520209,32.85323443012386,0.10816707244547974,0.02632475873781992
4685,0.937,66.63456875689695,32.85982032516525,0.11052365211081128,0.03720812555157238
4686,0.9372,66.63715969908577,32.8720441667474,0.12471348383593561,0.05352074764862014
4687,0.9374,66.6383447091461,32.880053101125014,0.1415985874824317,0.07099934265365082
4688,0.9376,66.63940023992498,32.891611509710046,0.15858166747106406,0.08857398619892631
4689,0.9378,66.64051026150669,32.889629117838744,0.17454551845670885,0.10490120675575376
4690,0.938,66.64167636390752,32.87804248555894,0.12689255955648715,0.03925926017393344
4691,0.9382,66.64288201200337,32.86541652902824,0.06252133293246498,0.03644254241904399
4692,0.9384,66.64409635111771,32.85284288702643,0.0116371267262938,0.04792870782747194
4693,0.9386,66.6453121733038,32.83920508893205,0.003973215988250622,0.02521181854282961
4694,0.9388,66.65908585241057,32.82507893821677,0.01468609745565086,0.031157003813669704
4695,0.939,66.67527540112947,32.80984981327836,0.029595803868156523,0.04424211940812306
4696,0.9392,66.69133061331979,32.79701029228706,0.044706722647239516,0.025173338362342257
4697,0.9394,66.70709422582473,32.782807558741204,0.025811454024371905,0.03206532739007706
4698,0.9396,66.72254774498306,32.76817646177598,0.013527685111896837,0.020576649053323237
4699,0.9398,66.73817033308174,32.752892926081884,0.021532277708488756,0.028956466986052476
4700,0.94,66.7535279088001,32.75390127485068,0.018063273975215566,0.020615098772338136
4701,0.9402,66.76868521288375,32.7519811986582,0.027677046737244027,0.014414678000911785
4702,0.9404,66.7831483209232,32.75649863078085,0.019488354249250328,0.02336399832405256
4703,0.9406,66.79770060173038,32.752261948567416,0.027540748160105544,0.03556911274279706
4704,0.9408,66.81206607816436,32.742757811362935,0.03947762599442228,0.04822339010807042
4705,0.941,66.8257900240613,32.74556471480327,0.0520607637100694,0.06076363271640872
4706,0.9412,66.83955159843254,32.741460221506344,0.024529393845897474,0.07273305525844265
4707,0.9414,66.85309811491186,32.730247681285576,0.026752995266948076,0.08408647936464764
4708,0.9416,66.86592977558227,32.722396742131366,0.03635174578934208,0.09496697924791597
4709,0.9418,66.87881469941111,32.706531059055436,0.04762361091071554,0.10547883285650794
4710,0.942,66.89152146014462,32.710253287092954,0.023217700737326652,0.05316560479318255
4711,0.9422,66.90398337090723,32.718219734045846,0.025971804360064965,0.048001602593320314
4712,0.9424,66.91618124947543,32.72829582281844,0.03484843304594598,0.05478830376528876
4713,0.9426,66.92810915468803,32.73880752149554,0.018543000126019393,0.02214275587160852
4714,0.9428,66.93976490328365,32.7491102487257,0.008665621774345489,0.005286454772823745
4715,0.943,66.95114747984718,32.75906301021331,0.014064319800455749,0.005017560421166856
4716,0.9432,66.96225630529145,32.76865167320409,0.012437373286696918,0.00883587384098039
4717,0.9434,66.97309100685403,32.76896009102553,0.01933927458100193,0.01053691738029272
4718,0.9436,66.98365133011934,32.769433627609274,0.013465335085963481,0.010214606475447141
4719,0.9438,66.99393709710863,32.758972309754505,0.018907328165068904,0.00941199280276983
4720,0.944,67.00394818348332,32.74609560748037,0.012807063109379513,0.00888761482399314
4721,0.9442,67.01368450823345,32.7389752093202,0.017856170674313887,0.015292881010963377
4722,0.9444,67.02270345301753,32.735615233230824,0.02536919899097878,0.011657866082812163
4723,0.9446,67.03120192462325,32.72350541311404,0.014147726376528169,0.016849571886869086
4724,0.9448,67.03928237178563,32.71876127743007,0.00679150424435182,0.011368113663746904
4725,0.945,67.0469962265588,32.71444997071819,0.005703813822446335,0.01571282852809386
4726,0.9452,67.05435860796007,32.71735490800295,0.006727816114222129,0.010412799133619366
4727,0.9454,67.06139041828756,32.71601375377873,0.007330850967202984,0.014378550056538764
4728,0.9456,67.06808447426488,32.71871262709244,0.007221621122773136,0.009646129780673363
4729,0.9458,67.07388248982184,32.71434576267123,0.006804886137885546,0.006140147005227803
4730,0.946,67.06534991869196,32.70225990441589,0.01144625869103777,0.0055386533177426145
4731,0.9462,67.06804047284703,32.702926134876975,0.01713591848188667,0.009966661290685686
4732,0.9464,67.07333011857189,32.69099672650724,0.022880577940340707,0.015395382377513478
4733,0.9466,67.07906529276761,32.69111597197761,0.011175669166172852,0.00916356146432662
4734,0.9468,67.0847091859166,32.69360426006968,0.003997608564056954,0.011483947430924957
4735,0.947,67.09012821053398,32.69690639613708,0.0030169341743686573,0.015758123052386885
4736,0.9472,67.09528922430617,32.69147240910398,0.006296166730938246,0.008354229321360762
4737,0.9474,67.10018409238344,32.67761110431671,0.005688145551819623,0.009784986678822882
4738,0.9476,67.10481096275056,32.65334695198115,0.004388425714459743,0.013246224028891085
4739,0.9478,67.10812474877027,32.62470409239677,0.0037014243152091453,0.017016255460912788
4740,0.948,67.11170356364015,32.594667513012574,0.0034997797129232566,0.007836240260986393
4741,0.9482,67.11531229717784,32.57939896929908,0.003357175396359935,0.0022843494893711735
4742,0.9484,67.1187612295529,32.55726442641036,0.0031267678108175545,0.001690119204704743
4743,0.9486,67.12197653336247,32.53422283657787,0.002857666904531264,0.0037269670713220293
4744,0.9488,67.12491462090917,32.52766215026472,0.004718871658628387,0.0033894505571234745
4745,0.949,67.1275706978678,32.526590465551884,0.003349409857642982,0.005076713137426303
4746,0.9492,67.11662544038234,32.51891881595131,0.002009768415697444,0.003202773970394368
4747,0.9494,67.1021449937497,32.49204697924455,0.0014952546086606233,0.004046289238064382
4748,0.9496,67.10028727482067,32.48431996141642,0.00137740782860174,0.005372036354343912
4749,0.9498,67.10108535719064,32.482499494762244,0.0022800362904060734,0.006620359513370033
4750,0.95,67.10228478486248,32.482120717929774,0.003234028459301541,0.002637227325923419
4751,0.9502,67.1033720026006,32.4762737702864,0.001575290182047162,0.002155408332186859
4752,0.9504,67.10420579068308,32.46512944260997,0.001509694498555092,0.0023607713871589553
4753,0.9506,67.10474775601656,32.46269296313331,0.0004992276730426681,0.0007705851243278161
4754,0.9508,67.0915541241377,32.45247815513542,-0.00023064413541717954,-0.0002468896521525821
4755,0.951,67.0748237477859,32.44060680973859,-0.004611913768227005,-0.004684181100243379
4756,0.9512,67.07045302913141,32.42763193969992,-0.006155012608238586,-0.006240559728365014
4757,0.9514,67.06858843957977,32.42270470378358,-0.007188081387391243,-0.007276976238443922
4758,0.9516,67.06701003883808,32.41164312482904,-0.00828979640700478,-0.008379563431143211
4759,0.9518,67.06522063074854,32.40505679349792,-0.009604315959507836,-0.009694312686876927
4760,0.952,67.06311023485041,32.400310970923215,-0.011167338738580668,-0.01125739598371922
4761,0.9522,67.06065598945582,32.395944255522885,-0.012987450558223479,-0.013077523716618522
4762,0.9524,67.05691827257053,32.39150025671859,-0.015066450314161983,-0.015156527647445017
4763,0.9526,67.05237267493206,32.38643490203484,-0.01740443075818998,-0.01749450918436324
4764,0.9528,67.04863409050922,32.380122871802854,-0.020001048647831254,-0.020091127359517458
4765,0.953,67.04517160619265,32.37301184861268,-0.022855842293894924,-0.022945921080030907
4766,0.9532,67.04164653778419,32.366178543524,-0.025968310964239905,-0.02605838976975594
4767,0.9534,67.03792659975176,32.35943386707352,-0.029337934753169037,-0.029428013563721933
4768,0.9536,67.01917553837616,32.352942910182165,-0.03296417956787945,-0.033054258379738855
4769,0.9538,67.01137776136717,32.3469220199392,-0.0368464983948833,-0.0369365772070811
4770,0.954,67.00609213427147,32.34097820620687,-0.04098433163656079,-0.04107441044884652
4771,0.9542,67.00123460085494,32.334885479461775,-0.045377107216142853,-0.04546718602845168
4772,0.9544,66.99626560716975,32.327988298236264,-0.05002424062478106,-0.0501143194370961
4773,0.9546,66.99104717521118,32.314236136209445,-0.054925134955024824,-0.05501521376734164
4774,0.9548,66.9855719353369,32.298904038111786,-0.060079180931052356,-0.060169259743369174
4775,0.955,66.97984495979014,32.273253581702676,-0.06548575693869108,-0.0655758357510079
4776,0.9552,66.9738695387876,32.24527529636657,-0.07114422905578355,-0.07123430786810037
4777,0.9554,66.96764733548996,32.2164750538245,-0.07705395108310675,-0.07714402989542357
4778,0.9556,66.9611790745935,32.187222177754435,-0.08321426457586867,-0.08330434338818549
4779,0.9558,66.95446555969288,32.15711489746066,-0.0896244988758017,-0.08971457768811852
4780,0.956,66.94750757211536,32.13320878523792,-0.09628397114385301,-0.09637404995616983
4781,0.9562,66.9263587109887,32.104765476532215,-0.10319198639347515,-0.10328206520579197
4782,0.9564,66.90091064766882,32.074105129461856,-0.11034783752442845,-0.11043791633674527
4783,0.9566,66.87418815350593,32.058310634215324,-0.11775080535740656,-0.11784088416972338
4784,0.9568,66.84670330962128,32.046156725273285,-0.125400158668862,-0.12549023748117882
4785,0.957,66.81892134107343,32.02615342667534,-0.13329515422688853,-0.13338523303920535
4786,0.9572,66.80559947647377,32.01373821920235,-0.14143503682721903,-0.14152511563953585
4787,0.9574,66.78095520758892,32.00196553889241,-0.14981903933019414,-0.14990911814251096
4788,0.9576,66.768321172712,31.990070969726776,-0.15844638269808353,-0.15853646151040035
4789,0.9578,66.75848415611459,31.977991079559672,-0.16731627603306354,-0.16740635484538036
4790,0.958,66.74882565312842,31.965867630482034,-0.17642791661577029,-0.1765179954280871
4791,0.9582,66.73928260512051,31.95352133535212,-0.18578048994443463,-0.18587056875675145
4792,0.9584,66.72964261968741,31.940864010012135,-0.1953731697744967,-0.19546324858681352
4793,0.9586,66.70518283381932,31.92871628046159,-0.20520511815904907,-0.2052951969713659
4794,0.9588,66.69064727359697,31.901879218816312,-0.21527548548950382,-0.21536556430182063
4795,0.959,66.678106775106,31.886840549883658,-0.22558341053708464,-0.22567348934940146
4796,0.9592,66.66574815424546,31.857981256258647,-0.2361280204948102,-0.236218099307127
4797,0.9594,66.63947551401736,31.841385116523305,-0.24690843101994986,-0.24699850983226668
4798,0.9596,66.6096740331663,31.818731278175,-0.2579237462772257,-0.2580138250895425
4799,0.9598,66.59383878662804,31.788899785983766,-0.269173058982493,-0.2692631377948098
4800,0.96,66.581308265644,31.771700985941543,-0.28065545044676377,-0.2807455292590806
4801,0.9602,66.56891384131896,31.741439085856584,-0.2923699906212791,-0.2924600694335959
4802,0.9604,66.5568930856933,31.723671807027216,-0.30431573814253987,-0.3044058169548567
4803,0.9606,66.54479314188012,31.708976307213437,-0.31649174037840666,-0.3165818191907235
4804,0.9608,66.53250184334394,31.694873770618322,-0.328897033474429,-0.3289871122867458
4805,0.961,66.5199919943192,31.672421050314675,-0.34153064240084774,-0.34162072121316456
4806,0.9612,66.50725678250859,31.648559105159535,-0.35439158100010637,-0.3544816598124232
4807,0.9614,66.49429513966138,31.617878046550207,-0.3674788520349246,-0.3675689308472414
4808,0.9616,66.48110834171472,31.591509060362814,-0.38079144723689673,-0.38088152604921355
4809,0.9618,66.4676976113225,31.559953027693876,-0.3943283473556374,-0.3944184261679542
4810,0.962,66.45406403342643,31.541362447964673,-0.4080885222084545,-0.4081786010207713
4811,0.9622,66.44020864158689,31.525062908455887,-0.4220709307305581,-0.42216100954287494
4812,0.9624,66.4261324614206,31.509028525255044,-0.4362745210258083,-0.43636459983812514
4813,0.9626,66.41183652542477,31.477731493432596,-0.45069823041797186,-0.4507883092302887
4814,0.9628,66.39732187758966,31.457961310702043,-0.46534098550252523,-0.46543106431484205
4815,0.963,66.38258956952016,31.440823034068274,-0.48020170219896574,-0.48029178101128256
4816,0.9632,66.3676406682915,31.424109898925646,-0.49527928580364655,-0.49536936461596337
4817,0.9634,66.35247625514064,31.407133920837293,-0.5105726310431393,-0.5106627098554561
4818,0.9636,66.33709741381509,31.380928068264808,-0.5260806221281147,-0.5261707009404315
4819,0.9638,66.32150471915344,31.347235760996927,-0.5418021328076206,-0.5418922116199374
4820,0.964,66.30567943552492,31.326252649431375,-0.5577360264242213,-0.5578261052365381
4821,0.9642,66.27496584599118,31.308043818310733,-0.5738811559690475,-0.5739712347813644
4822,0.9644,66.25409587746242,31.28346576533993,-0.5902363641380814,-0.5903264429503983
4823,0.9646,66.23620791733661,31.24838450052652,-0.6068004833882004,-0.6068905622005172
4824,0.9648,66.21906469986772,31.226716455318588,-0.6235723359943455,-0.6236624148066623
4825,0.965,66.20196401102935,31.196929030626947,-0.6405507341068049,-0.6406408129191217
4826,0.9652,66.18472416000806,31.17265252521405,-0.6577344798091307,-0.6578245586214475
4827,0.9654,66.16722530179963,31.135942621407608,-0.675122365176521,-0.6752124439888378
4828,0.9656,66.1494943264303,31.103108530320096,-0.6927131723346953,-0.6928032511470121
4829,0.9658,66.13117194222185,31.065912541562376,-0.7105056735192523,-0.7105957523315691
4830,0.966,66.11251669141829,31.0419141012405,-0.7284986311355075,-0.7285887099478243
4831,0.9662,66.09370140422398,31.021032708981707,-0.7466907978188138,-0.7467808766311306
4832,0.9664,66.07464267040534,31.00077711809093,-0.7650809164953793,-0.7651709953076962
4833,0.9666,66.05544317351605,30.979925266063308,-0.7836677204434075,-0.7837577992557243
4834,0.9668,66.03653571988178,30.953005055906075,-0.8024499333551249,-0.8025400121674418
4835,0.967,66.0175429443891,30.921031597089257,-0.8214262693985859,-0.8215163482109027
4836,0.9672,65.99838238789495,30.88313700395311,-0.8405954332807744,-0.8406855120930912
4837,0.9674,65.9790366251754,30.858914454330726,-0.8599561203103261,-0.8600461991226429
4838,0.9676,65.95950272724009,30.83741423735826,-0.8795070164614187,-0.8795970952737355
4839,0.9678,65.93978098804556,30.80723373462321,-0.899246798437678,-0.8993368772499948
4840,0.968,65.90603298514068,30.77563237762877,-0.9191741337367012,-0.919264212549018
4841,0.9682,65.86873667535562,30.743631477669116,-0.9392876807150001,-0.939377759527317
4842,0.9684,65.83048182471978,30.718982979620602,-0.9595860886534231,-0.9596761674657399
4843,0.9686,65.7909970731388,30.692651217033177,-0.9800679978228395,-0.9801580766351563
4844,0.9688,65.76577555529617,30.64210190605815,-1.0007320395506998,-1.0008221183630166
4845,0.969,65.73019510500312,30.59064640175462,-1.0215768362874562,-1.021666915099773
4846,0.9692,65.69112913971325,30.53698469246054,-1.0426010016738458,-1.0426910804861627
4847,0.9694,65.66570959894699,30.477030506273007,-1.0638031406084596,-1.0638932194207764
4848,0.9696,65.64348462129718,30.419655173632748,-1.085181849315621,-1.0852719281279377
4849,0.9698,65.62188160527518,30.381227510383525,-1.106735715413949,-1.1068257942262658
4850,0.97,65.60026956415818,30.32993829720546,-1.1284633179852306,-1.1285533967975474
4851,0.9702,65.57849442360002,30.29322486036318,-1.1503632276433717,-1.1504533064556886
4852,0.9704,65.5427069725562,30.260696217861124,-1.1724340066045134,-1.1725240854168302
4853,0.9706,65.50374972048424,30.234615198860332,-1.1946742087566586,-1.1947642875689755
4854,0.9708,65.4640481712064,30.210094244925187,-1.2170823797304822,-1.217172458542799
4855,0.971,65.42413515789144,30.18587154090262,-1.2396570569700671,-1.239747135782384
4856,0.9712,65.39781802107588,30.16163454425683,-1.262396769804214,-1.2624868486165308
4857,0.9714,65.37447589525303,30.137311523990235,-1.2853000395181224,-1.2853901183304393
4858,0.9716,65.35168408281146,30.113125136120036,-1.3083653794254597,-1.3084554582377765
4859,0.9718,65.3288909112933,30.088875683074964,-1.331591294940822,-1.3316813737531388
4860,0.972,65.30597186462575,30.06452773244851,-1.3549762836525754,-1.3550663624648922
4861,0.9722,65.2828864043858,30.040082885783622,-1.378518835396084,-1.3786089142084008
4862,0.9724,65.2596314098179,30.01560670472556,-1.4022174323273107,-1.4023075111396275
4863,0.9726,65.23622416508114,29.991094352542447,-1.4260705489968295,-1.4261606278091463
4864,0.9728,65.21266596187003,29.966485612518294,-1.450076652424011,-1.4501667312363278
4865,0.973,65.18877447029416,29.94174214203892,-1.4742342021720605,-1.4743242809843773
4866,0.9732,65.16457439085673,29.916848269248675,-1.4985416504227733,-1.4986317292350901
4867,0.9734,65.14030130445296,29.89175259139361,-1.5229974420521697,-1.5230875208644865
4868,0.9736,65.11571104450306,29.866447755053585,-1.5476000147061244,-1.5476900935184412
4869,0.9738,65.09084709472492,29.840978507052945,-1.5723477988767107,-1.5724378776890275
4870,0.974,65.0659602950773,29.815426478779035,-1.5972392179785295,-1.5973292967908463
4871,0.9742,65.04100257680275,29.78978587909057,-1.6222726884257526,-1.6223627672380694
4872,0.9744,65.01593002087479,29.764049720337027,-1.6474466197089694,-1.6475366985212863
4873,0.9746,64.9904834691279,29.73773149293647,-1.6727594144730404,-1.6728494932853573
4874,0.9748,64.96474179850337,29.71040748012221,-1.6982094685947806,-1.6982995474070974
4875,0.975,64.93875995663679,29.683060045722645,-1.7237951712611794,-1.7238852500734962
4876,0.9752,64.91254061814632,29.640023531564562,-1.7495149050479069,-1.7496049838602237
4877,0.9754,64.88640188400271,29.608939922427947,-1.7753670459981796,-1.7754571248104964
4878,0.9756,64.85989962268903,29.580878020657437,-1.801349963701739,-1.8014400425140558
4879,0.9758,64.83339299738253,29.553417919429293,-1.8274620213746915,-1.8275521001870083
4880,0.976,64.80647230251901,29.525970725933025,-1.8537015759387692,-1.853791654751086
4881,0.9762,64.77877372196134,29.498391574068812,-1.8800669781019268,-1.8801570569142436
4882,0.9764,64.75027873366507,29.47062318815538,-1.9065565724383808,-1.9066466512506977
4883,0.9766,64.72236216931982,29.44251424702796,-1.9331686974693274,-1.9332587762816442
4884,0.9768,64.69438754193047,29.41401867702537,-1.9599016857440934,-1.9599917645564102
4885,0.977,64.65094106866596,29.38524180302089,-1.9867538639212663,-1.9868439427335831
4886,0.9772,64.60346920266566,29.355949585585265,-2.0137235528502524,-2.013813631662569
4887,0.9774,64.57048705130285,29.326211161885112,-2.0408090676532886,-2.0408991464656054
4888,0.9776,64.54118197339618,29.296472569362045,-2.0680087178072117,-2.0680987966195286
4889,0.9778,64.5127503655609,29.267294286086027,-2.095320807226204,-2.095410886038521
4890,0.978,64.48446971016675,29.231918900977963,-2.1227436343442805,-2.1228337131565973
4891,0.9782,64.45615531619363,29.200389767787847,-2.150275492198257,-2.150365571010574
4892,0.9784,64.42776095656528,29.170585245441373,-2.177914668510946,-2.178004747323263
4893,0.9786,64.39927595832363,29.125270796562422,-2.205659445774644,-2.205749524586961
4894,0.9788,64.37069876417237,29.091771463233385,-2.2335081013346647,-2.2335981801469815
4895,0.979,64.34203015492747,29.06137845807124,-2.2614589074736537,-2.2615489862859706
4896,0.9792,64.31327151495465,29.016516802995472,-2.289510131495439,-2.2896002103077557
4897,0.9794,64.28442438849332,28.98299037014393,-2.3176600358096575,-2.3177501146219743
4898,0.9796,64.2554903660893,28.94606177607301,-2.345906878016446,-2.345996956828763
4899,0.9798,64.22647105556896,28.913502294838743,-2.3742489109912137,-2.3743389898035305
4900,0.98,64.19736807463055,28.88272096284412,-2.402684382969981,-2.4027744617822977
4901,0.9802,64.16818304894952,28.837272510512346,-2.4312115376347903,-2.431301616447107
4902,0.9804,64.1389176106651,28.797058543722695,-2.459828614198983,-2.4599186930113
4903,0.9806,64.10957339023098,28.76372116151845,-2.488533847493377,-2.488623926305694
4904,0.9808,64.08015201796749,28.716871901575423,-2.517325468052123,-2.5174155468644397
4905,0.981,64.05065512901585,28.682553466496877,-2.5462017021989727,-2.5462917810112895
4906,0.9812,64.02108436499714,28.635419205887477,-2.575160772133737,-2.5752508509460537
4907,0.9814,63.991441330419086,28.584953591516232,-2.6042008960189222,-2.604290974831239
4908,0.9816,63.96172760652131,28.549369223852,-2.6333202880665834,-2.6334103668789
4909,0.9818,63.93194476778719,28.510654108507982,-2.662517158625354,-2.662607237437671
4910,0.982,63.90206892020884,28.461186456098527,-2.6917897142676765,-2.6918797930799934
4911,0.9822,63.87206561086238,28.42622147535641,-2.721136157877208,-2.721226236689525
4912,0.9824,63.84197175612109,28.386543597207847,-2.750554688736449,-2.7506447675487657
4913,0.9826,63.811807582949854,28.35194501038688,-2.780043502614317,-2.7801335814266337
4914,0.9828,63.78158153481247,28.31961815597982,-2.809600791854499,-2.8096908706668158
4915,0.983,63.75127274213154,28.278392282677526,-2.839224745462988,-2.839314824275305
4916,0.9832,63.72087015408607,28.229329647487617,-2.868913549196913,-2.8690036280092297
4917,0.9834,63.674849972222546,28.193605700537482,-2.8986653856525866,-2.8987554644649034
4918,0.9836,63.64031255658839,28.14388404122312,-2.928478434354121,-2.9285685131664376
4919,0.9838,63.60871122231274,28.106606999641713,-2.958350871842341,-2.9584409506546576
4920,0.984,63.577065079369035,28.072405287601075,-2.98828087176351,-2.9883709505758267
4921,0.9842,63.545636540576034,28.038628802602584,-3.01826660495834,-3.018356683770657
4922,0.9844,63.514516194631874,28.004876615285024,-3.0483062395513354,-3.048396318363652
4923,0.9846,63.46902346774147,27.96116248511927,-3.0783979410396936,-3.0784880198520104
4924,0.9848,63.43385690110581,27.90987687755766,-3.108539872383097,-3.1086299511954136
4925,0.985,63.40145178767172,27.87210884118825,-3.1387301940930574,-3.1388202729053742
4926,0.9852,63.35549389379892,27.837601398253437,-3.1689670643226093,-3.169057143134926
4927,0.9854,63.305625144203525,27.78854384579594,-3.1992486389560777,-3.1993387177683945
4928,0.9856,63.26913760688237,27.751583547541113,-3.2295730716989963,-3.229663150511313
4929,0.9858,63.2365360939649,27.71137938468465,-3.2599385141679007,-3.2600285929802175
4930,0.986,63.2050051190496,27.670144776294016,-3.290343115980841,-3.2904331947931578
4931,0.9862,63.15847734420229,27.634401544632478,-3.320785024846986,-3.320875103659303
4932,0.9864,63.12264680415203,27.591989048282183,-3.3512623866575226,-3.3513524654698394
4933,0.9866,63.08991824168507,27.55736699904851,-3.3817733455754384,-3.3818634243877552
4934,0.9868,63.057177691732996,27.524280582467448,-3.412316044126401,-3.4124061229387177
4935,0.987,63.02522748185816,27.475837617052225,-3.442888623289095,-3.4429787021014118
4936,0.9872,62.97925632038503,27.430404641823,-3.4734892225858642,-3.473579301398181
4937,0.9874,62.94441363185586,27.39528246701682,-3.504115980173393,-3.50420605898571
4938,0.9876,62.89762947895422,27.361952308978292,-3.534767032933446,-3.534857111745763
4939,0.9878,62.84751107291399,27.329038020905113,-3.5654405165636764,-3.5655305953759933
4940,0.988,62.796650342744975,27.29519759725222,-3.5961345656684873,-3.596224644480804
4941,0.9882,62.76064539785572,27.259986841407756,-3.6268473138499506,-3.6269373926622674
4942,0.9884,62.72812336048658,27.225184148067378,-3.6575768937987707,-3.6576669726110875
4943,0.9886,62.68162268351243,27.175767459968146,-3.688321437385296,-3.688411516197613
4944,0.9888,62.63170623702136,27.11806946481705,-3.719079075750608,-3.7191691545629246
4945,0.989,62.58105130778313,27.07343746231236,-3.749847939397409,-3.749938018209726
4946,0.9892,62.53029039116557,27.01216580643193,-3.780626158281572,-3.780716237093889
4947,0.9894,62.493592429498925,26.94025204000963,-3.8114118619026964,-3.8115019407150132
4948,0.9896,62.445873848108484,26.869206007520724,-3.842203179395858,-3.842293258208175
4949,0.9898,62.41066551864087,26.818558227300517,-3.872998239622405,-3.873088318434722
4950,0.99,62.37864519090286,26.773118475536602,-3.903795171261191,-3.903885250073508
4951,0.9902,62.34743676002185,26.729528225055756,-3.9345921028999773,-3.934682181712294
4952,0.9904,62.30129543042199,26.685620739808655,-3.9653871631264854,-3.9654772419388022
4953,0.9906,62.26652156112266,26.650722725213583,-3.996178480619647,-3.996268559431964
4954,0.9908,62.23461013178943,26.616129110012462,-4.026964184240811,-4.027054263053127
4955,0.991,62.202550303609456,26.58157320838445,-4.0577424031249345,-4.057832481937251
4956,0.9912,62.17109938249243,26.547383410090468,-4.088511266771775,-4.088601345584092
4957,0.9914,62.12565497851766,26.505581561729876,-4.119268905137047,-4.119358983949364
4958,0.9916,62.07619969002712,26.46239828699808,-4.1500134487235725,-4.150103527535889
4959,0.9918,62.040750711211466,26.419661405112354,-4.180743028672393,-4.18083310748471
4960,0.992,62.00880447220126,26.377129047114362,-4.211455776853856,-4.211545855666173
4961,0.9922,61.97662824105426,26.334994539766033,-4.242149825958667,-4.242239904770984
4962,0.9924,61.93013752919001,26.30086441373271,-4.2728233095888974,-4.272913388401214
4963,0.9926,61.895355887634835,26.2671323697207,-4.3034743623489895,-4.303564441161306
4964,0.9928,61.86265563689588,26.23351867595781,-4.334101119936479,-4.334191198748796
4965,0.993,61.81605150684967,26.200164319444934,-4.364701719233288,-4.364791798045605
4966,0.9932,61.78125671210797,26.167099642638888,-4.395274298395942,-4.395364377208259
4967,0.9934,61.749502399065825,26.13422656963428,-4.425816996946944,-4.425907075759261
4968,0.9936,61.718548573565585,26.101504902531058,-4.45632795586486,-4.456418034677177
4969,0.9938,61.68782487886901,26.0689504418642,-4.4868053176753575,-4.486895396487674
4970,0.994,61.657186774077125,26.036436128244542,-4.517247226541541,-4.517337305353858
4971,0.9942,61.626598336791844,26.003998237888478,-4.547651828354443,-4.54774190716676
4972,0.9944,61.59605124593832,25.96557175377837,-4.578017270823386,-4.578107349635703
4973,0.9946,61.56554502044888,25.931427625778348,-4.608341703566266,-4.608431782378583
4974,0.9948,61.53508174329811,25.883480871731493,-4.638623278199734,-4.638713357012051
4975,0.995,61.50466338531353,25.848269472781038,-4.668860148429286,-4.668950227241603
4976,0.9952,61.474291891380325,25.815100106202507,-4.699050470139247,-4.699140548951564
4977,0.9954,61.4432023321845,25.766784422324655,-4.72919240148265,-4.729282480294967
4978,0.9956,61.41188758520846,25.73028437060713,-4.759284102971009,-4.7593741817833255
4979,0.9958,61.38141673929403,25.69648481161215,-4.789323737564004,-4.789413816376321
4980,0.996,61.35031230873958,25.6483751927934,-4.819309470758834,-4.819399549571151
4981,0.9962,61.31996974471912,25.612969856433715,-4.8492394706800415,-4.849329549492358
4982,0.9964,61.289863847273345,25.58051038216763,-4.879111908168223,-4.87920198698054
4983,0.9966,61.259862760148245,25.548861654622108,-4.908924956869795,-4.909015035682112
4984,0.9968,61.22914987753246,25.517538908312048,-4.938676793325431,-4.938766872137748
4985,0.997,61.199113003817345,25.486519827298427,-4.968365597059356,-4.968455675871673
4986,0.9972,61.16926328144306,25.455537941207584,-4.997989550667883,-4.9980796294802
4987,0.9974,61.13857295982904,25.424563953296317,-5.027546839908027,-5.027636918720344
4988,0.9976,61.10748996390171,25.393707996402807,-5.057035653785933,-5.05712573259825
4989,0.9978,61.076278046935194,25.362947729411655,-5.086454184645136,-5.086544263457453
4990,0.998,61.031057022433664,25.332063200401297,-5.115800628254668,-5.115890707066985
4991,0.9982,60.9825114703875,25.300946914698866,-5.14507318389699,-5.145163262709307
4992,0.9984,60.94815012117607,25.269798415229697,-5.174270054455761,-5.1743601332680775
4993,0.9986,60.917311525221734,25.238749179192475,-5.203389446503422,-5.203479525315739
4994,0.9988,60.87238425742242,25.20785177101866,-5.232429570388607,-5.232519649200924
4995,0.999,60.83901378113112,25.177093429670077,-5.261388640323409,-5.2614787191357255
4996,0.9992,60.79358670666543,25.14649569663053,-5.290264874470221,-5.290354953282538
4997,0.9994,60.760418512331306,25.116243338138244,-5.319056495029004,-5.319146573841321
4998,0.9996,60.73037992035032,25.07010225682396,-5.347761728323398,-5.347851807135715
4999,0.9998,60.70038193673403,25.03559957316884,-5.376378804887554,-5.376468883699871
5000,1.0,60.671311677855854,25.003828189177337,-5.404905959552364,-5.404996038364681
