timestep [],time [Myr],adm_col_slope [m],adm_col_margin [m],adm_col_proximal [m],adm_col_midplat [m]
0,0.0,0.0,0.0,0.0,0.0
1,0.0002,1.3456805619056065e-16,0.0,0.0,0.04474830452065378
2,0.0004,0.000605568213411968,0.0,0.061069922899289815,0.049350918411385655
3,0.0006,0.001743631832772281,0.0,0.07902808001192893,0.06867711963178161
4,0.0008,0.003381983042762795,0.015048659027823458,0.08535882331513239,0.0888733030095796
5,0.001,0.01960884519533801,0.015136809637452044,0.09493673805119295,0.10849887493115469
6,0.0012,0.021894603562845463,0.029403803781457186,0.16324802680912548,0.127642167956494
7,0.0014,0.027984266234097464,0.03253148206704757,0.24427968334902467,0.1464228303991007
8,0.0016,0.034807176865029384,0.048197985074086035,0.2654318385225378,0.16489403973782202
9,0.0018,0.037639964925927014,0.05206410033356434,0.3267505448423382,0.18394549079652509
10,0.002,0.04368823102580649,0.05299264416426216,0.3415740870182798,0.18856178907922905
11,0.0022,0.0504549978690813,0.053192290424697544,0.34612942509252853,0.2043618959117358
12,0.0024,0.05734411507120818,0.05411611296499861,0.3487889757485157,0.20811385344103667
13,0.0026,0.06421577544094086,0.055470075612560656,0.4182203899959198,0.22362473525940976
14,0.0028,0.07097846453262827,0.05620766921947161,0.4392924738491333,0.22721781253675344
15,0.003,0.07311935566818423,0.057486240539049216,0.4511728198215541,0.22753319898089922
16,0.0032,0.07405783509505949,0.07346781462837537,0.46161419557027517,0.22753319898089922
17,0.0034,0.07467628497079656,0.07778800271065299,0.530287777191625,0.22753319898089922
18,0.0036,0.07520220712287357,0.07912889767538304,0.553435633587147,0.22753319898089922
19,0.0038,0.07569354018420696,0.07975503141811613,0.574604635177108,0.23248014706882494
20,0.004,0.07616525611134745,0.08026702368112912,0.5948064082468545,0.24012575486621998
21,0.0042,0.07663531734514266,0.0808275598828258,0.6015078239838623,0.24911045731802173
22,0.0044,0.07714667609103046,0.08133305819180771,0.6164226886866102,0.2588955084300868
23,0.0046,0.0777631930855144,0.08180434041033297,0.6286648787758037,0.2630456079155175
24,0.0048,0.07845643895894182,0.08226036927017033,0.6317249919989059,0.26460825148754963
25,0.005,0.0936903365799507,0.08286289090015975,0.6441521190531952,0.26531366302619874
26,0.0052,0.11228321594473196,0.08359448921921045,0.6483349521405884,0.2657661096245159
27,0.0054,0.1171854241031457,0.08444360833410626,0.6567263375501313,0.26614541445244627
28,0.0056,0.11880384995630283,0.08538680142835918,0.6587747115786788,0.2665003201352266
29,0.0058,0.11962910163250016,0.08616667137264046,0.6637933881760659,0.26684407000684546
30,0.006,0.12025451248099983,0.08712864258435402,0.6762082764555837,0.26718036517321303
31,0.0062,0.12132335423269319,0.08796953212042642,0.6799876123853557,0.26750996482850226
32,0.0064,0.12629564133068952,0.08877201770988907,0.6812692566252366,0.268037188811005
33,0.0066,0.1321294941458248,0.08959726229612947,0.6877533055854115,0.26873732300631137
34,0.0068,0.13397583676869199,0.09044037798309931,0.6946515702202415,0.27027052491239106
35,0.007,0.13478981815208615,0.09127242331220191,0.701153349867967,0.2726920967809829
36,0.0072,0.14972071811084892,0.09209140033340862,0.707201379298713,0.2759807292344081
37,0.0074,0.16877062756275085,0.10736669275036285,0.7083855213947459,0.28009807424501304
38,0.0076,0.18891284076816717,0.11153953733227583,0.7160100865160561,0.28291910817218757
39,0.0078,0.20924524385252696,0.12736303684496972,0.7184471140235442,0.2849092730944132
40,0.008,0.22950599127796778,0.1459387132469157,0.7193365048525169,0.28655253293430033
41,0.0082,0.24882454206336888,0.15072199124983665,0.7199329584196513,0.3021535424492794
42,0.0084,0.2679732096822615,0.15218849492009195,0.7268372939592762,0.32091584356677894
43,0.0086,0.28697781218916996,0.1680873025193829,0.7291336965034708,0.32625924777167653
44,0.0088,0.30536570875506025,0.18754411518027783,0.7362196252346076,0.3425447949221178
45,0.009,0.323429565606802,0.19280525294737308,0.7387369369833616,0.3614451568520589
46,0.0092,0.32740857220793285,0.19544990189951833,0.7398488497396168,0.36780073148039527
47,0.0094,0.3281048350990296,0.19772599044972936,0.7920711417245132,0.3855050190377837
48,0.0096,0.34271335465313923,0.19913555154439583,0.8536068939824956,0.39067961618967656
49,0.0098,0.3460276925411418,0.2001744200867391,0.9135362846516951,0.3926616278628383
50,0.01,0.34728474216434185,0.20091784562404194,0.969405706439032,0.3938287347303461
51,0.0102,0.362193185632701,0.20153044436748402,1.0241307789775504,0.39478669723242554
52,0.0104,0.3655960498688607,0.20209481562574358,1.0783410727971126,0.39568957557020484
53,0.0106,0.38011764699409306,0.20265803859074313,1.1306329727909055,0.41085639408150193
54,0.0108,0.3832317991018525,0.20416614673808633,1.153886629684501,0.43023496716547904
55,0.011,0.3977032085046666,0.22033889531970902,1.153886629684501,0.4505158502030356
56,0.0112,0.4008083551784212,0.24004406246218002,1.153886629684501,0.4723283770229794
57,0.0114,0.40488995367668906,0.24528438774434277,1.153886629684501,0.49331039385936315
58,0.0116,0.4092453816685401,0.26103406812261226,1.153886629684501,0.5000986325481035
59,0.0118,0.41011344834683744,0.2798071817808898,1.153886629684501,0.5432629539999186
60,0.012,0.41096118049092123,0.2995267798322235,1.153886629684501,0.5932410952955981
61,0.0122,0.42607109952935185,0.30449349632218836,1.153886629684501,0.6037181095348024
62,0.0124,0.44447863259908577,0.3196726380875017,1.153886629684501,0.6448359798834394
63,0.0126,0.4627663761437354,0.33826406408179743,1.153886629684501,0.6539015216355618
64,0.0128,0.4806286529269685,0.34288282775519935,1.153886629684501,0.6701508734096864
65,0.013,0.49821510611994413,0.3440802835883825,1.153886629684501,0.6734854330800739
66,0.0132,0.5163826207840189,0.3444395360341901,1.153886629684501,0.687739634233288
67,0.0134,0.5349262385870072,0.3445946036905325,1.153886629684501,0.6906409869446597
68,0.0136,0.5536066524555145,0.34470108478606115,1.153886629684501,0.6910717525487404
69,0.0138,0.5722900629668262,0.3447970038051332,1.153886629684501,0.705848206339463
70,0.014,0.5764455968983109,0.34490701224526943,1.153886629684501,0.7092237749927566
71,0.0142,0.5805497878112924,0.34503613303206687,1.153886629684501,0.7493614030634815
72,0.0144,0.584463065599851,0.35924392955020035,1.153886629684501,0.7643590224278222
73,0.0146,0.5880059049644657,0.37752642493823224,1.153886629684501,0.8152242108221638
74,0.0148,0.5884795760560159,0.3958624357947966,1.153886629684501,0.828759989380383
75,0.015,0.6019359193689019,0.3999914151043647,1.153886629684501,0.8324734001437699
76,0.0152,0.6182167757328733,0.4156091005537548,1.153886629684501,0.8336232315812606
77,0.0154,0.6357982924683535,0.41923617402375984,1.153886629684501,0.8399180898064137
78,0.0156,0.6538152526399575,0.419681960007184,1.153886629684501,0.8433078690382504
79,0.0158,0.67192081552518,0.419681960007184,1.153886629684501,0.8451619252798969
80,0.016,0.6899144555219817,0.419681960007184,1.153886629684501,0.8464282092795866
81,0.0162,0.7068271614899853,0.434207964052557,1.153886629684501,0.8619918594297422
82,0.0164,0.7068271614899853,0.43766196628033915,1.153886629684501,0.8866584043480944
83,0.0166,0.7068271614899853,0.43858385090357155,1.153886629684501,0.9009904068385572
84,0.0168,0.7068271614899853,0.45365182304334506,1.153886629684501,0.9070555046149047
85,0.017,0.7068271614899853,0.4573285339555896,1.153886629684501,0.9163981157716529
86,0.0172,0.7068271614899853,0.4580887668960461,1.153886629684501,0.9287477310003951
87,0.0174,0.7068271614899853,0.4580887668960461,1.153886629684501,0.9356178346026564
88,0.0176,0.7068271614899853,0.4580887668960461,1.153886629684501,0.9395427307254445
89,0.0178,0.7068271614899853,0.4580887668960461,1.153886629684501,0.9423371655010233
90,0.018,0.7068271614899853,0.4580887668960461,1.1663700471509477,0.9447347796948288
91,0.0182,0.7091921428859741,0.47278003319169337,1.1821573696676535,0.9469847713832371
92,0.0184,0.7123692486234035,0.49102856850619686,1.1980981095289074,0.9491650673281395
93,0.0186,0.7126981732776015,0.510078288340935,1.2151841544457276,0.9512991404405138
94,0.0188,0.7144707317453541,0.5294463488842478,1.2317289473381767,0.9533941766850857
95,0.019,0.7144707317453541,0.534987368101688,1.2317289473381767,0.9554533698549585
96,0.0192,0.7144707317453541,0.5355623319431377,1.2317289473381767,0.9574785469468916
97,0.0194,0.7144707317453541,0.5355623319431377,1.2317289473381767,0.9595623113743007
98,0.0196,0.7144707317453541,0.5355623319431377,1.2317289473381767,0.9627357346473003
99,0.0198,0.7145325294341229,0.5355623319431377,1.2317289473381767,0.9663847877196055
100,0.02,0.7173610531096684,0.5355623319431377,1.2317289473381767,0.9690202302156417
101,0.0202,0.7207530145922304,0.5355623319431377,1.2317289473381767,0.9711654076244756
102,0.0204,0.7242306074263634,0.5355623319431377,1.2317289473381767,0.973117794268138
103,0.0206,0.7276880050049488,0.5355623319431377,1.2317289473381767,0.9753365051805877
104,0.0208,0.730666405981302,0.5355976694154791,1.2317289473381767,0.9777729468947355
105,0.021,0.7337594354008554,0.5356114726625604,1.2317289473381767,0.9803307145526396
106,0.0212,0.7369748797722291,0.5356114726625604,1.2323562574605056,0.982613102843961
107,0.0214,0.7402138999618558,0.5356114726625604,1.2469096374511315,0.9846894220042431
108,0.0216,0.7434338447872804,0.5356114726625604,1.26341827175551,0.9866600683542797
109,0.0218,0.7460078877333777,0.5356114726625604,1.281028360282542,0.988575430256572
110,0.022,0.7460078877333777,0.5356282970060414,1.2846446994302616,0.990454835954832
111,0.0222,0.7460078877333777,0.5357063944790522,1.2849735202876778,0.9923049005631179
112,0.0224,0.7465349960391935,0.5358608935982618,1.2856517718667873,0.9942102289937296
113,0.0226,0.7500395099310248,0.5361108487790334,1.2999560552073415,1.0110251249608422
114,0.0228,0.7542442513589267,0.5364543398819228,1.3171208180939444,1.0325959905395725
115,0.023,0.758639358739478,0.5512289778600944,1.3346931255943724,1.040874409176843
116,0.0232,0.7631094071204179,0.5693278211474196,1.3521959466838602,1.060623913889658
117,0.0234,0.7676475764029682,0.5879804196079499,1.3695691654167501,1.0673734313944832
118,0.0236,0.7722535019531019,0.6074332407619216,1.386787530134662,1.0706309158109761
119,0.0238,0.7760038948802523,0.6121815184985145,1.4039234215956409,1.0740639393793754
120,0.024,0.780010635521411,0.6132948288816753,1.4209780497011002,1.092383394080399
121,0.0242,0.7844761466887634,0.6136500444794745,1.4373959429420635,1.0986275286688727
122,0.0244,0.7891799232958968,0.6242035008694354,1.4533222540015303,1.1081748392654616
123,0.0246,0.7915109715218948,0.6373152341575801,1.455176159910308,1.120511085779246
124,0.0248,0.8068442507716699,0.6509806896545571,1.468085830900159,1.1734767962891945
125,0.025,0.8251303574778797,0.6544117563198929,1.4836476917010042,1.190201093131636
126,0.0252,0.8440820984046664,0.670285782621573,1.4997988684416024,1.1968302551828471
127,0.0254,0.8485593749149959,0.688326935933115,1.515961613995282,1.246082282221023
128,0.0256,0.8524079421719255,0.692693258339156,1.5199435678893214,1.306008704151617
129,0.0258,0.8560757347579425,0.703914038241095,1.5344473452466338,1.3233791219276527
130,0.026,0.8563994548537903,0.7066920063852566,1.5372287228551207,1.329503351252884
131,0.0262,0.8563994548537903,0.7073585934500219,1.5384389103271936,1.3778420441925967
132,0.0264,0.8563994548537903,0.7164425074955342,1.539564570558484,1.3922726295372292
133,0.0266,0.8563994548537903,0.7283677675367907,1.553756383845837,1.3974417558206609
134,0.0268,0.8563994548537903,0.7311627599526347,1.5578283681291938,1.4001141508358521
135,0.027,0.8563994548537903,0.7416429329094892,1.558534233313388,1.4021021321071665
136,0.0272,0.8597544955574704,0.7540217714714713,1.572602851583731,1.4099559656878218
137,0.0274,0.8630563647580348,0.7569439318594152,1.575502091194897,1.414493954002155
138,0.0276,0.8662034564173248,0.757615710084222,1.5756766155767774,1.4617994312031213
139,0.0278,0.869546774789868,0.7675108943195529,1.5756766155767774,1.4758281281928558
140,0.028,0.8730517623665827,0.7796956671624891,1.5756766155767774,1.518829790838491
141,0.0282,0.8737282375432204,0.7825516876785025,1.5756766155767774,1.5726175398386197
142,0.0284,0.8766011751775966,0.7980625854474844,1.5756766155767774,1.5867062973400656
143,0.0286,0.8795024062623212,0.8165936575654881,1.5756766155767774,1.5911939106103743
144,0.0288,0.879891050075694,0.8219180552975535,1.5884773685003664,1.5937854456565201
145,0.029,0.8802101634657609,0.8326698790761867,1.5922146224318414,1.5964302368551495
146,0.0292,0.8804981608873944,0.8360165703380484,1.5943076914403358,1.6410684175055452
147,0.0294,0.8804981608873944,0.8508902293293136,1.609497483271355,1.6956200372499706
148,0.0296,0.8827496802201995,0.8683345284381567,1.627561539898591,1.7512938346224507
149,0.0298,0.8830392062526528,0.8862696828101011,1.6462029218862373,1.8058454894837423
150,0.03,0.8833273065175249,0.8913986046713093,1.65041764629778,1.8195137095789693
151,0.0302,0.8833273065175249,0.8938357925992781,1.6971093973458393,1.8550569046653778
152,0.0304,0.8858736611676685,0.9030080385642201,1.7051133992658971,1.8624897306671577
153,0.0306,0.8868736364143059,0.9133142646482334,1.7188830614201354,1.8709648413565991
154,0.0308,0.8868736364143059,0.9153766460885703,1.7353545075574595,1.9073994898505449
155,0.031,0.8868736364143059,0.9250448327212099,1.7527393138572456,1.954571263508793
156,0.0312,0.8868736364143059,0.9271490714959764,1.770479533225936,1.966187303960065
157,0.0314,0.8868736364143059,0.9274184354022033,1.7739530928384166,1.984291619377427
158,0.0316,0.8868736364143059,0.9355513540282989,1.8303972539200764,2.004072620700055
159,0.0318,0.8868736364143059,0.9370559012649277,1.8998060513994133,2.0241696389599193
160,0.032,0.8868736364143059,0.9384035771363984,1.9717541073844822,2.046470926778329
161,0.0322,0.8868736364143059,0.9482416896815954,2.0443918541673898,2.053251525312874
162,0.0324,0.8868736364143059,0.9599140219437168,2.11590430149961,2.0711692242218445
163,0.0326,0.8868736364143059,0.9626993100696644,2.1315172542685348,2.0769718821433303
164,0.0328,0.8868736364143059,0.9632648984680238,2.14326150494713,2.094741517591402
165,0.033,0.8868736364143059,0.9726354484152887,2.147842821403621,2.11401635636301
166,0.0332,0.8868736364143059,0.9747920886453568,2.2091085135830535,2.133556026004034
167,0.0334,0.8868736364143059,0.9763545059227279,2.224194814280799,2.153017019142564
168,0.0336,0.8868736364143059,0.9861020447057098,2.227898761808571,2.15825610118069
169,0.0338,0.8868736364143059,0.9978753970355299,2.229079954180125,2.1738561243699466
170,0.034,0.8868736364143059,1.0010382883598599,2.2443628153250277,2.178048761881966
171,0.0342,0.8868736364143059,1.0114147128564386,2.263238199634691,2.179618488028078
172,0.0344,0.8868736364143059,1.0234906095973908,2.2831499504283213,2.1953375021898727
173,0.0346,0.8868736364143059,1.0266743910474183,2.3034294811699283,2.21485311665858
174,0.0348,0.8868736364143059,1.0424199735042579,2.323906203057007,2.2352897897862802
175,0.035,0.8868736364143059,1.0614264410577876,2.329486083505411,2.2408687068876825
176,0.0352,0.8868736364143059,1.06719610486421,2.3461385465639837,2.2577824478673674
177,0.0354,0.8868736364143059,1.0771391109611206,2.3662210566148065,2.277401911896907
178,0.0356,0.8868736364143059,1.0888159115270553,2.3880196762755665,2.282668703465039
179,0.0358,0.8868736364143059,1.1009960568794586,2.396247728216363,2.284335805822014
180,0.036,0.8868736364143059,1.1039316124781793,2.4651138320545023,2.2850973010546376
181,0.0362,0.8868736364143059,1.1057362908138741,2.548460844153062,2.2856286446485385
182,0.0364,0.8868736364143059,1.1157088799149615,2.570788351654988,2.2860994424008596
183,0.0366,0.8868736364143059,1.118210457241389,2.5926004084237215,2.2865525726085254
184,0.0368,0.8868736364143059,1.1201567598011997,2.599257982017449,2.2869991169094477
185,0.037,0.8868736364143059,1.1221559465225828,2.601851104550375,2.287442180779779
186,0.0372,0.8868736364143059,1.1242213131163277,2.6100959134587547,2.28791194322041
187,0.0374,0.8868736364143059,1.139318076386017,2.6787915373575295,2.303123213762683
188,0.0376,0.8868736364143059,1.1443672981157076,2.697731865193904,2.322251102596069
189,0.0378,0.8868736364143059,1.147391744337731,2.7177316281916526,2.327379387662221
190,0.038,0.8868736364143059,1.1500849173019236,2.7236219612852164,2.3440921844050493
191,0.0382,0.8868736364143059,1.1525985155224607,2.74558452616311,2.3486306951596765
192,0.0384,0.8868736364143059,1.1631845901938824,2.7586708309109924,2.350101737655122
193,0.0386,0.8868736364143059,1.1754988318136594,2.8243070535371504,2.364566547011302
194,0.0388,0.8868736364143059,1.1788018689291162,2.898601609342613,2.382880084631788
195,0.039,0.8868736364143059,1.188928506180039,2.9657165040293965,2.3875498348492963
196,0.0392,0.8868736364143059,1.2008242824344004,2.9790466109526914,2.402693794181907
197,0.0394,0.8868736364143059,1.2039097775199057,2.9953516081444342,2.4203478465758512
198,0.0396,0.8868736364143059,1.2047893894656678,3.012551280803936,2.439426558685508
199,0.0398,0.8868736364143059,1.2131934112642957,3.030289810061597,2.444065831200533
200,0.04,0.8868736364143059,1.2152466966844946,3.034209486190516,2.445179542262878
201,0.0402,0.8868736364143059,1.2160466463581565,3.0840462737874246,2.445431557681744
202,0.0404,0.8868736364143059,1.216626376071348,3.141292406040507,2.447198070196167
203,0.0406,0.8868736364143059,1.226284890550149,3.152284486002046,2.4879375082929185
204,0.0408,0.8868736364143059,1.2301481242879764,3.1679386023613882,2.5379947082930894
205,0.041,0.8868736364143059,1.239506950771931,3.1697471942444158,2.555141304245891
206,0.0412,0.8868736364143059,1.2510520295181076,3.1697471942444158,2.560062138778415
207,0.0414,0.8868736364143059,1.2540631292063051,3.1697471942444158,2.561356223924121
208,0.0416,0.8868736364143059,1.2640411685205237,3.183841836709257,2.561683950413036
209,0.0418,0.8868736364143059,1.2756232834901138,3.1868991904982056,2.561787644778593
210,0.042,0.8868736364143059,1.2876364304837502,3.195498976435645,2.5618162427818074
211,0.0422,0.8868736364143059,1.2906033288746241,3.2563780160144544,2.56400841604502
212,0.0424,0.8868736364143059,1.2926219498633535,3.319922472836642,2.567628140372307
213,0.0426,0.8868736364143059,1.293459930829869,3.3886871159209573,2.572156977286813
214,0.0428,0.8868736364143059,1.3016094056371645,3.4036178714013743,2.577353939104474
215,0.043,0.8868736364143059,1.3034257767759925,3.462938790280899,2.5831283805637466
216,0.0432,0.8868736364143059,1.3038687550277892,3.525904055039573,2.5894725698089442
217,0.0434,0.8868736364143059,1.3040253638575383,3.543184438915401,2.6293728092192934
218,0.0436,0.8868736364143059,1.311910857739513,3.5470827738112733,2.6432897057058446
219,0.0438,0.8868736364143059,1.3215193153866902,3.55119290269314,2.6851006331762766
220,0.044,0.8868736364143059,1.3236456485763548,3.598531056298403,2.736768832403919
221,0.0442,0.8868736364143059,1.3255055488972416,3.6513745819404595,2.753873771156598
222,0.0444,0.8868736364143059,1.3342563815642277,3.70328025209948,2.763140366948607
223,0.0446,0.8868736364143059,1.345516231966543,3.7572605127145717,2.771061643759418
224,0.0448,0.8868736364143059,1.3484233364228215,3.811483776380866,2.774849808775084
225,0.045,0.8868736364143059,1.3505223091132892,3.869316699995141,2.776785840412575
226,0.0452,0.8868736364143059,1.3607582436139987,3.879432151876842,2.81087186438285
227,0.0454,0.8868736364143059,1.3648740628124503,3.9303859293058516,2.850902775206842
228,0.0456,0.8868736364143059,1.3756492885105451,3.944747468870442,2.891285020168031
229,0.0458,0.8868736364143059,1.3786690348890287,3.9475083394777006,2.930131720432674
230,0.046,0.8868736364143059,1.3809957756151576,3.951068562754518,2.966998451719167
231,0.0462,0.8868736364143059,1.3963689733291853,3.9563979456006133,3.001914771263844
232,0.0464,0.8868736364143059,1.4157154686592335,3.958630526538602,3.0350369494956375
233,0.0466,0.8868736364143059,1.4348587013702963,3.963987501808169,3.071153366622506
234,0.0468,0.8868736364143059,1.4548347645141728,3.971300510983867,3.1084935861804235
235,0.047,0.8868736364143059,1.4751229057589463,3.979793136498107,3.1141738931262175
236,0.0472,0.8868736364143059,1.4953841104648298,3.981746415293225,3.1141738931262175
237,0.0474,0.8868736364143059,1.5142630216190491,3.981746415293225,3.1203446741216716
238,0.0476,0.8868736364143059,1.533572513609327,3.981746415293225,3.15650410023462
239,0.0478,0.8868736364143059,1.5530773855558275,3.981746415293225,3.15650410023462
240,0.048,0.8868736364143059,1.5725008424065978,3.981746415293225,3.15650410023462
241,0.0482,0.8868736364143059,1.5917539063916089,3.9952084851257226,3.15650410023462
242,0.0484,0.8868736364143059,1.6108465447912985,4.011706695307786,3.15650410023462
243,0.0486,0.8868736364143059,1.6153256682586126,4.0281774937833,3.15650410023462
244,0.0488,0.8868736364143059,1.616262797703857,4.045599174181885,3.15650410023462
245,0.049,0.8868736364143059,1.616371484512351,4.049665536108762,3.15650410023462
246,0.0492,0.8868736364143059,1.6172565596643182,4.051469072429197,3.15650410023462
247,0.0494,0.8868736364143059,1.6177024719504207,4.052006370349999,3.15650410023462
248,0.0496,0.8868736364143059,1.6179570434346116,4.065534548118013,3.15650410023462
249,0.0498,0.8868736364143059,1.6182254030379586,4.081241677310984,3.15650410023462
250,0.05,0.8868736364143059,1.6185890086566261,4.098220386087532,3.15650410023462
251,0.0502,0.8868736364143059,1.6269636755981713,4.101829274712682,3.15650410023462
252,0.0504,0.8868736364143059,1.6371125355677907,4.116029562280798,3.15650410023462
253,0.0506,0.8868736364143059,1.647650389504022,4.118980496230578,3.15650410023462
254,0.0508,0.8868736364143059,1.6594435024558996,4.119364124699767,3.15650410023462
255,0.051,0.8868736364143059,1.671838287318266,4.133411892589904,3.1565396479076377
256,0.0512,0.8868736364143059,1.6845076250766375,4.136410602167821,3.156682103135112
257,0.0514,0.8868736364143059,1.697342387480197,4.1501662978504505,3.1569478847059336
258,0.0516,0.8868736364143059,1.7010820080931877,4.167126716450801,3.157310660243162
259,0.0518,0.8868736364143059,1.7119797422094483,4.170715284856872,3.157768187200842
260,0.052,0.8868736364143059,1.715397286997967,4.171125901286103,3.1583411877702705
261,0.0522,0.8868736364143059,1.732432318666113,4.184237378987879,3.15960081833199
262,0.0524,0.8868736364143059,1.7529154357324346,4.2009663583734,3.1991006159835655
263,0.0526,0.8868736364143059,1.7731089647129,4.204691573356117,3.2478047423771836
264,0.0528,0.8868736364143059,1.7936957427196742,4.212331699921873,3.2603551070970505
265,0.053,0.8868736364143059,1.8141095343572566,4.22334727387196,3.265321854349738
266,0.0532,0.8868736364143059,1.8346002815397515,4.279058736802368,3.2685032914339454
267,0.0534,0.8868736364143059,1.8549615311334637,4.340261644441722,3.2713162614974234
268,0.0536,0.8868736364143059,1.875263058740318,4.399743601241486,3.3070949320594862
269,0.0538,0.8868736364143059,1.8807511274857935,4.4569073593845525,3.3484371463381537
270,0.054,0.8868736364143059,1.8975514823622341,4.511605861936231,3.390074193917015
271,0.0542,0.8870007772394105,1.9023468586586962,4.563448335915111,3.43020693070195
272,0.0544,0.8872818362712918,1.9131544737962518,4.612505970872014,3.4689550893889716
273,0.0546,0.8875439816064582,1.925631584325667,4.664552584741669,3.5064511466601793
274,0.0548,0.8875439816064582,1.9384591290483424,4.702891310453962,3.55028750415249
275,0.055,0.8875439816064582,1.9506518543416518,4.739168083869164,3.5967266235402535
276,0.0552,0.8875439816064582,1.9538416012829762,4.742114348048842,3.643997022339617
277,0.0554,0.8875439816064582,1.9549467033703902,4.7496790455424,3.6545454695585784
278,0.0556,0.8875439816064582,1.955584233195046,4.7496790455424,3.669586609402238
279,0.0558,0.8875439816064582,1.9704687867001283,4.7496790455424,3.6867801524475983
280,0.056,0.8875439816064582,1.9744134040791907,4.791176144442223,3.7043749310450567
281,0.0562,0.8875439816064582,1.975793707430665,4.849721144689244,3.725000301101358
282,0.0564,0.8875439816064582,1.985017763142947,4.869435433747265,3.7466830000910707
283,0.0566,0.8875439816064582,1.9958061827090463,4.883350872235341,3.7687104575985666
284,0.0568,0.8875439816064582,2.0070203271488016,4.937827654266864,3.7884583837154135
285,0.057,0.8900078630920464,2.0181333120560048,4.948018986172187,3.8101997486336767
286,0.0572,0.8927918161729608,2.028637161106207,4.9613955461648525,3.8188861058202397
287,0.0574,0.8959039474328463,2.0387119708689605,4.965113691502817,3.8639276612003726
288,0.0576,0.8966693207756233,2.0487332152462416,4.965113691502817,3.8755022919469493
289,0.0578,0.8990234411834104,2.050117782758176,4.965113691502817,3.8785319562700553
290,0.058,0.899516674977945,2.050117782758176,4.966348718576498,3.8876396648682165
291,0.0582,0.8996397005997319,2.0581016076250993,4.9668949015312185,3.9325245597790643
292,0.0584,0.8997043704224681,2.067818155176401,4.968656986481535,3.9750694682258616
293,0.0586,0.9000513891166595,2.077907964151492,4.968656986481535,4.022728874866616
294,0.0588,0.9002526750906196,2.079444163104837,4.970418794388448,4.041707262584188
295,0.059,0.9006618858708122,2.079444163104837,4.970418794388448,4.086356928694838
296,0.0592,0.9012261615737481,2.079444163104837,4.970418794388448,4.135128146667438
297,0.0594,0.9037168298428451,2.079444163104837,4.970418794388448,4.184137766719485
298,0.0596,0.9068726862340177,2.087847276655636,4.971322554836654,4.232645389315235
299,0.0598,0.9102198955862121,2.0980464710457047,4.973951584847409,4.241784982523618
300,0.06,0.9111059060332385,2.0998406597320987,4.975635573199261,4.242499793698602
301,0.0602,0.91170994588595,2.1001266489204755,4.978137795019714,4.274095599621154
302,0.0604,0.9119695962699605,2.108225465811323,4.979874670560645,4.311435738234748
303,0.0606,0.9120891773814067,2.118242478852012,4.981458417505476,4.349838024349054
304,0.0608,0.9146905091659374,2.1286741153942503,4.984167423365919,4.3965068331499095
305,0.061,0.9153603107027208,2.1390900274137072,4.986061723622533,4.405663406275193
306,0.0612,0.918127084243103,2.1493898624878987,4.987117748409172,4.428131319064849
307,0.0614,0.9214007273603574,2.157564436581075,4.989928511325483,4.446319307217223
308,0.0616,0.9222231917701982,2.157564436581075,4.993370373449126,4.449385888000504
309,0.0618,0.922432196090966,2.157564436581075,4.993830252677703,4.482420671885478
310,0.062,0.9224887060037182,2.157564436581075,4.997463589240241,4.527451425089681
311,0.0622,0.9228371743493307,2.157564436581075,4.998721947089602,4.577211995184052
312,0.0624,0.9255521013669373,2.171417025976648,5.000669913103914,4.628417686579908
313,0.0626,0.9262355443605699,2.188397394133762,5.002618372327232,4.639079918895519
314,0.0628,0.9264506090767846,2.2062352391589766,5.006894999366393,4.671737551603526
315,0.063,0.9288036740909436,2.2097449925910646,5.0115281756539085,4.686375521969211
316,0.0632,0.9319561165833866,2.210219120070933,5.013911990615086,4.692535830088633
317,0.0634,0.932783204247294,2.2106226207145583,5.015695734295676,4.702357008198937
318,0.0636,0.9352880702282335,2.2106226207145583,5.017664300069578,4.747885580224088
319,0.0638,0.9384648592388697,2.219679134103713,5.017874689098518,4.8014829909840415
320,0.064,0.939240105803823,2.2308755469755828,5.020660096242193,4.815292825638585
321,0.0642,0.9394401425272119,2.23299009999151,5.024824660094025,4.834715854041833
322,0.0644,0.9421362190935764,2.2416626045541976,5.027758595413789,4.843182556872564
323,0.0646,0.9428261161802326,2.252072319679054,5.0301169578633775,4.860458833111657
324,0.0648,0.9453204791892055,2.2537210822531173,5.034127150689103,4.8661862490684795
325,0.065,0.9459075780405986,2.2537210822531173,5.03731053142555,4.867500250189068
326,0.0652,0.9460678639473543,2.2537210822531173,5.043358428661383,4.881925351200591
327,0.0654,0.9461309436378982,2.268504341350313,5.049559336824019,4.884817027574792
328,0.0656,0.9461704317394244,2.2721048723285757,5.055415917554416,4.9286766523132135
329,0.0658,0.9462083280867789,2.287965778977041,5.061732212612955,4.98167514436166
330,0.066,0.9462506404425307,2.2925738714349886,5.067895901280921,5.036016935105566
331,0.0662,0.946293391718474,2.3089195516485206,5.07544979077959,5.0897412234993356
332,0.0664,0.9463346335397588,2.3130336749171216,5.083621695173707,5.142184347681461
333,0.0666,0.9463738279831311,2.328185266809155,5.092455639452868,5.152609285669657
334,0.0668,0.9464110000862114,2.3457364279183994,5.097395633022575,5.153914102191022
335,0.067,0.9464464016676505,2.364390902784722,5.108038761593023,5.154630290183024
336,0.0672,0.9464803435606809,2.383528560685973,5.114257611936874,5.154630290183024
337,0.0674,0.9465131515598674,2.388748963781203,5.132442961152801,5.155122546376445
338,0.0676,0.946545229502345,2.4003549496182135,5.154269962025586,5.1903886070561995
339,0.0678,0.9465769384997428,2.413398096825879,5.161189591534845,5.219227750917414
340,0.068,0.9466085745695508,2.4268114304394843,5.180030451507359,5.219227750917414
341,0.0682,0.9466403627086193,2.439650200913041,5.186107542444277,5.219227750917414
342,0.0684,0.9466781020983052,2.4534156366510227,5.1938813117164635,5.219227750917414
343,0.0686,0.9467302631978636,2.467593634741891,5.203539156075173,5.219227750917414
344,0.0688,0.9491999690443085,2.47217678103724,5.276050048144135,5.219227750917414
345,0.069,0.9522083263004608,2.474910535203451,5.296464913991841,5.219227750917414
346,0.0692,0.9553358700473779,2.4760093235307052,5.368838030605937,5.219227750917414
347,0.0694,0.9588366534274962,2.4874179142382262,5.389260912096228,5.219227750917414
348,0.0696,0.9597353441119806,2.501381145290138,5.411265916091552,5.219227750917414
349,0.0698,0.9600036131636148,2.51612224480812,5.421980020069691,5.219227750917414
350,0.07,0.9604748283057027,2.5309014670302497,5.495623517117788,5.219227750917414
351,0.0702,0.9635422291290899,2.5357671224367526,5.518036329920568,5.219227750917414
352,0.0704,0.9644415120323325,2.5527221279743317,5.526071746539554,5.219227750917414
353,0.0706,0.9672234092659413,2.5586221117671397,5.530151026232704,5.219227750917414
354,0.0708,0.9679363395172336,2.5621461745797522,5.533130134429047,5.255871846442343
355,0.071,0.9681815199628504,2.5652706536604053,5.543501575569816,5.298177384494002
356,0.0712,0.9683174483770337,2.5684225813847643,5.557626303202214,5.313977136658941
357,0.0714,0.9712666005242635,2.5715083520084567,5.573345768759855,5.355209972168608
358,0.0716,0.972487640652838,2.584794431423731,5.588821419942105,5.408617974331303
359,0.0718,0.9734211074756398,2.5886463305218563,5.604885354827327,5.419998550369762
360,0.072,0.9743578792790821,2.589993636431877,5.610928081243353,5.431153785749672
361,0.0722,0.9753222477270798,2.590729188964357,5.6264578987487806,5.43537138330209
362,0.0724,0.9763277225095023,2.607028341444838,5.633550776834235,5.447608917609775
363,0.0726,0.9769990170638654,2.627303810396572,5.641353743231722,5.503786651361955
364,0.0728,0.9775051350637396,2.6345892793927512,5.664972650807691,5.5186653924106475
365,0.073,0.9779455762275512,2.6490466270837603,5.677787847147091,5.5226260690943025
366,0.0732,0.9783578788449313,2.6650530410944904,5.70387252489484,5.57552655042947
367,0.0734,0.9787543325311784,2.681390720277075,5.719082233109163,5.5893171283718655
368,0.0736,0.9791383089884138,2.6962529762937937,5.743493456737982,5.594267587594296
369,0.0738,0.9795467182611473,2.7001035927762036,5.779153594143673,5.606192662577277
370,0.074,0.979924790822378,2.7133159193462166,5.8192780152255255,5.621565725892047
371,0.0742,0.9831848479183154,2.716804768522247,5.862191991105527,5.630050692265377
372,0.0744,0.9842645909325859,2.7178655595469414,5.8803811371177925,5.689183006100029
373,0.0746,0.9877255552172735,2.718414961067888,5.888944772302687,5.705546559007736
374,0.0748,0.988842444329811,2.71889397132629,5.909811399735255,5.710706659470742
375,0.075,0.9893628157691655,2.719451968563382,5.918282023663347,5.7665886844991014
376,0.0752,0.9897251193128832,2.719981876662235,5.925213795686429,5.834127984314452
377,0.0754,0.9900455563737075,2.736244348123309,5.943976342628085,5.902922300074768
378,0.0756,0.9903485163138751,2.756390082267476,5.9665308154370775,5.91955218791846
379,0.0758,0.990638769520311,2.7775155337120516,5.973970523105897,5.924510819328183
380,0.076,0.9909176074631709,2.7972954420158396,5.993321092537181,5.976912900579934
381,0.0762,0.9911856712114286,2.817244137713466,5.9998144984603385,6.0376524466324035
382,0.0764,0.9918309189519554,2.8223934355718536,6.005163237768665,6.085889023847569
383,0.0766,0.9926565152973028,2.8238713715579253,6.008670825439744,6.129233107449786
384,0.0768,0.9935548984112055,2.825444409754488,6.027329381506633,6.171293921774308
385,0.077,0.9944865219992977,2.826356018536504,6.034717777097944,6.212467623254897
386,0.0772,0.9954534558297529,2.827074378650473,6.059429718463636,6.253106478636029
387,0.0774,0.999094418304479,2.8396107413111435,6.073672963856898,6.265586022237476
388,0.0776,1.0002807285141404,2.854988678352194,6.086916620700551,6.265586022237476
389,0.0778,1.0008274832146329,2.860005072131309,6.115761689949168,6.265586022237476
390,0.078,1.0016042155724316,2.8769199102432976,6.146527883786084,6.265586022237476
391,0.0782,1.0025648907232059,2.8815194414871335,6.198220671051358,6.265586022237476
392,0.0784,1.003599829923375,2.882957903733284,6.211478546441007,6.265586022237476
393,0.0786,1.0042480313437425,2.8835800922316266,6.219345040350587,6.265586022237476
394,0.0788,1.0047130268282345,2.895470513517152,6.251165784314881,6.265586022237476
395,0.079,1.0051076508080172,2.9112889910078588,6.274129914912578,6.265586022237476
396,0.0792,1.0054730974378545,2.928334838441296,6.311669515883866,6.265586022237476
397,0.0794,1.0058536090541237,2.945611817726381,6.35238225295164,6.265586022237476
398,0.0796,1.0062444771979548,2.9500540736190466,6.420064294369559,6.265586022237476
399,0.0798,1.009319516342972,2.9530496333374945,6.460534834182276,6.265586022237476
400,0.08,1.0111674441099034,2.967500896567422,6.527847624567819,6.265586022237476
401,0.0802,1.012986008472832,2.9713377588791454,6.541558904932467,6.265586022237476
402,0.0804,1.0139134822109706,2.97244824920404,6.557884290485658,6.265586022237476
403,0.0806,1.0148652737953543,2.9728905937073855,6.561933272392086,6.265586022237476
404,0.0808,1.0159012211735443,2.97519580064149,6.578378567415529,6.266314432485784
405,0.081,1.0165836430493962,2.988128684361844,6.582999332801104,6.268009989509204
406,0.0812,1.0181233817418203,3.0029341953360134,6.58465279656467,6.2705704791467305
407,0.0814,1.0191550039826713,3.0062903039691653,6.587078704358352,6.273877725997899
408,0.0816,1.019892601508717,3.0073596681719867,6.601938191607568,6.277916345316266
409,0.0818,1.0205170558188028,3.0195748182919284,6.608121967671051,6.282673305349555
410,0.082,1.0211039324599496,3.033972622214176,6.610599848788028,6.284817301012087
411,0.0822,1.021678177136414,3.050558271606714,6.611921701167217,6.285811952727994
412,0.0824,1.0222294435070065,3.0562876136402304,6.613496799088131,6.286466176890353
413,0.0826,1.0227627853859056,3.071749670836278,6.6299561496936725,6.287035800302353
414,0.0828,1.023283658187911,3.0875289247888116,6.634788641798258,6.288039514655982
415,0.083,1.0237949526590662,3.090830526264035,6.651995302839555,6.289259506487444
416,0.0832,1.0242979465984319,3.093156273204901,6.656894903887593,6.290095809422572
417,0.0834,1.024793149613526,3.0957771371150056,6.658638455521692,6.290737566562544
418,0.0836,1.025283759871362,3.0968669963975692,6.661143375463854,6.291310274440626
419,0.0838,1.0257726857327198,3.0971854831622716,6.6632416827395735,6.2918651571253355
420,0.084,1.026257987217575,3.1112976924576556,6.67940224714021,6.306064142269385
421,0.0842,1.0267377296090465,3.1289617460483816,6.685647119202544,6.323221818730573
422,0.0844,1.0272110669571266,3.1332128128099983,6.6879335516370295,6.340888792453926
423,0.0846,1.0286824677595856,3.1363626225305343,6.691128101419441,6.35850502991805
424,0.0848,1.0306585653195521,3.1375816126955933,6.6982183503988875,6.376039882798923
425,0.085,1.0328661530772993,3.137980443591047,6.705170116402283,6.393417128845535
426,0.0852,1.0351706350579382,3.13843952115093,6.712812219804683,6.410609698696242
427,0.0854,1.0518377929867107,3.1390752174968557,6.719313308372176,6.428664037599099
428,0.0856,1.071776824967567,3.139552434207096,6.723116796684961,6.431962388941258
429,0.0858,1.0912999373421637,3.1399858244920122,6.741146035233262,6.431962388941258
430,0.086,1.1113478447446994,3.140443015921518,6.7474880221682305,6.431962388941258
431,0.0862,1.1165325019380665,3.140906010696436,6.803537399458934,6.431962388941258
432,0.0864,1.118026246224434,3.141364227983009,6.87014571601969,6.431962388941258
433,0.0866,1.119707167911886,3.141814455916822,6.937374156066815,6.431962388941258
434,0.0868,1.1358367744303663,3.155621336263961,6.9537523958133045,6.431962388941258
435,0.087,1.1401965857127923,3.1723178508637826,6.973590506444333,6.431962388941258
436,0.0872,1.1567088005726536,3.189497050634626,6.978969725836296,6.431962388941258
437,0.0874,1.1611229653827135,3.206615412360287,6.980671799053293,6.431962388941258
438,0.0876,1.162482652076328,3.22355569505297,6.981685657320707,6.431962388941258
439,0.0878,1.1630705919857929,3.2398999152243677,7.069741862866964,6.431962388941258
440,0.088,1.1634964815883406,3.242928264588098,7.127185873845248,6.431962388941258
441,0.0882,1.1639369852222987,3.2563740969948216,7.234693592181804,6.431962388941258
442,0.0884,1.1643871944741564,3.273884106835871,7.319806452323698,6.431962388941258
443,0.0886,1.1648380658083628,3.2776742212852734,7.394751312147313,6.431962388941258
444,0.0888,1.166310151194382,3.2790134060758076,7.466361814688827,6.431962388941258
445,0.089,1.1682784374230148,3.2926564003465697,7.552435220433381,6.431962388941258
446,0.0892,1.1704391916058114,3.29627596547474,7.570358040103622,6.431962388941258
447,0.0894,1.1726802357413773,3.31108393578941,7.621381229748566,6.431962388941258
448,0.0896,1.1749818997617731,3.3291194400651105,7.621381229748566,6.478600487620094
449,0.0898,1.1905808196732501,3.333203295851012,7.621381229748566,6.491311475706682
450,0.09,1.2100624224809031,3.348831635636105,7.621381229748566,6.494793535502743
451,0.0902,1.2152978522664617,3.3526875395178464,7.677560727671374,6.495686873061341
452,0.0904,1.2169390481553781,3.3683471757335566,7.684314124548794,6.495878495485367
453,0.0906,1.2176738461764118,3.3722781644918287,7.738264440084002,6.495895063498665
454,0.0908,1.2182051901988786,3.38828907954139,7.793859202255925,6.540921734141743
455,0.091,1.218743546162907,3.392247069562132,7.80006973228917,6.598257668585708
456,0.0912,1.2192920410778765,3.39335027190848,7.804200740403593,6.658761374148326
457,0.0914,1.2198406325484512,3.393785342349474,7.805024010751363,6.718619386514717
458,0.0916,1.220384488731909,3.393933609783848,7.805198453404884,6.733597823770335
459,0.0918,1.2209219578052442,3.408873638728559,7.8052376019174154,6.736733467073353
460,0.092,1.221452594642319,3.4134949006389648,7.805246867961931,6.73684666702808
461,0.0922,1.2219763452086043,3.4156646262403774,7.8052490833813515,6.739902148090406
462,0.0924,1.2224932723034867,3.4315578881870374,7.805249614269212,6.7494330424602955
463,0.0926,1.2230034725197425,3.435608972169071,7.805249741576624,6.758618840741507
464,0.0928,1.2235083108986662,3.4506762219038793,7.805249772115976,6.763216246222817
465,0.093,1.2240816564866162,3.4543074996772494,7.805249779444047,6.7656793293152875
466,0.0932,1.2257386572943685,3.4560576400760215,7.805249781202932,6.819188817281302
467,0.0934,1.226948793081253,3.471767027074825,7.805249781625214,6.831747736124648
468,0.0936,1.243431219068702,3.475578741426041,7.8052497817266255,6.835082193798825
469,0.0938,1.2482863466787855,3.490396449488045,7.8052497817509865,6.836346992690102
470,0.094,1.2501562429635535,3.4937908867099297,7.8052497817568405,6.837304083341679
471,0.0942,1.2512466132284514,3.4944657254537037,7.805249781758247,6.838351319851825
472,0.0944,1.252126575749016,3.5094719628591737,7.805249781758586,6.839446416454744
473,0.0946,1.2529443056932763,3.528192069260602,7.8052497817586675,6.840551108648491
474,0.0948,1.253742988927116,3.547927738840822,7.805249781758687,6.841652308362229
475,0.095,1.2555927160667237,3.5528346690113066,7.805249781758691,6.842762727970002
476,0.0952,1.2579598178429499,3.5540387153734536,7.805249781758692,6.843847230871728
477,0.0954,1.26058099854217,3.554322768173241,7.805249781758692,6.844938724977143
478,0.0956,1.2633383670142802,3.568552885360837,7.805249781758692,6.8460035297627995
479,0.0958,1.2806201935177346,3.5719408110041067,7.805249781758692,6.847056460952603
480,0.096,1.2856589534907414,3.5727753023337288,7.805249781758692,6.8480964346429
481,0.0962,1.3029333341189842,3.573009019760768,7.805249781758692,6.8491320306010195
482,0.0964,1.3230979679682484,3.573102511466785,7.805249781758692,6.8501564142985885
483,0.0966,1.3438002320151674,3.573164471629786,7.805249781758692,6.851191186615343
484,0.0968,1.3492237394620232,3.5732208235079463,7.805249781758692,6.85219597706127
485,0.097,1.3508724362137188,3.5732777758274685,7.805249781758692,6.853184020281954
486,0.0972,1.3668528390209693,3.5733368238950747,7.805249781758692,6.85415940680368
487,0.0974,1.386316477494413,3.573498349076967,7.805249781758692,6.855146800639052
488,0.0976,1.4053533944446608,3.57365852158654,7.805249781758692,6.856504138580492
489,0.0978,1.4250305954196754,3.573802015894662,7.805249781758692,6.8581790037483525
490,0.098,1.4299323283837937,3.5879695715940643,7.805249781758692,6.860085961822237
491,0.0982,1.431176058037409,3.605503915354644,7.805249781758692,6.862209673648574
492,0.0984,1.4315169599889734,3.609838295664274,7.805249781758692,6.864535397608953
493,0.0986,1.4327324608625378,3.626013334132187,7.805249781758692,6.8669367402376285
494,0.0988,1.433340928711548,3.6301328148726273,7.805249781758692,6.869300258100035
495,0.099,1.4336109466620937,3.646071457413479,7.805249781758692,6.87165172646303
496,0.0992,1.4337609631129031,3.664288686871043,7.805249781758692,6.87392978771735
497,0.0994,1.4338778370671097,3.685150772373854,7.805249781758692,6.876182349408055
498,0.0996,1.4339898824740804,3.7068504136602587,7.805249781758692,6.878407323108703
499,0.0998,1.434098411560462,3.7128068832847023,7.805249781758692,6.880593877407774
500,0.1,1.4342050074017563,3.714519124664706,7.805249781758692,6.882737280543846
501,0.1002,1.4343109906674618,3.715098671479734,7.805249781758692,6.884823712270063
502,0.1004,1.4344170379599261,3.7294385665723424,7.805249781758692,6.886882177363458
503,0.1006,1.4345234204774793,3.7467431406801768,7.805249781758692,6.8889775049223445
504,0.1008,1.4346303017497781,3.765549894059102,7.805249781758692,6.891048434746766
505,0.101,1.4347378495598966,3.784598019492219,7.805249781758692,6.893123176904266
506,0.1012,1.4348462281287597,3.803734638826385,7.805249781758692,6.8986635807729675
507,0.1014,1.4349555317725655,3.8092521390592955,7.805249781758692,6.92230181981958
508,0.1016,1.435065805700347,3.810719453782536,7.805249781758692,6.936135885056001
509,0.1018,1.435176993407166,3.8110278638722574,7.805249781758692,6.944019406563323
510,0.102,1.4352890172229893,3.8110335978500873,7.805249781758692,6.949238129635851
511,0.1022,1.4354018197226621,3.824877319717479,7.805249781758692,6.969296156330538
512,0.1024,1.4355153644410577,3.8280152034574875,7.805249781758692,6.992608981721915
513,0.1026,1.4356296269359876,3.829521929782941,7.805249781758692,7.000879329154257
514,0.1028,1.4357445849371242,3.8439627091493698,7.805249781758692,7.005245625872325
515,0.103,1.4358602176660902,3.8481407848100697,7.805249781758692,7.008496448934885
516,0.1032,1.4359765060089924,3.849314928580156,7.805249781758692,7.0114771740823585
517,0.1034,1.43609343216689,3.863658595590995,7.805249781758692,7.014295623619554
518,0.1036,1.4362109792286457,3.8818097580723574,7.805249781758692,7.017037247470649
519,0.1038,1.4363291308882158,3.8862201029951984,7.805249781758692,7.019799711156726
520,0.104,1.4364478713882072,3.8877231558844176,7.805249781758692,7.0224684439941285
521,0.1042,1.4365875083460127,3.905685539415306,7.805249781758692,7.025078998790374
522,0.1044,1.4367441366536315,3.9280081686261052,7.805249781758692,7.027650046849052
523,0.1046,1.450928829623206,3.951549672165475,7.805249781758692,7.030198005535797
524,0.1048,1.4682845491752923,3.957816204277817,7.805249781758692,7.032774928211167
525,0.105,1.486148817060552,3.9595804041124656,7.805249781758692,7.035342381296667
526,0.1052,1.4900906338432793,3.963142060342172,7.805249781758692,7.037880999048579
527,0.1054,1.490612586453908,3.9819245649942054,7.805249781758692,7.040942308939211
528,0.1056,1.490612586453908,4.0021069168875645,7.805249781758692,7.04361338956618
529,0.1058,1.490612586453908,4.008118851174197,7.805249781758692,7.046053364333889
530,0.106,1.5052591340283403,4.031162970062834,7.805249781758692,7.048414564619392
531,0.1062,1.523524240462721,4.0579595060762506,7.805249781758692,7.050748570772283
532,0.1064,1.5278265671783249,4.082099285719296,7.805249781758692,7.053153023732536
533,0.1066,1.5286815379199816,4.087771447165196,7.805249781758692,7.055471393536339
534,0.1068,1.528689057613545,4.105245154898216,7.805249781758692,7.058126870452876
535,0.107,1.5293618107861169,4.126760593809932,7.805249781758692,7.061542045114944
536,0.1072,1.5344782000970936,4.1463322174107615,7.805249781758692,7.064408204502173
537,0.1074,1.540499917894617,4.166308646407318,7.805249781758692,7.066935206403057
538,0.1076,1.5418285550690416,4.185984380956986,7.805249781758692,7.069639277035161
539,0.1078,1.5557865716849604,4.2060782884323995,7.805249781758692,7.087552047397287
540,0.108,1.5726315246742735,4.225823759721238,7.805249781758692,7.109250698966798
541,0.1082,1.590800995211397,4.232139765613048,7.805249781758692,7.116738669783117
542,0.1084,1.608580227702317,4.25301954918982,7.805249781758692,7.120792439447221
543,0.1086,1.6260211019306816,4.277331571530188,7.805249781758692,7.124029499757464
544,0.1088,1.6442758440470728,4.301548533504268,7.805249781758692,7.127101988130173
545,0.109,1.6626985881484906,4.3280237615798285,7.805249781758692,7.129422060043386
546,0.1092,1.666727400616926,4.333975373489077,7.805249781758692,7.131406182028384
547,0.1094,1.6684942233806506,4.356432472780563,7.805249781758692,7.133646290055713
548,0.1096,1.6684942233806506,4.36439115496664,7.805249781758692,7.150969414060277
549,0.1098,1.6684942233806506,4.385484566502751,7.805249781758692,7.171484745127786
550,0.11,1.6684942233806506,4.411027674996206,7.805249781758692,7.177677245601738
551,0.1102,1.6688930732414182,4.416618414843657,7.805249781758692,7.180451447058955
552,0.1104,1.6832376375404758,4.417275527154599,7.805249781758692,7.182245522525183
553,0.1106,1.7000113671578343,4.417275527154599,7.805249781758692,7.183802447012068
554,0.1108,1.7170356697079852,4.438754650349917,7.805249781758692,7.2003669946233
555,0.111,1.7350722818753823,4.4434926666437,7.805249781758692,7.220839080095477
556,0.1112,1.7390008519083426,4.444370830839367,7.805249781758692,7.242187512513106
557,0.1114,1.7390008519083426,4.45900821994526,7.805249781758692,7.263299374179101
558,0.1116,1.7390008519083426,4.462299913505882,7.805249781758692,7.284111478632678
559,0.1118,1.7390008519083426,4.46283451043508,7.805249781758692,7.305246290966174
560,0.112,1.7396351003060535,4.463851117042307,7.805249781758692,7.326388879785864
561,0.1122,1.744156364029707,4.4782247313526815,7.805249781758692,7.347685246849795
562,0.1124,1.7462340498115123,4.4955324789321995,7.805249781758692,7.369237310694491
563,0.1126,1.7468620882389174,4.514327964553852,7.805249781758692,7.391041323913586
564,0.1128,1.7520557525497584,4.518965707959018,7.805249781758692,7.413360721114726
565,0.113,1.7531776318293122,4.520103776530734,7.805249781758692,7.436284095059785
566,0.1132,1.753507400269865,4.520362151145463,7.805249781758692,7.459789641637205
567,0.1134,1.7535220544863488,4.535245688079395,7.805249781758692,7.467532514850677
568,0.1136,1.7586076327418116,4.552572546031764,7.805249781758692,7.471215972901382
569,0.1138,1.7648995106765155,4.5701884942465885,7.805249781758692,7.4790883098677075
570,0.114,1.7663156489236513,4.574117604322885,7.805249781758692,7.4899145112869085
571,0.1142,1.7665925568706684,4.589657207746838,7.805249781758692,7.5690965455573265
572,0.1144,1.7665925568706684,4.593352664149999,7.805249781758692,7.595735005611546
573,0.1146,1.7667115231420352,4.595055772821085,7.805249781758692,7.606409258025266
574,0.1148,1.7719777195290112,4.595602963711955,7.805249781758692,7.628846524032665
575,0.115,1.7786105083347692,4.610518689442354,7.805249781758692,7.637728692913794
576,0.1152,1.7809768032814282,4.628760246583311,7.805249781758692,7.642776845493677
577,0.1154,1.7816450733714209,4.633113102261552,7.805249781758692,7.647659890766619
578,0.1156,1.7817941292267552,4.648924105574943,7.805249781758692,7.652323058560028
579,0.1158,1.7817944586143442,4.652735322908722,7.805249781758692,7.656529949778038
580,0.116,1.7817944586143442,4.653767889216675,7.805249781758692,7.660492494304906
581,0.1162,1.7818296503776998,4.654064766911233,7.805249781758692,7.6640210326781215
582,0.1164,1.7956345492721648,4.6541666834564746,7.805249781758692,7.667698000688808
583,0.1166,1.812490177918606,4.6551040781676924,7.805249781758692,7.670990839015612
584,0.1168,1.831094337425983,4.670521218138633,7.805249781758692,7.674118482818098
585,0.117,1.8500909817075695,4.689250910216753,7.805249781758692,7.683399331214373
586,0.1172,1.8546994657664648,4.693838564801874,7.805249781758692,7.690779740870993
587,0.1174,1.8614757749421942,4.694909303450114,7.805249781758692,7.696194566178283
588,0.1176,1.8678055940352087,4.709954510920066,7.805249781758692,7.700731499747344
589,0.1178,1.8693068557982677,4.713598281886705,7.805249781758692,7.7213920177649635
590,0.118,1.884414371546973,4.714425673226087,7.805249781758692,7.746152527317359
591,0.1182,1.887978976110769,4.71455951907633,7.805249781758692,7.755304269548681
592,0.1184,1.888932300092072,4.729378163314839,7.805249781758692,7.760610026541475
593,0.1186,1.890173644092182,4.732951093180418,7.805249781758692,7.764383460863305
594,0.1188,1.8917522322272233,4.733732926751124,7.805249781758692,7.767710190342749
595,0.119,1.8923612791870401,4.748700435950239,7.805249781758692,7.77140080691112
596,0.1192,1.892468456230844,4.752343299297556,7.805249781758692,7.774806345702233
597,0.1194,1.892468456230844,4.753177989741276,7.805249781758692,7.777996431955161
598,0.1196,1.9063662905230376,4.768155882234226,7.805249781758692,7.781599421011717
599,0.1198,1.9244668751219327,4.7717598282692775,7.805249781758692,7.784820437964848
600,0.12,1.9287916360192792,4.772504891414856,7.805249781758692,7.787893957181782
601,0.1202,1.9297541243275091,4.772504891414856,7.805249781758692,7.791032420999189
602,0.1204,1.943678764148473,4.772504891414856,7.805249781758692,7.794090690253025
603,0.1206,1.9467821918335682,4.786979646885076,7.805249781758692,7.7970867449637735
604,0.1208,1.9611783644966982,4.805050136477935,7.805249781758692,7.800461788312654
605,0.121,1.9643615322817154,4.809250500444363,7.805249781758692,7.803524943890217
606,0.1212,1.965972263365216,4.810050327925383,7.805249781758692,7.806493945150949
607,0.1214,1.9812664234112054,4.811182007871682,7.805249781758692,7.809455034463822
608,0.1216,1.9995954293192781,4.825350114267433,7.805249781758692,7.812416311426142
609,0.1218,2.018082808612217,4.829662027570676,7.805249781758692,7.815374183323309
610,0.122,2.018082808612217,4.84562069873473,7.805249781758692,7.818326614411622
611,0.1222,2.018082808612217,4.849451628971392,7.805249781758692,7.821272084521864
612,0.1224,2.018082808612217,4.850249969455222,7.805249781758692,7.830559920931455
613,0.1226,2.018082808612217,4.850339028091268,7.805249781758692,7.858956775457604
614,0.1228,2.018082808612217,4.864132825652877,7.805249781758692,7.886218716837163
615,0.123,2.018082808612217,4.881963547381049,7.805249781758692,7.897020965988944
616,0.1232,2.018082808612217,4.887107010595529,7.805249781758692,7.903444411015387
617,0.1234,2.018082808612217,4.90329849505171,7.805249781758692,7.923087652614401
618,0.1236,2.018082808612217,4.9072281358919,7.805249781758692,7.931815889699656
619,0.1238,2.018082808612217,4.921927498887837,7.805249781758692,7.999698381852327
620,0.124,2.018082808612217,4.9251748049751924,7.805249781758692,8.07903591523806
621,0.1242,2.018082808612217,4.940603874762445,7.805249781758692,8.100844370353965
622,0.1244,2.018082808612217,4.944213067154937,7.805249781758692,8.16519561641963
623,0.1246,2.018082808612217,4.9597442927062865,7.805249781758692,8.234594310890134
624,0.1248,2.018082808612217,4.978120956975504,7.805249781758692,8.250689221706178
625,0.125,2.018082808612217,4.982357162361098,7.805249781758692,8.309490945609044
626,0.1252,2.018082808612217,4.983152771961027,7.805249781758692,8.323228914704067
627,0.1254,2.018082808612217,4.984090033821618,7.805249781758692,8.328040931957927
628,0.1256,2.018082808612217,4.985317194549636,7.805249781758692,8.388397871113582
629,0.1258,2.018082808612217,4.986703434124279,7.805249781758692,8.461300887771749
630,0.126,2.018082808612217,4.987195454469532,7.805249781758692,8.535445055900903
631,0.1262,2.018082808612217,4.987297730545231,7.805249781758692,8.55213434673026
632,0.1264,2.018082808612217,4.987302050060988,7.805249781758692,8.555688617347139
633,0.1266,2.018082808612217,4.9873134742482135,7.805249781758692,8.557263812245814
634,0.1268,2.018082808612217,4.988275084099195,7.805249781758692,8.557796236316252
635,0.127,2.031707162433125,4.988805803902436,7.805249781758692,8.612645350352404
636,0.1272,2.048330233272701,5.012802517131244,7.805249781758692,8.682351740217303
637,0.1274,2.06542688220429,5.044860940482573,7.805249781758692,8.755357063841789
638,0.1276,2.0823833635833555,5.078899260126002,7.805249781758692,8.77705469107875
639,0.1278,2.0991991692608583,5.0866716133730305,7.805249781758692,8.844652121514988
640,0.128,2.115904813825552,5.0879663951169585,7.805249781758692,8.864968935897238
641,0.1282,2.11808591360078,5.110477080305155,7.805249781758692,8.87543527868887
642,0.1284,2.11808591360078,5.1367837246798755,7.805249781758692,8.8843359425404
643,0.1286,2.11808591360078,5.1367837246798755,7.805249781758692,8.890271673084733
644,0.1288,2.11808591360078,5.1367837246798755,7.805249781758692,8.89503696068502
645,0.129,2.130700518255937,5.1367837246798755,7.805249781758692,8.898071910257244
646,0.1292,2.1462310589560976,5.1367837246798755,7.805249781758692,8.900650523097756
647,0.1294,2.1623699377049,5.1367837246798755,7.805249781758692,8.962299805808719
648,0.1296,2.1784588482176765,5.1367837246798755,7.805249781758692,9.03725538054494
649,0.1298,2.1943198387719836,5.1367837246798755,7.805249781758692,9.056373163518389
650,0.13,2.2099810842736685,5.161601675133282,7.805249781758692,9.061919981708625
651,0.1302,2.2124944292978186,5.192887796859654,7.805249781758692,9.064464478589809
652,0.1304,2.225173667474757,5.219904009394051,7.805249781758692,9.081325036998157
653,0.1306,2.2399558723878,5.219904009394051,7.805249781758692,9.101645039275699
654,0.1308,2.255081689244436,5.219904009394051,7.805249781758692,9.122665935290126
655,0.131,2.2700966504795637,5.219904009394051,7.805249781758692,9.143214295328539
656,0.1312,2.2713576746166457,5.219904009394051,7.805249781758692,9.163488842815857
657,0.1314,2.2713576746166457,5.219904009394051,7.805249781758692,9.183262140642238
658,0.1316,2.2828146027178,5.219904009394051,7.805249781758692,9.202927858401061
659,0.1318,2.2967951720639115,5.219904009394051,7.805249781758692,9.22250219252557
660,0.132,2.311213859604895,5.219904009394051,7.805249781758692,9.24192170492583
661,0.1322,2.326618617649678,5.219904009394051,7.805249781758692,9.26119480660032
662,0.1324,2.3280190611952523,5.219904009394051,7.805249781758692,9.280406951215355
663,0.1326,2.3280190611952523,5.219904009394051,7.805249781758692,9.299645863518835
664,0.1328,2.3343715247456744,5.219904009394051,7.805249781758692,9.304782518423783
665,0.133,2.3343715247456744,5.219904009394051,7.805249781758692,9.359485926442277
666,0.1332,2.3343715247456744,5.219904009394051,7.805249781758692,9.421611142922222
667,0.1334,2.3343715247456744,5.219904009394051,7.805249781758692,9.435751517139332
668,0.1336,2.3343715247456744,5.219904009394051,7.805249781758692,9.439189971692711
669,0.1338,2.3343715247456744,5.219904009394051,7.805249781758692,9.44027656672278
670,0.134,2.3343715247456744,5.219904009394051,7.805249781758692,9.440990098779892
671,0.1342,2.3343715247456744,5.219904009394051,7.805249781758692,9.44286890730023
672,0.1344,2.3343715247456744,5.219972717547193,7.805249781758692,9.445144641508724
673,0.1346,2.3461503644833357,5.220378943587047,7.805249781758692,9.44772322844387
674,0.1348,2.3606932478752363,5.243444110044871,7.805249781758692,9.449107251455793
675,0.135,2.362470396948435,5.2694615896639885,7.805249781758692,9.450299269470179
676,0.1352,2.362470396948435,5.2694615896639885,7.805249781758692,9.451441731424804
677,0.1354,2.3745485835148568,5.2694615896639885,7.805249781758692,9.454250195393216
678,0.1356,2.3893216593691062,5.2694615896639885,7.805249781758692,9.455898884514365
679,0.1358,2.3896287251016144,5.2694615896639885,7.805249781758692,9.45742553517134
680,0.136,2.3896287251016144,5.2694615896639885,7.805249781758692,9.460572007658758
681,0.1362,2.3896287251016144,5.2694615896639885,7.805249781758692,9.462483429146408
682,0.1364,2.3896287251016144,5.2694615896639885,7.805249781758692,9.464238798750893
683,0.1366,2.402028548931582,5.2694615896639885,7.805249781758692,9.466059305727288
684,0.1368,2.4037293386269094,5.2694615896639885,7.805249781758692,9.467811275360688
685,0.137,2.4037293386269094,5.2694615896639885,7.805249781758692,9.469542901836412
686,0.1372,2.4075661693565427,5.2694615896639885,7.805249781758692,9.472932156610966
687,0.1374,2.41234807272151,5.2694615896639885,7.805249781758692,9.476698277135853
688,0.1376,2.4127126511277224,5.2694615896639885,7.805249781758692,9.480540414884638
689,0.1378,2.416799883711398,5.2694615896639885,7.805249781758692,9.484551577477719
690,0.138,2.421722332305726,5.294812813718654,7.805249781758692,9.487025975113255
691,0.1382,2.4221290750283564,5.294812813718654,7.805249781758692,9.489101029589207
692,0.1384,2.4348892041542367,5.294812813718654,7.805249781758692,9.491188634728122
693,0.1386,2.4504822963097648,5.294812813718654,7.805249781758692,9.556462063000073
694,0.1388,2.46649397967598,5.294812813718654,7.805249781758692,9.57531228895715
695,0.139,2.469212027337448,5.294812813718654,7.805249781758692,9.644611514377269
696,0.1392,2.482415168874024,5.294812813718654,7.805249781758692,9.664655924137925
697,0.1394,2.4843805931962444,5.294812813718654,7.805249781758692,9.733356666547563
698,0.1396,2.4843805931962444,5.294812813718654,7.805249781758692,9.81387072693287
699,0.1398,2.4970683003963186,5.294812813718654,7.805249781758692,9.8933784344016
700,0.14,2.4992903068868144,5.294812813718654,7.805249781758692,9.969943138956236
701,0.1402,2.4992903068868144,5.294812813718654,7.805249781758692,9.989642845086106
702,0.1404,2.5122108332745636,5.294812813718654,7.805249781758692,10.052399598489428
703,0.1406,2.528033380276677,5.294812813718654,7.805249781758692,10.066799695751138
704,0.1408,2.5310523065736463,5.294812813718654,7.805249781758692,10.125462550525985
705,0.141,2.54460472525051,5.294812813718654,7.805249781758692,10.194405990131118
706,0.1412,2.5604975784994823,5.294812813718654,7.805249781758692,10.209271086695983
707,0.1414,2.5634649512180085,5.294812813718654,7.805249781758692,10.269855658383053
708,0.1416,2.576956435925346,5.294812813718654,7.805249781758692,10.284303717102587
709,0.1418,2.5927368783552858,5.294812813718654,7.805249781758692,10.346596886720373
710,0.142,2.6089486646048865,5.294812813718654,7.805249781758692,10.362203709109673
711,0.1422,2.6251717382281328,5.294812813718654,7.805249781758692,10.370112325214476
712,0.1424,2.626527342560377,5.294812813718654,7.805249781758692,10.377591398434452
713,0.1426,2.626527342560377,5.294812813718654,7.805249781758692,10.386530976976745
714,0.1428,2.626527342560377,5.294812813718654,7.805249781758692,10.397578004251285
715,0.143,2.626527342560377,5.294812813718654,7.805249781758692,10.409616872891629
716,0.1432,2.6304956477172667,5.295029194521133,7.805249781758692,10.422499659142648
717,0.1434,2.635943066909545,5.295778710814572,7.805249781758692,10.429773099649745
718,0.1436,2.641821540431813,5.296845783568048,7.805249781758692,10.43776301309846
719,0.1438,2.6478059305729635,5.300837089294424,7.805249781758692,10.442810258700531
720,0.144,2.6537873532873784,5.3296085330326415,7.805249781758692,10.448301624228993
721,0.1442,2.6549523227990894,5.364061722341595,7.805249781758692,10.522635981745353
722,0.1444,2.6579217686900285,5.373296942106273,7.805249781758692,10.545937449964727
723,0.1446,2.6579217686900285,5.398695693721791,7.805249781758692,10.554566479325338
724,0.1448,2.6579217686900285,5.405707724899795,7.805249781758692,10.561326429461678
725,0.145,2.6579217686900285,5.432062517897131,7.805249781758692,10.635510739466866
726,0.1452,2.6579217686900285,5.439702746594734,7.805249781758692,10.658675498226795
727,0.1454,2.6579217686900285,5.443090792774515,7.805249781758692,10.667181603226295
728,0.1456,2.6579217686900285,5.459586498308276,7.805249781758692,10.674721832138777
729,0.1458,2.6718613703740877,5.4791244036538735,7.805249781758692,10.682425994294718
730,0.146,2.6747706419197876,5.483978422929024,7.805249781758692,10.690544998569782
731,0.1462,2.675157578678968,5.485083555687641,7.805249781758692,10.699128567102397
732,0.1464,2.6895355284761857,5.485243207364363,7.805249781758692,10.70808112916661
733,0.1466,2.6926525735371785,5.488649753937561,7.805249781758692,10.717226744686574
734,0.1468,2.692892183926628,5.49045469954495,7.805249781758692,10.7242022330811
735,0.147,2.692892183926628,5.491303429985674,7.805249781758692,10.747094051047814
736,0.1472,2.6933394772317856,5.491785141834127,7.805249781758692,10.774403762162613
737,0.1474,2.6941284280790856,5.492306502732073,7.805249781758692,10.786511140342789
738,0.1476,2.709201684777516,5.493018203038373,7.805249781758692,10.810617258663349
739,0.1478,2.712845549201892,5.493785259942227,7.805249781758692,10.841602470361064
740,0.148,2.714652254409969,5.494693283321433,7.805249781758692,10.85964348652217
741,0.1482,2.7303361135028092,5.495724381829162,7.805249781758692,10.870944253801218
742,0.1484,2.7492633019967494,5.496847916540796,7.805249781758692,10.95603323774631
743,0.1486,2.7539816951039744,5.498038291378261,7.805249781758692,11.059282679885413
744,0.1488,2.7560056969558056,5.522018005311505,7.805249781758692,11.156854243315028
745,0.149,2.7623863785151035,5.550774889624347,7.805249781758692,11.184990242771455
746,0.1492,2.769848218789764,5.5579064929247695,7.805249781758692,11.196820360050308
747,0.1494,2.7718696328174097,5.560056644118194,7.805249781758692,11.201669644460505
748,0.1496,2.777414203957449,5.561025574074731,7.805249781758692,11.204663786030265
749,0.1498,2.778881979015161,5.561711850691913,7.805249781758692,11.207846860616803
750,0.15,2.7800023257243076,5.5623335700806384,7.805249781758692,11.22616979125094
751,0.1502,2.7862316054453187,5.562945427455814,7.805249781758692,11.23235942202588
752,0.1504,2.7881159813254204,5.563702876248121,7.805249781758692,11.235386016753152
753,0.1506,2.788809985847087,5.564653147565677,7.805249781758692,11.238244171547844
754,0.1508,2.7941859927906685,5.565812989769682,7.805249781758692,11.255687805510087
755,0.151,2.8011915783444135,5.56717594268311,7.805249781758692,11.2772407585814
756,0.1512,2.803203538831992,5.568418381738217,7.805249781758692,11.284080467542733
757,0.1514,2.804542671661112,5.569613029828672,7.805249781758692,11.30289542005741
758,0.1516,2.805876245016447,5.570818811410547,7.805249781758692,11.30902066970529
759,0.1518,2.806646768763129,5.572036650275032,7.805249781758692,11.311872883295415
760,0.152,2.812075367342578,5.573260938359252,7.805249781758692,11.313852044251357
761,0.1522,2.8142154593739495,5.57448788354894,7.805249781758692,11.318363785980349
762,0.1524,2.8207031538339717,5.575715803288178,7.805249781758692,11.323086891541504
763,0.1526,2.8226402884800925,5.5803900615806175,7.805249781758692,11.328171952468766
764,0.1528,2.8240465345678594,5.586994365502359,7.805249781758692,11.333431762245194
765,0.153,2.8255873405156833,5.612925258351904,7.805249781758692,11.338780527439871
766,0.1532,2.8320151233271638,5.645377698928225,7.805249781758692,11.343973982872281
767,0.1534,2.833997750913505,5.679341749987498,7.805249781758692,11.349292817744306
768,0.1536,2.840580323776608,5.709317137537547,7.805249781758692,11.354420279578989
769,0.1538,2.8484460925817534,5.740421004197355,7.805249781758692,11.359875775149
770,0.154,2.851075675525017,5.771848477200165,7.805249781758692,11.365150842130571
771,0.1542,2.866504627508852,5.802733176248936,7.805249781758692,11.370840108394633
772,0.1544,2.8847625763512394,5.828584684598053,7.805249781758692,11.37672824663084
773,0.1546,2.904180261390555,5.856093929765832,7.805249781758692,11.382804719493713
774,0.1548,2.923852257727185,5.861939779790511,7.805249781758692,11.38899954715869
775,0.155,2.9434424550638085,5.88558867913042,7.805249781758692,11.395193024274167
776,0.1552,2.962835916844073,5.888984803993599,7.805249781758692,11.40131629599711
777,0.1554,2.9820425796563,5.888984803993599,7.805249781758692,11.405960428747079
778,0.1556,3.0003829174284604,5.888984803993599,7.805249781758692,11.410183899449517
779,0.1558,3.018840504057492,5.888984803993599,7.805249781758692,11.414324726670213
780,0.156,3.036754689030916,5.888984803993599,7.805249781758692,11.433963354533956
781,0.1562,3.054992400393631,5.888984803993599,7.805249781758692,11.456652420357742
782,0.1564,3.072617562373195,5.888984803993599,7.805249781758692,11.48003781611882
783,0.1566,3.075479017847436,5.888984803993599,7.805249781758692,11.502984071934266
784,0.1568,3.075479017847436,5.888984803993599,7.805249781758692,11.525294542895688
785,0.157,3.075479017847436,5.888984803993599,7.805249781758692,11.547409241394261
786,0.1572,3.075479017847436,5.888984803993599,7.805249781758692,11.568919495031205
787,0.1574,3.075479017847436,5.888984803993599,7.805249781758692,11.590139558893732
788,0.1576,3.075479017847436,5.89278752044942,7.805249781758692,11.596773098531324
789,0.1578,3.0759359290769503,5.894493566509069,7.805249781758692,11.599543161763904
790,0.158,3.0805799872930084,5.895218539358429,7.805249781758692,11.602632209633457
791,0.1582,3.0805799872930084,5.899582296920397,7.805249781758692,11.604487833373248
792,0.1584,3.0805799872930084,5.905787309362756,7.805249781758692,11.606049766830283
793,0.1586,3.0805799872930084,5.908965364580187,7.805249781758692,11.608826142506391
794,0.1588,3.0805799872930084,5.934352005189645,7.805249781758692,11.611863339938543
795,0.159,3.0805799872930084,5.941708056383019,7.805249781758692,11.615266094877077
796,0.1592,3.0805799872930084,5.963928004225887,7.805249781758692,11.61765881168305
797,0.1594,3.0805799872930084,5.973440417670529,7.805249781758692,11.621441709254182
798,0.1596,3.0805799872930084,6.000587923493018,7.805249781758692,11.62481118376685
799,0.1598,3.0805799872930084,6.008248384898952,7.805249781758692,11.628360022747895
800,0.16,3.0805799872930084,6.010860333465842,7.805249781758692,11.632428697299037
801,0.1602,3.0805799872930084,6.035480649525753,7.805249781758692,11.636805964091646
802,0.1604,3.0805799872930084,6.042374242901478,7.805249781758692,11.641313474614421
803,0.1606,3.0805799872930084,6.063929081867354,7.805249781758692,11.645157972332699
804,0.1608,3.0805799872930084,6.0692745264900685,7.805249781758692,11.648878732086404
805,0.161,3.0806592819391327,6.071034187195681,7.805249781758692,11.65250665546886
806,0.1612,3.080825539120502,6.0719981097137845,7.805249781758692,11.656341799430095
807,0.1614,3.0810286761381755,6.091662011285,7.805249781758692,11.659479923155398
808,0.1616,3.0812518608089015,6.115231230571128,7.805249781758692,11.663361854034521
809,0.1618,3.0814901001774193,6.139406413700355,7.805249781758692,11.666608926337101
810,0.162,3.081741825941424,6.163412007614969,7.805249781758692,11.66966092378273
811,0.1622,3.0820065320545624,6.168906450575104,7.805249781758692,11.673366647113415
812,0.1624,3.082083772457237,6.188838740245774,7.805249781758692,11.676621953816722
813,0.1626,3.082083772457237,6.2114863050293305,7.805249781758692,11.679986976517332
814,0.1628,3.082083772457237,6.234400133201392,7.805249781758692,11.746824848463453
815,0.163,3.082118060058869,6.257170726332449,7.805249781758692,11.832380110233489
816,0.1632,3.082210895006705,6.282940954637756,7.805249781758692,11.860393731827207
817,0.1634,3.082403465748737,6.309854271746414,7.805249781758692,11.871261059911557
818,0.1636,3.0827091768595927,6.316237266833665,7.805249781758692,11.876968790062225
819,0.1638,3.0831304515717783,6.338621864013728,7.805249781758692,11.880359669677397
820,0.164,3.0836701086217966,6.342911212025572,7.805249781758692,11.88413891593685
821,0.1642,3.0842592494075904,6.342911212025572,7.8100469527115415,11.888318271981369
822,0.1644,3.0848632034956966,6.342911212025572,7.847475274843439,11.907379826913841
823,0.1646,3.0854678564715803,6.342911212025572,7.894206748958892,11.929917929188
824,0.1648,3.0860682387177545,6.342911212025572,7.938186938607144,11.937504165233861
825,0.165,3.0912711835863877,6.342911212025572,7.978873253749942,11.941130447835166
826,0.1652,3.097022098982155,6.342911212025572,7.988237144459154,11.959820536714297
827,0.1654,3.0988070364794256,6.342911212025572,8.043235273403585,11.982609117551746
828,0.1656,3.100557116759218,6.342911212025572,8.056290513972725,11.99058459981652
829,0.1658,3.1025229481677163,6.342911212025572,8.059142060673855,11.99481118146108
830,0.166,3.103696116099623,6.359527558206669,8.059532403495496,12.003573837254631
831,0.1662,3.1044433695858356,6.37930971709807,8.060427039915533,12.031312892000596
832,0.1664,3.1050265768588026,6.381515547135221,8.124323862290076,12.06616449354192
833,0.1666,3.1055551999482303,6.381515547135221,8.203225062583716,12.097618987169543
834,0.1668,3.1060676467110495,6.381515547135221,8.223664166002159,12.111815929886617
835,0.167,3.1065761800114697,6.381515547135221,8.290092681397988,12.188474975997313
836,0.1672,3.107084424039673,6.381515547135221,8.307047316544072,12.281349232893017
837,0.1674,3.107593324053929,6.381515547135221,8.311453090432298,12.374643711856388
838,0.1676,3.108103032232273,6.397508370020151,8.31300176934515,12.402901090872092
839,0.1678,3.1086134820677764,6.399479536741416,8.314339532331966,12.483338666418604
840,0.168,3.1091245534496768,6.399479536741416,8.378768658574263,12.514259281804554
841,0.1682,3.109636114522962,6.399479536741416,8.39651734956644,12.533367726022009
842,0.1684,3.110148035619803,6.399479536741416,8.464711176454346,12.544074748785665
843,0.1686,3.11066027713814,6.399479536741416,8.48233986795746,12.621545222242103
844,0.1688,3.1111727709943,6.399479536741416,8.547277626753786,12.65311048022269
845,0.169,3.111685435425424,6.418453688415337,8.6217617775585,12.736181724254344
846,0.1692,3.11219836134031,6.4230612584710505,8.63952946883549,12.762675958211505
847,0.1694,3.1127116016129057,6.42405997959063,8.643468324798741,12.780858010691567
848,0.1696,3.113225165013791,6.443377999309358,8.701554844319423,12.850618658525473
849,0.1698,3.11387188583571,6.448166095430848,8.71563533663368,12.935541901386799
850,0.17,3.1146384359924464,6.452335621318219,8.733673922765746,13.022051555087355
851,0.1702,3.1155034913065127,6.473165202448032,8.752519214846332,13.105809276406989
852,0.1704,3.1164188166992113,6.497306983709521,8.771270297534047,13.184482332599782
853,0.1706,3.117363008148982,6.503159276842369,8.789904283620999,13.257821021588887
854,0.1708,3.1183090048310804,6.504519473920545,8.808534555915083,13.326268953622527
855,0.171,3.1191762772260994,6.504813117742473,8.812532084872396,13.389756337011535
856,0.1712,3.1200055814150356,6.5050703247949135,8.813080637724841,13.428427779144029
857,0.1714,3.12082052918883,6.5053039582167855,8.82774026085199,13.428427779144029
858,0.1716,3.1216294771626005,6.505523974115335,8.831060988074428,13.428427779144029
859,0.1718,3.1265355167460345,6.505756142137354,8.831430105360559,13.428427779144029
860,0.172,3.128405120405564,6.50586097387789,8.831430105360559,13.428427779144029
861,0.1722,3.1295481154378715,6.505890724388569,8.845905396594118,13.428427779144029
862,0.1724,3.134489063088025,6.508969627770654,8.849115943803428,13.428427779144029
863,0.1726,3.1363688720180534,6.513410806512923,8.864409137973452,13.428427779144029
864,0.1728,3.140980209479896,6.515182560048843,8.867860974278225,13.428427779144029
865,0.173,3.143101180095842,6.515958059203448,8.883310482945786,13.428427779144029
866,0.1732,3.1442828220334222,6.516569514472011,8.886923379100242,13.428427779144029
867,0.1734,3.149052963918455,6.517292230804955,8.887626090051253,13.428427779144029
868,0.1736,3.1547645819381693,6.51819747489481,8.887667530522604,13.428427779144029
869,0.1738,3.1606938471775727,6.537346056858851,8.946648438146648,13.428427779144029
870,0.174,3.166647818355058,6.542741897721117,8.961249190356703,13.428427779144029
871,0.1742,3.168717193297469,6.559924131126757,9.024935243210964,13.428427779144029
872,0.1744,3.1736351049405105,6.582238036939037,9.040491381057896,13.428427779144029
873,0.1746,3.1787896269356226,6.588182768742983,9.05909166346485,13.428427779144029
874,0.1748,3.1844800669477737,6.590370643534215,9.078914138827432,13.428427779144029
875,0.175,3.1904857111555516,6.591952567296101,9.08483486187928,13.428427779144029
876,0.1752,3.196252687990513,6.608041911737761,9.103050548459182,13.428427779144029
877,0.1754,3.2023582484746336,6.629339976537688,9.1246549326519,13.428427779144029
878,0.1756,3.2051596290115967,6.652506835411291,9.146455189870414,13.428427779144029
879,0.1758,3.2072342743208764,6.658525485630933,9.152880530738186,13.428427779144029
880,0.176,3.2234538696310264,6.663072660719668,9.155327928080574,13.439120419385105
881,0.1762,3.2429427920156413,6.665600284417097,9.158036824763878,13.455337272771226
882,0.1764,3.263067321880879,6.666695080033007,9.16183299125676,13.52041203167872
883,0.1766,3.2840521594848875,6.6678022119411,9.182389588791658,13.581748553886332
884,0.1768,3.3053031147095226,6.669021334983288,9.189930962087807,13.639345606531512
885,0.177,3.3121245677153195,6.669735187542624,9.193485736834367,13.65097859748301
886,0.1772,3.3154480329605573,6.670271480380176,9.211266543899642,13.653313664016297
887,0.1774,3.317190968913858,6.67079503828973,9.232495775367518,13.66517315561938
888,0.1776,3.3191474826905867,6.671315234811315,9.23931728516019,13.682931820819796
889,0.1778,3.3213354425701036,6.671829928719765,9.257705836862916,13.691910121708737
890,0.178,3.3381861714919774,6.672338734688671,9.26332024147585,13.696673157990517
891,0.1782,3.3584494061562165,6.672841052823482,9.265577671014372,13.701018594558615
892,0.1784,3.379374645423139,6.67334733338147,9.26701514997832,13.705753418448115
893,0.1786,3.4002910715210217,6.673858145316318,9.284180580866611,13.711076937058825
894,0.1788,3.420220927056187,6.674439464420446,9.305754655354797,13.730092475374734
895,0.179,3.4403564279069805,6.6750716365841765,9.312807257938031,13.75487175909524
896,0.1792,3.4455305122607798,6.675684853556675,9.316192961017986,13.780809655813153
897,0.1794,3.446978878885221,6.676284038024564,9.334751175024204,13.791945783332684
898,0.1796,3.46257847516408,6.676881763135945,9.358503291431003,13.796684638910698
899,0.1798,3.481613112154435,6.677484961502594,9.385136171252405,13.799363884395838
900,0.18,3.500424194069846,6.678676677093587,9.41517458875136,13.801627237246876
901,0.1802,3.504725460464673,6.679697520859707,9.4491245562017,13.803472888868724
902,0.1804,3.5094089751779673,6.683412473894253,9.482709210876564,13.8051244974237
903,0.1806,3.5134139407555773,6.68580562560637,9.513205346721216,13.806682601039693
904,0.1808,3.5170125708606013,6.687347631859174,9.542283575864175,13.810385116228975
905,0.181,3.5208089950527945,6.688546322237932,9.570683054999181,13.813213401279077
906,0.1812,3.521452327709854,6.703237179732527,9.598885272431646,13.815349900476823
907,0.1814,3.524226710977745,6.707235085047949,9.626811771331848,13.817192708656819
908,0.1816,3.527824678220185,6.722002001213149,9.638249007476256,13.818706567310953
909,0.1818,3.528837221683739,6.738828284551681,9.64485928429375,13.820243321844929
910,0.182,3.529365188578484,6.75883149919976,9.650024873729782,13.821637699354387
911,0.1822,3.5298628172334308,6.76435756262319,9.671352260289591,13.822960820563926
912,0.1824,3.533223015652772,6.766209043993528,9.680564001787708,13.824218129901716
913,0.1826,3.534003790201431,6.76712832816273,9.702906968603655,13.890315382903921
914,0.1828,3.537323117047346,6.770411759703898,9.728810376557659,13.96983674630251
915,0.183,3.5380801850195773,6.77478767244752,9.755544349706037,14.047100478915079
916,0.1832,3.5381450939238004,6.7796556671058825,9.782423941595946,14.122632393984016
917,0.1834,3.5381450939238004,6.784730595578398,9.809243765363066,14.195960427615539
918,0.1836,3.539004805379188,6.789899786402393,9.836143805541033,14.21179526804877
919,0.1838,3.5393983269520732,6.795118691131592,9.86327672146471,14.269072565249317
920,0.184,3.5395813471542676,6.797750375959003,9.891216299475431,14.320809991214354
921,0.1842,3.554933283982277,6.799306317959048,9.919369771282655,14.383597846283129
922,0.1844,3.5740794231897635,6.800403827636715,9.948016128843308,14.395724151830208
923,0.1846,3.5790596211690118,6.816357419249133,9.97665370277379,14.397110400263916
924,0.1848,3.5804745693160975,6.821002258484938,10.005022171300213,14.397560916776545
925,0.185,3.5961449411754347,6.822795454389014,10.016535767280883,14.398371318923623
926,0.1852,3.6002614104993302,6.823890131727826,10.02346354657411,14.414816948772359
927,0.1854,3.6014668833525665,6.8248087283975405,10.029073744232326,14.478923713698407
928,0.1856,3.602833381955586,6.825677382274606,10.051641767347581,14.532539107802293
929,0.1858,3.6044640281212494,6.826527140552823,10.06187678655521,14.596861768002388
930,0.186,3.6204715100110634,6.8274062061489955,10.069001441771652,14.610867473452716
931,0.1862,3.6397299880202625,6.828333547217529,10.075174524481895,14.61233706477065
932,0.1864,3.6446516865835,6.829367152720694,10.15639643908282,14.61233706477065
933,0.1866,3.6459772034343305,6.830493059871037,10.261199893931074,14.61233706477065
934,0.1868,3.661542887451146,6.834133235533197,10.297628518726162,14.613391320725503
935,0.187,3.665556606793635,6.83890725354536,10.384012098517594,14.615182942781374
936,0.1872,3.666658228919065,6.844140584766075,10.48193931048139,14.62984422925583
937,0.1874,3.667025660296138,6.8495321615670175,10.578869187761864,14.64713298426514
938,0.1876,3.6672076323434886,6.852533006516055,10.669501262496642,14.664923386512797
939,0.1878,3.6673896957463064,6.8545169737024105,10.754429700258958,14.682766668168286
940,0.188,3.667641543942522,6.856163440958268,10.83462871295637,14.700903535985296
941,0.1882,3.6830271375747836,6.857700488557907,10.910841279404869,14.705013438951083
942,0.1884,3.687018058683132,6.859193505587632,10.983269478296725,14.743304122204611
943,0.1886,3.70312418973733,6.8606602349658035,10.99784895615309,14.800535177680368
944,0.1888,3.707194294715926,6.862105040964331,10.999736480710371,14.810340341488901
945,0.189,3.7082521165611926,6.863529190602161,11.013503080677378,14.810340341488901
946,0.1892,3.708558438464799,6.864933300506807,11.030432415113816,14.810340341488901
947,0.1894,3.7096702366588117,6.866430440505482,11.048468344079637,14.82059449465503
948,0.1896,3.7112481121633305,6.87971146669668,11.052522717833389,14.835347474660589
949,0.1898,3.713019722730634,6.897661746949492,11.11140160346843,14.836511964739955
950,0.19,3.7138856944685794,6.905461732008213,11.181986866761541,14.836511964739955
951,0.1902,3.714296397146199,6.91119039114465,11.19770233056786,14.849261571970251
952,0.1904,3.714540512696138,6.916674026210788,11.257654676848693,14.850280324423485
953,0.1906,3.728758512660839,6.922139879207001,11.327072328258813,14.850280324423485
954,0.1908,3.7460998173974094,6.925263316882024,11.341773329643843,14.863206033597736
955,0.191,3.751121068829771,6.929752831860291,11.399703151869828,14.864682360159058
956,0.1912,3.752583673130559,6.932595118012901,11.41193517425731,14.864682360159058
957,0.1914,3.7530389853237165,6.948407876513383,11.428246591769739,14.866634775697579
958,0.1916,3.768283509794564,6.956259179896057,11.445876517170458,14.92218275716698
959,0.1918,3.7721937949666513,6.970996263716924,11.464074123050436,14.988456945355221
960,0.192,3.788409432622479,6.975471164813692,11.482799442191101,15.040221553916075
961,0.1922,3.7926119778686993,6.977623033592187,11.502158920341385,15.10168048324161
962,0.1924,3.7948000069644188,6.992474167429947,11.522119745272864,15.11492863307245
963,0.1926,3.79674570589033,6.999618331783867,11.542509037978151,15.168816388081298
964,0.1928,3.8119050256166163,7.005168425414285,11.563025557020477,15.182752713763396
965,0.193,3.815703697604796,7.010440059112251,11.568407217402703,15.242986705493434
966,0.1932,3.8167859106354585,7.015733124437392,11.5854517423489,15.25783505185945
967,0.1934,3.817217342487781,7.018699206969068,11.60660763430097,15.314286084621067
968,0.1936,3.8174932819868026,7.020552137524643,11.614503796568163,15.327336289361524
969,0.1938,3.817761852202762,7.022004345599366,11.619735467088194,15.329980599005525
970,0.194,3.8180700661471945,7.023319435123114,11.689919210425131,15.332664666388144
971,0.1942,3.818445365739337,7.0245803234005715,11.710638548245777,15.348471922542386
972,0.1944,3.8341321451136783,7.025811128314599,11.71764860871862,15.368356669847728
973,0.1946,3.8393800086631673,7.027018714745613,11.72278377101708,15.389552902462738
974,0.1948,3.8412928078516373,7.028205187702957,11.726219758755246,15.39625392680059
975,0.195,3.8574584231962836,7.029373728597342,11.729189355534759,15.400439070356867
976,0.1952,3.8619044861548724,7.0306231113090965,11.733849009157979,15.416884956240748
977,0.1954,3.864345202037764,7.0319471961368505,11.739808664836678,15.42109612349705
978,0.1956,3.8808644794974168,7.043616933742603,11.821147185620772,15.43788929553878
979,0.1958,3.9007296375893943,7.057407794756354,11.849942574297362,15.504442929533019
980,0.196,3.9060712332590573,7.071534633877856,11.862157614403753,15.580801620596032
981,0.1962,3.907700245277074,7.085536360190837,11.885776396374746,15.6395692003334
982,0.1964,3.9094580861578936,7.099163496787983,11.914209341574244,15.651575389148768
983,0.1966,3.910526371745862,7.112435553525159,11.926211183750443,15.713258252131174
984,0.1968,3.91124718321822,7.125458503701699,11.93333099641385,15.728833739116746
985,0.197,3.9262381179990373,7.138294316317725,12.015571378687607,15.732573133820194
986,0.1972,3.944539480797252,7.150971229508453,12.115699803938226,15.733297867714155
987,0.1974,3.949219730618849,7.1634308485467475,12.218540464810898,15.75090050404366
988,0.1976,3.9506331407365263,7.177658839739294,12.316691276273803,15.7752123427992
989,0.1978,3.9512626845092695,7.1925984370870815,12.41250887498674,15.801334160063142
990,0.198,3.9669627789281603,7.1962272392757605,12.506938480205193,15.828037718853029
991,0.1982,3.9711372691532048,7.208457450534593,12.534370832627511,15.855010360849604
992,0.1984,3.9733994278923697,7.222575847228975,12.610321453337848,15.864127395843761
993,0.1986,3.9744719360666254,7.237102642874807,12.633787166007286,15.866479490826956
994,0.1988,3.9751007169346586,7.2515593117676795,12.709663561660513,15.868556604058815
995,0.199,3.9909663288412167,7.265862775925457,12.73276622830358,15.869502153010984
996,0.1992,4.009579352660018,7.268328500384431,12.807869613862511,15.86951214825109
997,0.1994,4.029557915437218,7.268328500384431,12.829722548060913,15.86951214825109
998,0.1996,4.034784746527926,7.268328500384431,12.90207973500767,15.86951214825109
999,0.1998,4.036318205023651,7.268328500384431,12.922605242285973,15.86951214825109
1000,0.2,4.036929571339867,7.268328500384431,12.94444715378854,15.86951214825109
1001,0.2002,4.03736519506996,7.268328500384431,12.96626958110563,15.86951214825109
1002,0.2004,4.037799395877072,7.268328500384431,12.973046985429102,15.869544546103604
1003,0.2006,4.0382492468817155,7.268328500384431,12.991359266598597,15.869557735938532
1004,0.2008,4.038745106094071,7.268346494519694,12.997450563080331,15.869625867976549
1005,0.201,4.053597442946753,7.2684153095385415,13.065001092119182,15.869687073693333
1006,0.2012,4.057529063521718,7.268505644645847,13.147561930828285,15.884667295342867
1007,0.2014,4.058884453161862,7.268606998120344,13.169465646920782,15.900673278081904
1008,0.2016,4.073910690669759,7.2687251444587755,13.236537939779252,15.918960746558431
1009,0.2018,4.093093988322856,7.270767917304998,13.253886052241313,15.923245882205352
1010,0.202,4.112508196617386,7.273747776077927,13.260081419798189,15.939152801957988
1011,0.2022,4.132642612090134,7.27506856085889,13.263148307409422,15.942927650325688
1012,0.2024,4.137910763395537,7.275620531251641,13.28065896583468,15.956365153652023
1013,0.2026,4.139476887735855,7.27601994245557,13.301918230540482,15.959159754586477
1014,0.2028,4.15442382843172,7.2871750770340205,13.32409877052869,15.961991056528053
1015,0.203,4.173374003431306,7.30106310864239,13.33101084875504,15.963257971595404
1016,0.2032,4.178304755462412,7.3137482740850785,13.334016268155791,15.978587099606996
1017,0.2034,4.180655455157356,7.327034935164338,13.336069786712798,15.982300367237803
1018,0.2036,4.196845268204469,7.331674877175741,13.3379714993874,15.983083759848322
1019,0.2038,4.201149246161781,7.333236926168239,13.340060537922795,15.983347776436506
1020,0.204,4.202700330120192,7.349068981757944,13.34235054114343,15.998154907107597
1021,0.2042,4.205550779627059,7.353083237006581,13.36055121935676,16.016499978981145
1022,0.2044,4.2064402498322435,7.369288148330946,13.382981279091707,16.03633110925627
1023,0.2046,4.206831369413108,7.3884570359974076,13.39106169751427,16.04181775097231
1024,0.2048,4.207108190071952,7.393088344111899,13.463826247812017,16.043762441266328
1025,0.205,4.207349355243422,7.3953917006424765,13.48687482142927,16.057381235893764
1026,0.2052,4.209799341156564,7.411452465853635,13.512235826690992,16.07569383031975
1027,0.2054,4.212783281731348,7.430720199260444,13.538636580208133,16.082921360881393
1028,0.2056,4.2137115597575665,7.435461440789352,13.565940957085699,16.10027081045347
1029,0.2058,4.2141112024531076,7.445340960403003,13.576732932222088,16.119759564111284
1030,0.206,4.2143741392137875,7.447430763070196,13.655279095094496,16.124439569826325
1031,0.2062,4.229742522251095,7.458505441869383,13.681742067226677,16.125605799417805
1032,0.2064,4.248800231967277,7.461387416557637,13.6925800574212,16.12599182380864
1033,0.2066,4.268642812340973,7.46214808024344,13.69870062354226,16.130408875940496
1034,0.2068,4.287496930095015,7.473004308804177,13.703567753949297,16.13725673921945
1035,0.207,4.30678654413593,7.475977809460649,13.724095567210718,16.14302579190171
1036,0.2072,4.312421124480533,7.485604543346546,13.748836210718244,16.160575383278474
1037,0.2074,4.313970668290022,7.498317352808643,13.758111375560366,16.180790066704574
1038,0.2076,4.329278807052687,7.501697460604417,13.779320990596316,16.1996738470634
1039,0.2078,4.333037275116205,7.502710612521431,13.803505814950498,16.220209796262907
1040,0.208,4.333963468650779,7.504925770979272,13.828467952004385,16.226759974712404
1041,0.2082,4.3492242871571385,7.516459973396132,13.83727691965306,16.229666531434386
1042,0.2084,4.353040907087895,7.519634525562928,13.844178921835317,16.246758470396053
1043,0.2086,4.368050753909927,7.520627764373593,13.901292503789959,16.267421797943534
1044,0.2088,4.3715772343709665,7.521089436346733,13.924865675273336,16.27352585598574
1045,0.209,4.373447677748146,7.521441565894735,13.936258263683921,16.27821096845003
1046,0.2092,4.37423062345725,7.521787647293285,13.943357530918947,16.324469507540606
1047,0.2094,4.389696506555325,7.522150976258134,13.949361153083137,16.379495894537087
1048,0.2096,4.408701181399509,7.522535188897943,14.007485139645611,16.43104295968848
1049,0.2098,4.413500743884289,7.522944167200355,14.03363442642711,16.48195278763913
1050,0.21,4.429832136733416,7.538727518462984,14.097733332242235,16.534017258973265
1051,0.2102,4.433993260108269,7.543229523955037,14.1243430872824,16.545991973166725
1052,0.2104,4.4350948933811924,7.544881752459345,14.186453592793306,16.548452530571602
1053,0.2106,4.450537551434886,7.561084014178854,14.2603468867727,16.56340467655891
1054,0.2108,4.45449785532545,7.565658026204221,14.28761492636075,16.582095126765463
1055,0.211,4.456547448445468,7.567258054486872,14.300601141615516,16.601958113584008
1056,0.2112,4.4714996820690684,7.568091498406918,14.376857387301659,16.607175935042218
1057,0.2114,4.490181623212586,7.56877769265314,14.470712286955788,16.6238753929073
1058,0.2116,4.494860139473937,7.569405721451322,14.566720981128794,16.643042836560806
1059,0.2118,4.496054505081837,7.570002462704405,14.59543737237897,16.650290556015808
1060,0.212,4.496380798983117,7.570607650696702,14.605436784324255,16.667765012138556
1061,0.2122,4.496489763360343,7.571243630890305,14.610232654355451,16.672546812450857
1062,0.2124,4.496543378199052,7.5719424804378015,14.613581746457186,16.68712847003124
1063,0.2126,4.496582016734456,7.572722893877252,14.616567280552408,16.690814144333267
1064,0.2128,4.49664097653655,7.573519985279373,14.671605534084833,16.692063839569492
1065,0.213,4.496734327822778,7.5743155078763715,14.742675215057933,16.751345282752443
1066,0.2132,4.496841240678526,7.575075670793222,14.817369718908296,16.76808080457135
1067,0.2134,4.49695130075609,7.575843197316301,14.891569134783529,16.789559349056454
1068,0.2136,4.497060825956125,7.576587851636671,14.917769079747105,16.799359733439502
1069,0.2138,4.497168700722794,7.578661110198589,14.982636090005142,16.86206074601985
1070,0.214,4.49727463771196,7.580125504330452,15.00519007743946,16.88063184889476
1071,0.2142,4.49737861465511,7.5811941596840775,15.070031905608491,16.905403516174395
1072,0.2144,4.497480661543733,7.582101252654499,15.091045315084381,16.973062899754844
1073,0.2146,4.497580822431515,7.582949856910573,15.099328353309215,16.991322602053586
1074,0.2148,4.4976791460443,7.58377646930012,15.158085067352976,16.996804661705536
1075,0.215,4.4977921377321355,7.584592881197423,15.229680441748593,17.038268958131898
1076,0.2152,4.4979152583589554,7.585432247754716,15.251402702454964,17.087494811012988
1077,0.2154,4.498028933462829,7.586289174073121,15.263475796807638,17.098694901614515
1078,0.2156,4.498136874314201,7.5871899940212435,15.324943951820593,17.10200807601822
1079,0.2158,4.499934777261206,7.603583236760922,15.398522408199211,17.122258812644727
1080,0.216,4.500417378177839,7.623852855615585,15.421359196569826,17.151409692655427
1081,0.2162,4.500613828073198,7.643740061480708,15.489904782762439,17.16416708743047
1082,0.2164,4.501731966914998,7.663113663030744,15.514198806289773,17.212503300643878
1083,0.2166,4.5033270255805835,7.668224574832804,15.525767511063904,17.22443948444236
1084,0.2168,4.504121965029078,7.6853309574353155,15.601965477680787,17.29042965067869
1085,0.217,4.504501087407006,7.691432096464338,15.694581533374935,17.307883399814944
1086,0.2172,4.504727449506499,7.709049491459945,15.787509731355591,17.329714046063298
1087,0.2174,4.5065738201594705,7.729252954782015,15.879119437581835,17.400309361656902
1088,0.2176,4.507090442718489,7.7499020127222495,15.906414168554589,17.420388872822837
1089,0.2178,4.521369793033331,7.755361387771419,15.917697402369651,17.426605967614144
1090,0.218,4.538686468537079,7.756944408138134,15.925526302513042,17.429477244802396
1091,0.2182,4.556515566646425,7.757535668160987,15.932457713331292,17.444676841067796
1092,0.2184,4.574343375122819,7.75786835644422,15.94028225537258,17.464297371988383
1093,0.2186,4.593016995786415,7.758128871408146,16.02247792028308,17.48537339141543
1094,0.2188,4.5973117673381445,7.760233780346559,16.051456239807656,17.491535304562646
1095,0.219,4.599074415104732,7.770968125060235,16.138053096918494,17.50960050245889
1096,0.2192,4.600475821570155,7.782035704078455,16.16750188114612,17.51558009768961
1097,0.2194,4.603451290496204,7.785109491949163,16.17941102773921,17.580140871155166
1098,0.2196,4.606884573103251,7.788025862867356,16.18601703842072,17.596763077900498
1099,0.2198,4.61040502279513,7.791313382807038,16.194516312506217,17.64534642788717
1100,0.22,4.612392082581008,7.794900155123726,16.292033463617035,17.656027169843664
1101,0.2202,4.614071084655666,7.798653025610727,16.33019011149369,17.71980101884478
1102,0.2204,4.6296960706776575,7.802494039760902,16.42235532298442,17.79696831483122
1103,0.2206,4.633598543118638,7.806290108948113,16.52667527851887,17.81610870983328
1104,0.2208,4.648525868849446,7.8084444087678495,16.629965368942358,17.84168253685983
1105,0.221,4.6530042290688876,7.8098288614188025,16.73066742268383,17.855578819438158
1106,0.2212,4.669271020690009,7.810931408354054,16.827876567285426,17.87844772130916
1107,0.2214,4.673340078857957,7.8119291010967995,16.92350097795157,17.905684708640514
1108,0.2216,4.6894002824525005,7.81287773220464,17.016090512654085,17.978610578615093
1109,0.2218,4.693406538597913,7.813898846696915,17.107367872164932,18.057628793350396
1110,0.222,4.694405446263163,7.822436712571874,17.19390157065585,18.09622184966361
1111,0.2222,4.694658010890767,7.832374191860449,17.225207453478244,18.16439044119389
1112,0.2224,4.694726106344474,7.835099687013325,17.320757299712028,18.230703121161223
1113,0.2226,4.694748727406349,7.837986668798977,17.348956677564658,18.292666186435348
1114,0.2228,4.7097710136513715,7.841326657957134,17.358861290861146,18.338342306199053
1115,0.223,4.728387615389479,7.8432617278850225,17.378931350649836,18.343655488047016
1116,0.2232,4.7477760698790705,7.846240426018213,17.400698165059104,18.343655488047016
1117,0.2234,4.767160215237017,7.848103734736061,17.422386637840418,18.343655488047016
1118,0.2236,4.786318911141759,7.8585810652075265,17.42869187202206,18.39956771173336
1119,0.2238,4.805280445971612,7.862081199309368,17.446192705439124,18.412120620795328
1120,0.224,4.809493980593237,7.8637357361743865,17.46635629965183,18.414277432566134
1121,0.2242,4.809944280077587,7.864895010385707,17.47178259532524,18.428491069976236
1122,0.2244,4.809944280077587,7.865913426573982,17.488749559085207,18.44812024923294
1123,0.2246,4.823198608404066,7.866903149046644,17.49340143084654,18.470463865663906
1124,0.2248,4.839339625202927,7.86956434838849,17.494904786845456,18.490440225582017
1125,0.225,4.84029580417705,7.8729815566558505,17.49559075348792,18.494802115751984
1126,0.2252,4.84029580417705,7.876775842399355,17.55751206321434,18.494802115751984
1127,0.2254,4.84029580417705,7.879041771918606,17.63301136570107,18.494802115751984
1128,0.2256,4.84029580417705,7.882364888254792,17.65439243327726,18.494802115751984
1129,0.2258,4.84029580417705,7.886177527480897,17.73261404238695,18.49700530216962
1130,0.226,4.84029580417705,7.8884472592958375,17.75067646734633,18.497746061668835
1131,0.2262,4.854279244556921,7.890056064372527,17.815456874879548,18.509999095450063
1132,0.2264,4.871767934514084,7.891477281182714,17.83192896941618,18.515189017698347
1133,0.2266,4.874274478448779,7.89459844749877,17.89650513936591,18.532057239531866
1134,0.2268,4.874274478448779,7.898490122540165,17.91269588653014,18.55176463632482
1135,0.227,4.874274478448779,7.902603454804563,17.91828415682512,18.571595906458686
1136,0.2272,4.874274478448779,7.905024182391323,17.98197160932559,18.577305815776807
1137,0.2274,4.874274478448779,7.906709457678405,18.06086962781227,18.57971098920665
1138,0.2276,4.874274478448779,7.908149798541021,18.140295858002453,18.59526386245984
1139,0.2278,4.888459513887345,7.909509236238847,18.159105974820367,18.614194122910064
1140,0.228,4.906147132173594,7.910835324100236,18.22017122827443,18.619584251910453
1141,0.2282,4.924539258398598,7.912141059944947,18.29017586033166,18.621380106294485
1142,0.2284,4.928508259332019,7.913430049426787,18.305323125900998,18.63431993018664
1143,0.2286,4.942551144987036,7.91470345285839,18.311464395145666,18.651982363218522
1144,0.2288,4.959864433005985,7.915961813114539,18.36975863508047,18.658621048590334
1145,0.229,4.963570351366531,7.917209160165909,18.434946424488743,18.67557623703901
1146,0.2292,4.96412623019318,7.918454656770478,18.45069821608519,18.6919872093601
1147,0.2294,4.978659041703932,7.919701662791755,18.50907152367964,18.707921171133336
1148,0.2296,4.98193945713207,7.920942483451425,18.521710482472386,18.711330039572957
1149,0.2298,4.982442783340193,7.922172510265049,18.523891765028033,18.726189134001014
1150,0.23,4.982442783340193,7.923390357738207,18.523981901331492,18.729698481097145
1151,0.2302,4.983258227250158,7.924595891666487,18.52435873912518,18.730533865773715
1152,0.2304,4.998344299752432,7.925789291671908,18.584135004419494,18.74492660958516
1153,0.2306,5.002000414175872,7.9269707756041425,18.5985821604596,18.76276118119897
1154,0.2308,5.01762999077435,7.928140546504287,18.644564169709756,18.766958203347425
1155,0.231,5.021359512500835,7.9292987914298365,18.663975100907066,18.78242510940628
1156,0.2312,5.0221806089251455,7.930445686914922,18.672304706381382,18.785878245838845
1157,0.2314,5.037163969578361,7.931581402452124,18.67429696363575,18.78643158562088
1158,0.2316,5.040773613152674,7.932706437126383,18.674775104103286,18.78984203232756
1159,0.2318,5.041558367875122,7.933820932939841,18.67488992699405,18.795791086083717
1160,0.232,5.042705076561437,7.934924966495215,18.674917511022787,18.803308236810302
1161,0.2322,5.058054760322857,7.9360186544410265,18.674924140081774,18.8122296555523
1162,0.2324,5.061812123267483,7.93710213791005,18.6749257341836,18.822408308436263
1163,0.2326,5.0626457827954106,7.938175567531582,18.674926118485025,18.83339829789378
1164,0.2328,5.062845645095279,7.939281891277648,18.674926213044905,18.856530732271576
1165,0.233,5.077778905518875,7.947824603963126,18.674926236662557,18.88398749245783
1166,0.2332,5.096255638119924,7.957885459416657,18.67492624258745,18.91260731740447
1167,0.2334,5.100669858889895,7.96980437265989,18.67492631072303,18.949704446067166
1168,0.2336,5.115371167902237,7.982363839664018,18.67492635624741,18.964385565248026
1169,0.2338,5.119616296615676,7.99509673243979,18.67492637500316,18.976715179424158
1170,0.234,5.12192012629382,8.007704141657078,18.6749263814564,18.983061189319614
1171,0.2342,5.122729712032027,8.011166646197996,18.674926383484692,19.010821206631995
1172,0.2344,5.137898973356096,8.02122036640207,18.674926384089012,19.040901565523953
1173,0.2346,5.141617977689161,8.032539955360042,18.674926384263422,19.07585298758371
1174,0.2348,5.14354289103127,8.043880250675201,18.674926384312688,19.091365608387214
1175,0.235,5.159206519999136,8.055094712416349,18.674926384326383,19.098270846231994
1176,0.2352,5.163139846586844,8.06613790910807,18.674926384330142,19.102551212660515
1177,0.2354,5.164105232612411,8.07699386722108,18.674926384331165,19.106085336237705
1178,0.2356,5.1643215667791535,8.087580747367332,18.674926384331442,19.109536163542817
1179,0.2358,5.178238927693556,8.097939306073743,18.674926384331517,19.112996252107653
1180,0.236,5.182470507480178,8.09806929920594,18.67492638433154,19.160181197234994
1181,0.2362,5.198618107888566,8.09806929920594,18.674926384331542,19.171632434117605
1182,0.2364,5.202574935835318,8.09806929920594,18.674926384331542,19.176466155523173
1183,0.2366,5.203485480587366,8.09806929920594,18.674926384331542,19.180052530053217
1184,0.2368,5.217501842168996,8.09806929920594,18.674926384331542,19.18348797061167
1185,0.237,5.220679950719033,8.09806929920594,18.674926384331542,19.186892184917927
1186,0.2372,5.221418716899473,8.09806929920594,18.674926384331542,19.190299639526277
1187,0.2374,5.221623449868272,8.09806929920594,18.674926384331542,19.19354565927792
1188,0.2376,5.221740109267521,8.09806929920594,18.674926384331542,19.196822069166213
1189,0.2378,5.235858481373704,8.09806929920594,18.674926384331542,19.200096670570378
1190,0.238,5.2402594473273565,8.09806929920594,18.674926384331542,19.2033271259459
1191,0.2382,5.2566673330898634,8.09806929920594,18.674926384331542,19.206608321469236
1192,0.2384,5.26083390393598,8.09806929920594,18.674926384331542,19.21130451954094
1193,0.2386,5.262066866452397,8.09806929920594,18.674926384331542,19.217081755050593
1194,0.2388,5.262532882402603,8.09806929920594,18.674926384331542,19.223235926985428
1195,0.239,5.277944301634951,8.09806929920594,18.674926384331542,19.22959556973687
1196,0.2392,5.281953227623103,8.09806929920594,18.674926384331542,19.261770529503263
1197,0.2394,5.283079058732222,8.09806929920594,18.674926384331542,19.347120617825897
1198,0.2396,5.283631163137737,8.09806929920594,18.674926384331542,19.43969448625811
1199,0.2398,5.298074602835197,8.09806929920594,18.674926384331542,19.52134160802104
1200,0.24,5.302656621907914,8.09806929920594,18.674926384331542,19.603232052456917
1201,0.2402,5.3041704968090135,8.09806929920594,18.674926384331542,19.62418025071613
1202,0.2404,5.3049982159355435,8.09806929920594,18.674926384331542,19.631831553132443
1203,0.2406,5.320773692038384,8.09806929920594,18.674926384331542,19.65440761697959
1204,0.2408,5.3250336820559925,8.09806929920594,18.674926384331542,19.68326799658701
1205,0.241,5.340427435703945,8.09806929920594,18.674926384331542,19.696297568545315
1206,0.2412,5.359469871879168,8.09806929920594,18.674926384331542,19.748095456517298
1207,0.2414,5.364522446054823,8.09806929920594,18.674926384331542,19.76140533070388
1208,0.2416,5.366049342977255,8.09806929920594,18.674926384331542,19.76823751237643
1209,0.2418,5.381889564238693,8.09806929920594,18.674926384331542,19.773917526329924
1210,0.242,5.386084490678384,8.106878636423206,18.674926384331542,19.839668872104443
1211,0.2422,5.401487400223887,8.11770737269429,18.674926384331542,19.85845683455986
1212,0.2424,5.405310282334484,8.128848261481334,18.674926384331542,19.891263567013155
1213,0.2426,5.420533995442048,8.136761272257289,18.674926384331542,19.931540213892152
1214,0.2428,5.424249738708733,8.136761272257289,18.674926384331542,20.011363811628343
1215,0.243,5.425275832036074,8.136761272257289,18.674926384331542,20.031446927899946
1216,0.2432,5.426695345740675,8.136761272257289,18.674926384331542,20.059330873882402
1217,0.2434,5.428641885407209,8.136761272257289,18.674926384331542,20.091761312603143
1218,0.2436,5.430742548249198,8.136761272257289,18.674926384331542,20.104291623875834
1219,0.2438,5.432932453801835,8.14953244835404,18.674926384331542,20.16819286891036
1220,0.244,5.435328760302818,8.153403224983299,18.674926384331542,20.18230961411447
1221,0.2442,5.437903063386467,8.154395105648659,18.674926384331542,20.206803392194846
1222,0.2444,5.439438224610697,8.169514411569674,18.674926384331542,20.281170927514122
1223,0.2446,5.4549876282700085,8.188027961205083,18.674926384331542,20.3000685733679
1224,0.2448,5.459346092380433,8.192608215535973,18.674926384331542,20.31209519958288
1225,0.245,5.460975462379209,8.195210600523971,18.674926384331542,20.378071413779846
1226,0.2452,5.462999992968641,8.21130247200078,18.674926384331542,20.455519886307133
1227,0.2454,5.465434921010588,8.215643330487028,18.674926384331542,20.471678723452317
1228,0.2456,5.467028082588343,8.21844219474956,18.674926384331542,20.535237859306125
1229,0.2458,5.470129678487621,8.219977587126175,18.674926384331542,20.550261399325237
1230,0.246,5.4745962724401505,8.221063715227098,18.674926384331542,20.554058943927966
1231,0.2462,5.47658723563074,8.221916386274685,18.674926384331542,20.555208743826796
1232,0.2464,5.480145110365232,8.223912423827233,18.674926384331542,20.558798095857252
1233,0.2466,5.481806502912196,8.22487724808231,18.674926384331542,20.561400725692714
1234,0.2468,5.498590956667557,8.225574993588666,18.674926384331542,20.562933607817502
1235,0.247,5.519107715662516,8.240145771052244,18.674926384331542,20.56469628280824
1236,0.2472,5.540406161446177,8.258831878637805,18.674926384331542,20.566663882958366
1237,0.2474,5.54633003213076,8.263474516523575,18.674926384331542,20.614936756866424
1238,0.2476,5.563728290173603,8.264651484564542,18.674926384331542,20.6259702437513
1239,0.2478,5.568596995848605,8.26499889805662,18.674926384331542,20.630121997484476
1240,0.248,5.585576334522743,8.273653774916607,18.674926384331542,20.63244261799172
1241,0.2482,5.605574470635237,8.28588421876979,18.674926384331542,20.63474463278123
1242,0.2484,5.62623289492742,8.299291894070214,18.674926384331542,20.637418976939237
1243,0.2486,5.631755235104293,8.313183360944805,18.674926384331542,20.640473266582017
1244,0.2488,5.6486309739909855,8.318734824271294,18.674926384331542,20.643406109682736
1245,0.249,5.668233907120237,8.329562101589971,18.674926384331542,20.648476673558132
1246,0.2492,5.6883667795932,8.342872735918647,18.674926384331542,20.66764494891801
1247,0.2494,5.708546971619053,8.346621192656897,18.674926384331542,20.689768845822805
1248,0.2496,5.7147775069586935,8.349150526386202,18.674926384331542,20.71288229637068
1249,0.2498,5.716669337213252,8.351586778468706,18.674926384331542,20.720277695689997
1250,0.25,5.718457487651866,8.35305871756747,18.674926384331542,20.72361908975342
1251,0.2502,5.72053702717047,8.362771518157128,18.674926384331542,20.74468695397277
1252,0.2504,5.721553742601076,8.374143625875544,18.674926384331542,20.757597072988542
1253,0.2506,5.722036918328706,8.378979902970334,18.674926384331542,20.816579275915224
1254,0.2508,5.722324232718838,8.391601886862489,18.674926384331542,20.87727367626218
1255,0.251,5.722547103944164,8.396983489434401,18.674926384331542,20.9364053428586
1256,0.2512,5.722749052776181,8.409890750445507,18.674926384331542,20.993973334480994
1257,0.2514,5.722943388791962,8.413568690360869,18.674926384331542,21.008305763888416
1258,0.2516,5.72313400965497,8.416078482042991,18.674926384331542,21.05585878016199
1259,0.2518,5.723322051759333,8.431396136413502,18.674926384331542,21.06608145077325
1260,0.252,5.723507861549439,8.450577635898922,18.674926384331542,21.08581806013233
1261,0.2522,5.723691564774172,8.455522355355544,18.674926384331542,21.154899158848643
1262,0.2524,5.7238740921304965,8.456902506667152,18.674926384331542,21.19019227089794
1263,0.2526,5.724055715056211,8.457566809003817,18.674926384331542,21.261005594806146
1264,0.2528,5.724650482246398,8.467261473389753,18.674926384331542,21.33568725548139
1265,0.253,5.725456217583512,8.471141980393908,18.674926384331542,21.353921167573713
1266,0.2532,5.7263441978048535,8.488229872508033,18.674926384331542,21.389912318510486
1267,0.2534,5.7272691675686795,8.508462918397912,18.674926384331542,21.431378669135615
1268,0.2536,5.728218087908939,8.529539399069774,18.674926384331542,21.460002528712447
1269,0.2538,5.729128591595709,8.535616244937497,18.674926384331542,21.486667562376642
1270,0.254,5.730020621151528,8.548974322026364,18.674926384331542,21.51498798182157
1271,0.2542,5.730504958524864,8.553174449509767,18.674926384331542,21.526585830920393
1272,0.2544,5.730823926397637,8.56558872918377,18.674926384331542,21.576399765998392
1273,0.2546,5.731092028602052,8.578750342086863,18.674926384331542,21.630507067404018
1274,0.2548,5.745725837678752,8.593599590446459,18.674926384331542,21.645637139118534
1275,0.255,5.749912158131098,8.597594961099697,18.674926384331542,21.695755135967257
1276,0.2552,5.753672901643726,8.598842741279977,18.674926384331542,21.727258268558842
1277,0.2554,5.757340928014979,8.60915811744377,18.674926384331542,21.73976173927301
1278,0.2556,5.761010739007664,8.623331377008054,18.674926384331542,21.766701569492255
1279,0.2558,5.764313342941121,8.627126806082948,18.674926384331542,21.779317712162953
1280,0.256,5.767427994082049,8.628625712014095,18.674926384331542,21.834595254136808
1281,0.2562,5.770829738607916,8.629683689691097,18.674926384331542,21.847700685158674
1282,0.2564,5.771938969205051,8.64040065486019,18.674926384331542,21.869906428451635
1283,0.2566,5.772454479156507,8.653209739080673,18.674926384331542,21.88138602560545
1284,0.2568,5.7732071253649355,8.656477419775088,18.674926384331542,21.890303428029835
1285,0.257,5.7737739554023255,8.657572427171583,18.674926384331542,21.897526868298478
1286,0.2572,5.774247784991254,8.658160833009797,18.674926384331542,21.956111997076142
1287,0.2574,5.774649606626098,8.658632759721545,18.674926384331542,22.040216055619585
1288,0.2576,5.774997155313539,8.659106772074413,18.674926384331542,22.11361450707917
1289,0.2578,5.775303809559686,8.669498504680561,18.674926384331542,22.19539758677703
1290,0.258,5.775578962081542,8.683766728676343,18.674926384331542,22.27294418773217
1291,0.2582,5.7758297900472035,8.687500659178687,18.674926384331542,22.35125756125178
1292,0.2584,5.77606204536539,8.688590576548709,18.674926384331542,22.370048575869763
1293,0.2586,5.776321711728305,8.689183630213165,18.674926384331542,22.374304240057732
1294,0.2588,5.7766137877117405,8.689628391032732,18.674926384331542,22.375377970401505
1295,0.259,5.777398696401826,8.690019749326904,18.674926384331542,22.376892007741386
1296,0.2592,5.778076040839223,8.702702262910458,18.674926384331542,22.428819755789267
1297,0.2594,5.779082907709559,8.718580567429507,18.674926384331542,22.48947540138675
1298,0.2596,5.779873869820429,8.735219110258903,18.674926384331542,22.547114944661573
1299,0.2598,5.783158883179001,8.752093163023625,18.674926384331542,22.599230256825617
1300,0.26,5.784496401767131,8.768843053907721,18.674926384331542,22.66489120968882
1301,0.2602,5.78748256373681,8.78572572000528,18.674926384331542,22.729382785141638
1302,0.2604,5.7908012460709966,8.79037743617586,18.674926384331542,22.79133249358521
1303,0.2606,5.795316098465119,8.79188150039081,18.674926384331542,22.850760453177248
1304,0.2608,5.799045744153658,8.793758654678697,18.674926384331542,22.907990072500088
1305,0.261,5.800596984862764,8.795947125809874,18.674926384331542,22.963144065981826
1306,0.2612,5.803989925836585,8.812048187720805,18.674926384331542,23.01651433445681
1307,0.2614,5.807833202737108,8.831167250184958,18.674926384331542,23.07258864011235
1308,0.2616,5.809577968355481,8.850763906268124,18.674926384331542,23.11150471083078
1309,0.2618,5.824760691419721,8.870315460496574,18.674926384331542,23.169539465400447
1310,0.262,5.829116933878768,8.874712029389832,18.674926384331542,23.2134359476777
1311,0.2622,5.831026168593131,8.888916463861774,18.674926384331542,23.255618594847622
1312,0.2624,5.832417380999248,8.892936054754276,18.674926384331542,23.275906675495612
1313,0.2626,5.8332289128548585,8.908756060539643,18.674926384331542,23.27903113686319
1314,0.2628,5.8361039341460845,8.91233857674492,18.674926384331542,23.27903113686319
1315,0.263,5.839816464450074,8.912805131256315,18.674926384331542,23.27903113686319
1316,0.2632,5.843811854028495,8.912805131256315,18.674926384331542,23.279727691748615
1317,0.2634,5.845659204182637,8.927609611847839,18.674926384331542,23.28280165251122
1318,0.2636,5.84709522130241,8.93094470758722,18.674926384331542,23.283437602363428
1319,0.2638,5.850723470515707,8.93144465560565,18.674926384331542,23.29302499961683
1320,0.264,5.852024647436396,8.93254945333803,18.674926384331542,23.31790054936565
1321,0.2642,5.852730478566445,8.934553040200548,18.674926384331542,23.33717890395381
1322,0.2644,5.853261953169752,8.935669307803574,18.674926384331542,23.37562490551394
1323,0.2646,5.853733570277763,8.938808114975409,18.674926384331542,23.40810478987078
1324,0.2648,5.8541781755590145,8.940130239358655,18.674926384331542,23.477268281321265
1325,0.265,5.854605486755392,8.940535940359077,18.674926384331542,23.51670934914269
1326,0.2652,5.855018595850775,8.940627372847967,18.674926384331542,23.536068124244004
1327,0.2654,5.8554235523530656,8.943128009434695,18.674926384331542,23.54137695553349
1328,0.2656,5.855823109969477,8.944319388883514,18.674926384331542,23.559928639428264
1329,0.2658,5.856218584609542,8.944778264023743,18.674926384331542,23.59256992471252
1330,0.266,5.856610746605514,8.944974678645202,18.674926384331542,23.615900800297936
1331,0.2662,5.859825705661022,8.9450930534886,18.674926384331542,23.637138618699076
1332,0.2664,5.863719825395359,8.958822742448872,18.674926384331542,23.648099158862493
1333,0.2666,5.867317288494445,8.975580724345027,18.674926384331542,23.656146894587543
1334,0.2668,5.870717941500663,8.979312574797321,18.674926384331542,23.684931453588693
1335,0.267,5.874028077438837,8.993966925722745,18.674926384331542,23.689738390074563
1336,0.2672,5.877285367002247,9.012351916888228,18.674926384331542,23.696713901826065
1337,0.2674,5.881660472993111,9.016996052622295,18.674926384331542,23.70881788016654
1338,0.2676,5.88653950104635,9.018315982141381,18.674926384331542,23.749091015402772
1339,0.2678,5.89157828764012,9.018822244960033,18.674926384331542,23.789198708071808
1340,0.268,5.896660509173023,9.032973557200338,18.674926384331542,23.828715058132932
1341,0.2682,5.900550683168109,9.036528268518678,18.674926384331542,23.84349667864236
1342,0.2684,5.903855447170135,9.037648921507232,18.674926384331542,23.862766591004707
1343,0.2686,5.906944743740922,9.03819741636578,18.674926384331542,23.877493156710916
1344,0.2688,5.909961398418967,9.03904879951947,18.674926384331542,23.888401156324846
1345,0.269,5.912951626094801,9.040235416241444,18.674926384331542,23.89927077462197
1346,0.2692,5.915929701647444,9.055455638386245,18.674926384331542,23.907327013971855
1347,0.2694,5.918890026983963,9.05944478887095,18.674926384331542,23.916363200116354
1348,0.2696,5.921165041782077,9.060535894433134,18.674926384331542,23.925217031653485
1349,0.2698,5.921165041782077,9.060904726291131,18.674926384331542,23.93369311663641
1350,0.27,5.921165041782077,9.061101969481422,18.674926384331542,23.95711246034597
1351,0.2702,5.921165041782077,9.061264287981652,18.674926384331542,23.983760240729584
1352,0.2704,5.921165041782077,9.061667837731488,18.674926384331542,23.996572120301206
1353,0.2706,5.921165041782077,9.075729138814273,18.674926384331542,24.013214349004134
1354,0.2708,5.921165041782077,9.09430555678755,18.674926384331542,24.029694861506524
1355,0.271,5.921165041782077,9.114267815581588,18.674926384331542,24.10969791004892
1356,0.2712,5.922316457961116,9.11952366848704,18.674926384331542,24.159237955531005
1357,0.2714,5.92283157351636,9.121120853328993,18.674926384331542,24.220533731153335
1358,0.2716,5.922950363430303,9.135455372365845,18.674926384331542,24.226497107947885
1359,0.2718,5.924121235591745,9.152779616196728,18.674926384331542,24.26201786408917
1360,0.272,5.925850833055782,9.170742796824536,18.674926384331542,24.30157827936171
1361,0.2722,5.926654940365489,9.18877510703612,18.674926384331542,24.30331385430706
1362,0.2724,5.926977585830767,9.206729427072858,18.674926384331542,24.31277400121298
1363,0.2726,5.927206562052091,9.225427258216916,18.674926384331542,24.325713441259545
1364,0.2728,5.927425040849526,9.22983634206584,18.674926384331542,24.337700944424007
1365,0.273,5.927677671163087,9.231144239930504,18.674926384331542,24.35285653222246
1366,0.2732,5.927949114062429,9.232990809773815,18.674926384331542,24.353148652629663
1367,0.2734,5.928259961089166,9.235307700113541,18.674926384331542,24.360481154643445
1368,0.2736,5.928573847503907,9.237870691606037,18.674926384331542,24.360481154643445
1369,0.2738,5.929013600622922,9.240582218608887,18.674926384331542,24.37121085635202
1370,0.274,5.943672361077542,9.243417661552236,18.674926384331542,24.37121085635202
1371,0.2742,5.962778045582477,9.244792913357525,18.674926384331542,24.379085102908764
1372,0.2744,5.982011095692822,9.245448286831325,18.674926384331542,24.390884825680875
1373,0.2746,5.988095048511594,9.245894682187224,18.674926384331542,24.39825198903042
1374,0.2748,6.00538519775841,9.246715789442423,18.674926384331542,24.39825198903042
1375,0.275,6.025271706857436,9.247371539571951,18.674926384331542,24.39825198903042
1376,0.2752,6.030816556227691,9.262033791205887,18.674926384331542,24.39825198903042
1377,0.2754,6.046686753028747,9.27944493105169,18.674926384331542,24.39825198903042
1378,0.2756,6.05218060523981,9.284850867084772,18.674926384331542,24.39825198903042
1379,0.2758,6.069500072643012,9.301407162610063,18.674926384331542,24.39825198903042
1380,0.276,6.088375331571062,9.320369307522384,18.674926384331542,24.39825198903042
1381,0.2762,6.108341043160001,9.32503414776436,18.674926384331542,24.406192361174185
1382,0.2764,6.128639123724238,9.340069785195594,18.674926384331542,24.406192361174185
1383,0.2766,6.133886220166667,9.358636877211621,18.674926384331542,24.406192361174185
1384,0.2768,6.135356979286206,9.363255336522196,18.674926384331542,24.417165789531207
1385,0.277,6.1510237054823165,9.367149962382877,18.674926384331542,24.43299088018383
1386,0.2772,6.1701540567801745,9.385507483057793,18.674926384331542,24.435127930722164
1387,0.2774,6.175299323009045,9.404205821589061,18.674926384331542,24.436058596939727
1388,0.2776,6.177100916066309,9.412159020136405,18.674926384331542,24.436058596939727
1389,0.2778,6.178175841131498,9.43180109193975,18.674926384331542,24.480169227520346
1390,0.278,6.1788348849161325,9.437364644120803,18.674926384331542,24.540844697955006
1391,0.2782,6.179348589437745,9.439268913872342,18.674926384331542,24.593944954629
1392,0.2784,6.17985193084504,9.4542741018245,18.674926384331542,24.593944954629
1393,0.2786,6.195682724146229,9.461576611495971,18.674926384331542,24.593944954629
1394,0.2788,6.200094603192798,9.468276361948234,18.674926384331542,24.593944954629
1395,0.279,6.201586939738166,9.485603899050002,18.674926384331542,24.600493014069464
1396,0.2792,6.202331462790584,9.507329909283621,18.674926384331542,24.611704535242716
1397,0.2794,6.202882515662687,9.527104870698023,18.674926384331542,24.611722615844645
1398,0.2796,6.203381434889887,9.54840152583225,18.674926384331542,24.623617659478363
1399,0.2798,6.203864235901689,9.553370050700076,18.674926384331542,24.62366027263091
1400,0.28,6.204340857118514,9.57170309511647,18.674926384331542,24.62366027263091
1401,0.2802,6.20481923704512,9.593278981320472,18.674926384331542,24.62366027263091
1402,0.2804,6.2053022711117425,9.598408158546217,18.674926384331542,24.62366027263091
1403,0.2806,6.20579835444301,9.599789873379464,18.674926384331542,24.62366027263091
1404,0.2808,6.206310739822911,9.61392793362061,18.674926384331542,24.624348281632617
1405,0.281,6.206838233931664,9.634090282239903,18.674926384331542,24.624348281632617
1406,0.2812,6.207380698678819,9.653405201922695,18.674926384331542,24.624348281632617
1407,0.2814,6.207938211869809,9.673273743485977,18.674926384331542,24.624348281632617
1408,0.2816,6.20851065025356,9.693463115191058,18.674926384331542,24.624348281632617
1409,0.2818,6.209126409607829,9.713468784176229,18.674926384331542,24.624348281632617
1410,0.282,6.209804484848804,9.733640390368986,18.674926384331542,24.624348281632617
1411,0.2822,6.210548097372942,9.75391037770701,18.674926384331542,24.62919637100951
1412,0.2824,6.211330462345993,9.759280379281876,18.674926384331542,24.62919637100951
1413,0.2826,6.212122361157505,9.77916806695237,18.674926384331542,24.62919637100951
1414,0.2828,6.212914650113513,9.784393983090137,18.674926384331542,24.638122251709657
1415,0.283,6.21370701186804,9.802896678409981,18.674926384331542,24.649833430445156
1416,0.2832,6.215620033369204,9.824916830535397,18.674926384331542,24.649833430445156
1417,0.2834,6.218090433765065,9.834041250456586,18.674926384331542,24.659956244719105
1418,0.2836,6.219668082404851,9.855937617295236,18.674926384331542,24.672340743812168
1419,0.2838,6.2207622732628405,9.86202469483004,18.674926384331542,24.674181151904353
1420,0.284,6.221670946633999,9.864008752031213,18.674926384331542,24.674181151904353
1421,0.2842,6.236921649569492,9.865677610494682,18.674926384331542,24.674181151904353
1422,0.2844,6.256590297042796,9.880887650696279,18.674926384331542,24.674181151904353
1423,0.2846,6.2620270273609675,9.900275676800103,18.674926384331542,24.674181151904353
1424,0.2848,6.265253517061436,9.9194189672692,18.674926384331542,24.674181151904353
1425,0.285,6.266929361775092,9.940630556940324,18.674926384331542,24.674181151904353
1426,0.2852,6.2821571093674535,9.959700752140476,18.674926384331542,24.674181151904353
1427,0.2854,6.287461842089712,9.964174477045795,18.674926384331542,24.674181151904353
1428,0.2856,6.29073610875623,9.965225096511912,18.674926384331542,24.674181151904353
1429,0.2858,6.307865474222827,9.965466144233025,18.674926384331542,24.681555417803168
1430,0.286,6.3128808411928805,9.96547947192494,18.674926384331542,24.681555417803168
1431,0.2862,6.3147217301519065,9.96547947192494,18.674926384331542,24.68977497425297
1432,0.2864,6.315730491284336,9.96547947192494,18.674926384331542,24.68977497425297
1433,0.2866,6.320843057401617,9.979957622867246,18.674926384331542,24.695016250692294
1434,0.2868,6.326951856751494,9.98460948703786,18.674926384331542,24.695016250692294
1435,0.287,6.333427820825055,10.000677888176053,18.674926384331542,24.695016250692294
1436,0.2872,6.335726622332752,10.004525196779,18.674926384331542,24.704010869117862
1437,0.2874,6.34060968212011,10.02055243664777,18.674926384331542,24.71495164495795
1438,0.2876,6.346738960523087,10.027236313106659,18.674926384331542,24.71495164495795
1439,0.2878,6.353313902485937,10.048289259249389,18.674926384331542,24.72410686792247
1440,0.288,6.35937310049507,10.050709224358979,18.674926384331542,24.72410686792247
1441,0.2882,6.361489009224728,10.050709224358979,18.674926384331542,24.727349198054767
1442,0.2884,6.3671564614874265,10.050709224358979,18.674926384331542,24.728035362089255
1443,0.2886,6.36938515615906,10.050709224358979,18.674926384331542,24.728181635070925
1444,0.2888,6.370709312375569,10.050709224358979,18.674926384331542,24.728213299935604
1445,0.289,6.371890421266198,10.065495547036376,18.674926384331542,24.72822021051162
1446,0.2892,6.388582705227341,10.083109367004337,18.674926384331542,24.728221717740837
1447,0.2894,6.409217514644185,10.101219472495538,18.674926384331542,24.728222045816914
1448,0.2896,6.415323205260801,10.119427643539279,18.674926384331542,24.72822211707069
1449,0.2898,6.4220953492256125,10.14141195331776,18.674926384331542,24.72822213260473
1450,0.29,6.429102553752288,10.165071413620346,18.674926384331542,24.72822213599137
1451,0.2902,6.431658570580266,10.173541479014084,18.674926384331542,24.7282221367292
1452,0.2904,6.433015757075782,10.179446722290068,18.674926384331542,24.72822213688982
1453,0.2906,6.437912684085062,10.185186624365327,18.674926384331542,24.728222136925
1454,0.2908,6.44359028499407,10.190811149372225,18.674926384331542,24.728222136932764
1455,0.291,6.445553105158806,10.196573263919776,18.674926384331542,24.72822213693449
1456,0.2912,6.4466579961770965,10.20310861007892,18.674926384331542,24.728222136934875
1457,0.2914,6.447551093139625,10.210186314294564,18.674926384331542,24.72822213693496
1458,0.2916,6.448383498415533,10.217017258185981,18.674926384331542,24.728222136934978
1459,0.2918,6.449191643154146,10.223866307780716,18.674926384331542,24.72822213693498
1460,0.292,6.450047970031015,10.231034344231762,18.674926384331542,24.72822213693498
1461,0.2922,6.450868376653231,10.238466825276769,18.674926384331542,24.72822213693498
1462,0.2924,6.45166313818907,10.246105661059323,18.674926384331542,24.72822213693498
1463,0.2926,6.452441386895063,10.253921909979605,18.674926384331542,24.72822213693498
1464,0.2928,6.4532068638154145,10.26188700846894,18.674926384331542,24.72822213693498
1465,0.293,6.4539686602361765,10.269993580034495,18.674926384331542,24.72822213693498
1466,0.2932,6.454730813884177,10.278237998070718,18.674926384331542,24.72822213693498
1467,0.2934,6.4554870574419905,10.286681145978115,18.674926384331542,24.72822213693498
1468,0.2936,6.456234488530651,10.312533657505062,18.674926384331542,24.72822213693498
1469,0.2938,6.456975039559505,10.319745405274775,18.674926384331542,24.72822213693498
1470,0.294,6.457711206790419,10.3222103212681,18.674926384331542,24.72822213693498
1471,0.2942,6.458442125139484,10.323610559524498,18.674926384331542,24.72822213693498
1472,0.2944,6.459166109143194,10.324878072887818,18.674926384331542,24.72822213693498
1473,0.2946,6.459882260039776,10.326228559994867,18.674926384331542,24.72822213693498
1474,0.2948,6.4605905423690295,10.351430854115362,18.674926384331542,24.72822213693498
1475,0.295,6.46129061841899,10.358873848718469,18.674926384331542,24.72822213693498
1476,0.2952,6.461983206950443,10.361882218382739,18.674926384331542,24.72822213693498
1477,0.2954,6.462668750843356,10.3681819585151,18.674926384331542,24.72822213693498
1478,0.2956,6.463372393179824,10.376197013369234,18.674926384331542,24.72822213693498
1479,0.2958,6.464063729126641,10.403655138016909,18.674926384331542,24.72822213693498
1480,0.296,6.464747420199683,10.435220634333065,18.674926384331542,24.72822213693498
1481,0.2962,6.46944596261556,10.46250846445014,18.674926384331542,24.72822213693498
1482,0.2964,6.475036763096816,10.487326858612867,18.674926384331542,24.72822213693498
1483,0.2966,6.4807757680185425,10.511303816438618,18.674926384331542,24.72822213693498
1484,0.2968,6.486514650202358,10.534652104850283,18.674926384331542,24.72822213693498
1485,0.297,6.488211895041417,10.557615995205087,18.674926384331542,24.72822213693498
1486,0.2972,6.488976156274647,10.580315925718036,18.674926384331542,24.72822213693498
1487,0.2974,6.489516953043779,10.602971958829922,18.674926384331542,24.72822213693498
1488,0.2976,6.49000084429879,10.625408533817987,18.674926384331542,24.72822213693498
1489,0.2978,6.490468112302176,10.647521982067879,18.674926384331542,24.72822213693498
1490,0.298,6.490928811318769,10.669322916454957,18.674926384331542,24.72822213693498
1491,0.2982,6.491385561833403,10.690833543423008,18.674926384331542,24.72822213693498
1492,0.2984,6.4918392515945165,10.712056974239164,18.674926384331542,24.72822213693498
1493,0.2986,6.492290292822646,10.732997189188165,18.674926384331542,24.72822213693498
1494,0.2988,6.492739120452109,10.753661531352394,18.674926384331542,24.72822213693498
1495,0.299,6.497276352141746,10.774042232903119,18.674926384331542,24.72822213693498
1496,0.2992,6.503815277086693,10.794145924532115,18.674926384331542,24.72822213693498
1497,0.2994,6.5110811581343935,10.813982112447249,18.674926384331542,24.72822213693498
1498,0.2996,6.518602397012253,10.837998823678753,18.674926384331542,24.72822213693498
1499,0.2998,6.526205200708189,10.859333702207488,18.674926384331542,24.72822213693498
1500,0.3,6.533825666382417,10.87930866578826,18.674926384331542,24.72822213693498
1501,0.3002,6.540336106538879,10.882324444582396,18.674926384331542,24.72822213693498
1502,0.3004,6.54631918057117,10.89943521477718,18.674926384331542,24.72822213693498
1503,0.3006,6.548744971952534,10.901368409939492,18.674926384331542,24.72822213693498
1504,0.3008,6.549733586749249,10.918275636649478,18.674926384331542,24.72822213693498
1505,0.301,6.550263674316571,10.92014043727631,18.674926384331542,24.72822213693498
1506,0.3012,6.550675304722043,10.924034306801937,18.674926384331542,24.72822213693498
1507,0.3014,6.566619701766143,10.924974712442118,18.674926384331542,24.72822213693498
1508,0.3016,6.586440064008164,10.946417243102363,18.674926384331542,24.72822213693498
1509,0.3018,6.591825332630006,10.950482121019865,18.674926384331542,24.72822213693498
1510,0.302,6.607832972915042,10.954753939451182,18.674926384331542,24.72822213693498
1511,0.3022,6.613196604606426,10.960592151717183,18.674926384331542,24.72822213693498
1512,0.3024,6.616367796206488,10.962375094638688,18.674926384331542,24.72822213693498
1513,0.3026,6.619145304591649,10.985212876880944,18.674926384331542,24.72822213693498
1514,0.3028,6.620744776077868,11.00732544429843,18.674926384331542,24.72822213693498
1515,0.303,6.621794211265999,11.033148804360026,18.674926384331542,24.72822213693498
1516,0.3032,6.623887931769738,11.034240939682112,18.674926384331542,24.72822213693498
1517,0.3034,6.641011207535116,11.034240939682112,18.674926384331542,24.72822213693498
1518,0.3036,6.6617775031366255,11.034240939682112,18.674926384331542,24.72822213693498
1519,0.3038,6.667768189066148,11.034240939682112,18.674926384331542,24.72822213693498
1520,0.304,6.684347409540486,11.034240939682112,18.674926384331542,24.72822213693498
1521,0.3042,6.7032597170972865,11.034240939682112,18.674926384331542,24.72822213693498
1522,0.3044,6.708274960561736,11.052555649215037,18.674926384331542,24.72822213693498
1523,0.3046,6.724314369949055,11.05601445178181,18.674926384331542,24.72822213693498
1524,0.3048,6.728647293896148,11.069279854324678,18.674926384331542,24.72822213693498
1525,0.305,6.744572240636328,11.085078705923774,18.674926384331542,24.72822213693498
1526,0.3052,6.7632118107047665,11.101668934905689,18.674926384331542,24.72822213693498
1527,0.3054,6.78239449908532,11.119763602996475,18.674926384331542,24.72822213693498
1528,0.3056,6.802626146647592,11.138399797958165,18.674926384331542,24.72822213693498
1529,0.3058,6.809109674755348,11.142514595738978,18.674926384331542,24.72822213693498
1530,0.306,6.82551996781558,11.142514595738978,18.674926384331542,24.72822213693498
1531,0.3062,6.845046160933394,11.142514595738978,18.674926384331542,24.72822213693498
1532,0.3064,6.865460327121937,11.142514595738978,18.674926384331542,24.72822213693498
1533,0.3066,6.870859137340616,11.142514595738978,18.674926384331542,24.72822213693498
1534,0.3068,6.872495569159922,11.142514595738978,18.674926384331542,24.72822213693498
1535,0.307,6.888508981467652,11.142514595738978,18.674926384331542,24.72822213693498
1536,0.3072,6.893957183295773,11.142514595738978,18.674926384331542,24.72822213693498
1537,0.3074,6.911203901960361,11.15674577996596,18.674926384331542,24.72822213693498
1538,0.3076,6.917099753244635,11.174345857548426,18.674926384331542,24.72822213693498
1539,0.3078,6.934462611475169,11.178338599510997,18.674926384331542,24.72822213693498
1540,0.308,6.939233631671975,11.178702361101188,18.674926384331542,24.72822213693498
1541,0.3082,6.955037415182209,11.178702361101188,18.674926384331542,24.72822213693498
1542,0.3084,6.959189943443554,11.178702361101188,18.674926384331542,24.72822213693498
1543,0.3086,6.960581387843709,11.179586514605559,18.674926384331542,24.72822213693498
1544,0.3088,6.962099949188329,11.181021050948,18.674926384331542,24.72822213693498
1545,0.309,6.968286115284056,11.181699493869354,18.674926384331542,24.72822213693498
1546,0.3092,6.970365293745415,11.181699493869354,18.674926384331542,24.72822213693498
1547,0.3094,6.9713463942724925,11.181699493869354,18.674926384331542,24.72822213693498
1548,0.3096,6.976484269218885,11.181699493869354,18.674926384331542,24.72822213693498
1549,0.3098,6.983284161365191,11.181699493869354,18.674926384331542,24.72822213693498
1550,0.31,6.99058679996811,11.181699493869354,18.674926384331542,24.72822213693498
1551,0.3102,6.998011433568877,11.181699493869354,18.674926384331542,24.72822213693498
1552,0.3104,7.0002680042400325,11.182586081112692,18.674926384331542,24.72822213693498
1553,0.3106,7.005548802961454,11.184031092954497,18.674926384331542,24.72822213693498
1554,0.3108,7.011390671677171,11.198923382087587,18.674926384331542,24.72822213693498
1555,0.311,7.012855478227858,11.216817218346442,18.674926384331542,24.72822213693498
1556,0.3112,7.017672587658938,11.235293515194785,18.674926384331542,24.72822213693498
1557,0.3114,7.023052321282706,11.252523788043076,18.674926384331542,24.72822213693498
1558,0.3116,7.028420991132775,11.268906107203906,18.674926384331542,24.72822213693498
1559,0.3118,7.033670159285409,11.284863513559596,18.674926384331542,24.72822213693498
1560,0.312,7.039563727041501,11.291490503062473,18.674926384331542,24.72822213693498
1561,0.3122,7.045717941295996,11.291490503062473,18.674926384331542,24.72822213693498
1562,0.3124,7.0519046339972835,11.291490503062473,18.674926384331542,24.72822213693498
1563,0.3126,7.052485258145882,11.291490503062473,18.674926384331542,24.72822213693498
1564,0.3128,7.052485258145882,11.291490503062473,18.674926384331542,24.72822213693498
1565,0.313,7.052485258145882,11.291490503062473,18.674926384331542,24.72822213693498
1566,0.3132,7.052485258145882,11.291490503062473,18.674926384331542,24.72822213693498
1567,0.3134,7.052485258145882,11.291490503062473,18.674926384331542,24.72822213693498
1568,0.3136,7.052485258145882,11.291490503062473,18.674926384331542,24.72822213693498
1569,0.3138,7.052485258145882,11.291490503062473,18.674926384331542,24.72822213693498
1570,0.314,7.052485258145882,11.291490503062473,18.674926384331542,24.72822213693498
1571,0.3142,7.0530888582076825,11.291490503062473,18.674926384331542,24.72822213693498
1572,0.3144,7.054071291776061,11.291490503062473,18.674926384331542,24.72822213693498
1573,0.3146,7.0594551083934345,11.291490503062473,18.674926384331542,24.72822213693498
1574,0.3148,7.065706905572518,11.291490503062473,18.674926384331542,24.72822213693498
1575,0.315,7.072055489123701,11.291490503062473,18.674926384331542,24.72822213693498
1576,0.3152,7.078342557601943,11.291490503062473,18.674926384331542,24.72822213693498
1577,0.3154,7.079003843588887,11.291490503062473,18.674926384331542,24.72822213693498
1578,0.3156,7.079003843588887,11.291490503062473,18.674926384331542,24.72822213693498
1579,0.3158,7.079003843588887,11.291490503062473,18.674926384331542,24.72822213693498
1580,0.316,7.079003843588887,11.291490503062473,18.674926384331542,24.72822213693498
1581,0.3162,7.079545907400385,11.291490503062473,18.674926384331542,24.72822213693498
1582,0.3164,7.079589255584776,11.291490503062473,18.674926384331542,24.72822213693498
1583,0.3166,7.079589255584776,11.291490503062473,18.674926384331542,24.72822213693498
1584,0.3168,7.079589255584776,11.291490503062473,18.674926384331542,24.72822213693498
1585,0.317,7.079589255584776,11.291490503062473,18.674926384331542,24.72822213693498
1586,0.3172,7.079643411690715,11.291490503062473,18.674926384331542,24.72822213693498
1587,0.3174,7.080512943554163,11.295985189023957,18.674926384331542,24.72822213693498
1588,0.3176,7.081817761960092,11.322178141287834,18.674926384331542,24.72822213693498
1589,0.3178,7.083318361550597,11.32900183185247,18.674926384331542,24.72822213693498
1590,0.318,7.089179518323483,11.33093910195408,18.674926384331542,24.72822213693498
1591,0.3182,7.090905231640353,11.33168402144171,18.674926384331542,24.72822213693498
1592,0.3184,7.091597488251523,11.352081436793645,18.674926384331542,24.72822213693498
1593,0.3186,7.092028955472973,11.37616876984813,18.674926384331542,24.72822213693498
1594,0.3188,7.09239321113747,11.381097442047984,18.674926384331542,24.72822213693498
1595,0.319,7.097028683588638,11.382559195524344,18.674926384331542,24.72822213693498
1596,0.3192,7.103376117719976,11.383581338489337,18.674926384331542,24.72822213693498
1597,0.3194,7.105933318358476,11.384703108813934,18.674926384331542,24.72822213693498
1598,0.3196,7.107727469367564,11.386047066594005,18.674926384331542,24.72822213693498
1599,0.3198,7.109413073826738,11.387285427572547,18.674926384331542,24.72822213693498
1600,0.32,7.11110162362237,11.38842758647171,18.674926384331542,24.72822213693498
1601,0.3202,7.112831846337526,11.410436991172867,18.674926384331542,24.72822213693498
1602,0.3204,7.114642063108815,11.416190983611218,18.674926384331542,24.72822213693498
1603,0.3206,7.115720015022918,11.418336025986008,18.674926384331542,24.72822213693498
1604,0.3208,7.116442445153795,11.419628778793951,18.674926384331542,24.72822213693498
1605,0.321,7.11707556823798,11.420720250165703,18.674926384331542,24.72822213693498
1606,0.3212,7.117698630587713,11.42176437160571,18.674926384331542,24.72822213693498
1607,0.3214,7.119060588075766,11.42303845430946,18.674926384331542,24.72822213693498
1608,0.3216,7.1250884891350355,11.424468452518152,18.674926384331542,24.72822213693498
1609,0.3218,7.127134938127608,11.42599813598515,18.674926384331542,24.72822213693498
1610,0.322,7.128100372759371,11.427337492207808,18.674926384331542,24.72822213693498
1611,0.3222,7.128771956525365,11.428544507560234,18.674926384331542,24.72822213693498
1612,0.3224,7.130179922966543,11.429693403651779,18.674926384331542,24.72822213693498
1613,0.3226,7.136173010485278,11.430802416969222,18.674926384331542,24.72822213693498
1614,0.3228,7.138958537557923,11.43188741235959,18.674926384331542,24.72822213693498
1615,0.323,7.141097380531564,11.457741583247726,18.674926384331542,24.72822213693498
1616,0.3232,7.142349775631091,11.489210606455595,18.674926384331542,24.72822213693498
1617,0.3234,7.143212480594975,11.521296142438974,18.674926384331542,24.72822213693498
1618,0.3236,7.1446980712301675,11.552754929876771,18.674926384331542,24.72822213693498
1619,0.3238,7.150707088378114,11.583666089733518,18.674926384331542,24.72822213693498
1620,0.324,7.152777162803951,11.595340927541828,18.674926384331542,24.72822213693498
1621,0.3242,7.153784411477152,11.62233234559391,18.674926384331542,24.72822213693498
1622,0.3244,7.155345811413938,11.651894886971846,18.674926384331542,24.72822213693498
1623,0.3246,7.1613432916553705,11.658559467302437,18.674926384331542,24.72822213693498
1624,0.3248,7.163398724849763,11.658632846712187,18.674926384331542,24.72822213693498
1625,0.325,7.169270553792982,11.658632846712187,18.674926384331542,24.72822213693498
1626,0.3252,7.175287167384879,11.658632846712187,18.674926384331542,24.72822213693498
1627,0.3254,7.181177392781752,11.659375470153659,18.674926384331542,24.72822213693498
1628,0.3256,7.186914401973786,11.659466869382474,18.674926384331542,24.72822213693498
1629,0.3258,7.193286669388432,11.66061606928519,18.674926384331542,24.72822213693498
1630,0.326,7.199912965188806,11.662416795256021,18.674926384331542,24.72822213693498
1631,0.3262,7.206575548980644,11.663190859282956,18.674926384331542,24.72822213693498
1632,0.3264,7.208453520373275,11.663490362926293,18.674926384331542,24.72822213693498
1633,0.3266,7.213909880460551,11.663614128504427,18.674926384331542,24.72822213693498
1634,0.3268,7.220265185138498,11.663972759410681,18.674926384331542,24.72822213693498
1635,0.327,7.2260802747554855,11.664527914322758,18.674926384331542,24.72822213693498
1636,0.3272,7.232322505177694,11.664913223437996,18.674926384331542,24.72822213693498
1637,0.3274,7.234054112530061,11.665159626038044,18.674926384331542,24.72822213693498
1638,0.3276,7.23465333684971,11.665338391373611,18.674926384331542,24.72822213693498
1639,0.3278,7.234969393379535,11.665489090913187,18.674926384331542,24.72822213693498
1640,0.328,7.235215259955105,11.665628474165672,18.674926384331542,24.72822213693498
1641,0.3282,7.235444355804795,11.665774025402081,18.674926384331542,24.72822213693498
1642,0.3284,7.235670132342699,11.665774025402081,18.674926384331542,24.72822213693498
1643,0.3286,7.235896029418752,11.665774025402081,18.674926384331542,24.72822213693498
1644,0.3288,7.24000534607941,11.665774025402081,18.674926384331542,24.72822213693498
1645,0.329,7.244899149781942,11.666945861863905,18.674926384331542,24.72822213693498
1646,0.3292,7.250632524658645,11.682255559089569,18.674926384331542,24.72822213693498
1647,0.3294,7.256733519977925,11.685680098359164,18.674926384331542,24.72822213693498
1648,0.3296,7.262932370727738,11.685700902455935,18.674926384331542,24.72822213693498
1649,0.3298,7.264578242264426,11.685700902455935,18.674926384331542,24.72822213693498
1650,0.33,7.2651085566278075,11.699011773160628,18.674926384331542,24.74756834151663
1651,0.3302,7.265378997280646,11.716737030888337,18.674926384331542,24.755974668828287
1652,0.3304,7.26634063737157,11.735720771048763,18.674926384331542,24.802530663586225
1653,0.3306,7.267603593005176,11.74139519536523,18.674926384331542,24.817748227942044
1654,0.3308,7.269025362718133,11.757804331180703,18.674926384331542,24.823839876858248
1655,0.331,7.269814651038336,11.761578817986393,18.674926384331542,24.827285348272316
1656,0.3312,7.2703041821546055,11.762179686943812,18.674926384331542,24.829955796124914
1657,0.3314,7.270736721888068,11.767005274470545,18.674926384331542,24.848489409213695
1658,0.3316,7.271207831513398,11.77404281270842,18.674926384331542,24.871386440659577
1659,0.3318,7.271749355832391,11.782189520334711,18.674926384331542,24.895681975928248
1660,0.332,7.287677729777134,11.790995533845983,18.674926384331542,24.90421662639523
1661,0.3322,7.307453973334441,11.800276321599183,18.674926384331542,24.97824301306956
1662,0.3324,7.313875403558036,11.804672010883023,18.674926384331542,25.067611417242418
1663,0.3326,7.331198684281385,11.806814968707,18.674926384331542,25.092859878426786
1664,0.3328,7.350951182527288,11.808344719994901,18.674926384331542,25.100983845112427
1665,0.333,7.355890936342715,11.809682518268009,18.674926384331542,25.163869141748847
1666,0.3332,7.3723580983521355,11.810997625167968,18.674926384331542,25.21325612308269
1667,0.3334,7.376469876352477,11.8123335765059,18.674926384331542,25.22710558984987
1668,0.3336,7.377478035130501,11.813712574171578,18.674926384331542,25.231599480179923
1669,0.3338,7.377728468914559,11.815093312230644,18.674926384331542,25.284869495154943
1670,0.334,7.377810011545838,11.816457584352458,18.674926384331542,25.29983155019006
1671,0.3342,7.393102834980771,11.81803923189543,18.674926384331542,25.30463305861719
1672,0.3344,7.397007064532713,11.843772685812828,18.674926384331542,25.30673133970228
1673,0.3346,7.398026791357522,11.851471071409987,18.674926384331542,25.372722172080575
1674,0.3348,7.398323683943202,11.859593989996384,18.674926384331542,25.390714830172666
1675,0.335,7.41372243070364,11.864022754452314,18.674926384331542,25.396006974702196
1676,0.3352,7.432754968952734,11.87156702122657,18.674926384331542,25.39796189267263
1677,0.3354,7.452641468886236,11.875952499687301,18.674926384331542,25.399376866326836
1678,0.3356,7.457514288882456,11.878589439740338,18.674926384331542,25.465459118609733
1679,0.3358,7.4737544002687395,11.880557443106746,18.674926384331542,25.547041457686365
1680,0.336,7.477670393755213,11.901173518797563,18.674926384331542,25.568858535438615
1681,0.3362,7.47848041643682,11.906817168378636,18.674926384331542,25.57504929351003
1682,0.3364,7.49358529631832,11.909159835752739,18.674926384331542,25.577443424690298
1683,0.3366,7.5121643950956605,11.934399335924718,18.674926384331542,25.579223147815128
1684,0.3368,7.516705562468503,11.96547442800115,18.674926384331542,25.647434090078356
1685,0.337,7.517796396719769,11.974376464273103,18.674926384331542,25.666942965016343
1686,0.3372,7.5180593485486265,11.995879484183044,18.674926384331542,25.738567793482655
1687,0.3374,7.533203818390857,12.006318228492198,18.674926384331542,25.758843253581695
1688,0.3376,7.537081726535761,12.010768316398527,18.674926384331542,25.76526974405301
1689,0.3378,7.542290617076347,12.013347816468437,18.674926384331542,25.768338409733875
1690,0.338,7.543640008620802,12.015330682366626,18.674926384331542,25.770896070006746
1691,0.3382,7.5440151595620195,12.021650314492108,18.674926384331542,25.7732836260035
1692,0.3384,7.559315616097248,12.048100080341676,18.674926384331542,25.776120829716966
1693,0.3386,7.563289694554265,12.056358598001104,18.674926384331542,25.8457950487549
1694,0.3388,7.565079731464735,12.059783994166892,18.674926384331542,25.86688618260428
1695,0.339,7.565871919593846,12.062261495560485,18.674926384331542,25.874402736043493
1696,0.3392,7.570475097731308,12.064582661830853,18.674926384331542,25.878155165590208
1697,0.3394,7.571929366967611,12.089578185536158,18.674926384331542,25.896668190359357
1698,0.3396,7.572558725288727,12.11992081453165,18.674926384331542,25.918796522797866
1699,0.3398,7.576465260808485,12.128622171709997,18.674926384331542,25.941717516636633
1700,0.34,7.5775924411162725,12.154254945957232,18.674926384331542,25.964598873468443
1701,0.3402,7.582129986896827,12.161996063505724,18.674926384331542,25.971737726450318
1702,0.3404,7.5875113203376054,12.179132140382311,18.674926384331542,25.974814836272795
1703,0.3406,7.58905060963607,12.202737168928987,18.674926384331542,25.976894264741485
1704,0.3408,7.589591648602683,12.228627961392137,18.674926384331542,25.99445378316345
1705,0.341,7.593937955407528,12.250579169692788,18.674926384331542,26.000348841211146
1706,0.3412,7.599256320093045,12.275215153179042,18.674926384331542,26.003171214912303
1707,0.3414,7.600847204637201,12.301415990068215,18.674926384331542,26.0208448654696
1708,0.3416,7.605451843005822,12.314332624609625,18.674926384331542,26.026529146313795
1709,0.3418,7.606838408489378,12.333968301349355,18.674926384331542,26.029028855498417
1710,0.342,7.607384527691611,12.34166515839089,18.674926384331542,26.09553701044709
1711,0.3422,7.607729011235559,12.363107235654914,18.674926384331542,26.113812293415496
1712,0.3424,7.60802581960059,12.373602442158672,18.674926384331542,26.1198041052031
1713,0.3426,7.608344390568734,12.400217353935387,18.674926384331542,26.187491452682846
1714,0.3428,7.609256425279498,12.408744025042356,18.674926384331542,26.20623809390889
1715,0.343,7.613755660898114,12.43436686425559,18.674926384331542,26.227379403130136
1716,0.3432,7.61519740601924,12.44255404025852,18.674926384331542,26.249257675488543
1717,0.3434,7.619670207078044,12.445995868928279,18.674926384331542,26.271917024624727
1718,0.3436,7.62485957683992,12.448145452762176,18.674926384331542,26.29512184010627
1719,0.3438,7.626372803376313,12.449931006567484,18.674926384331542,26.31901717606203
1720,0.344,7.630748845529279,12.465740944215147,18.674926384331542,26.343862506020223
1721,0.3442,7.635846923288049,12.470701979283758,18.674926384331542,26.369770559444007
1722,0.3444,7.637892241438158,12.473057947141742,18.674926384331542,26.39578915301298
1723,0.3446,7.64247453606749,12.488784612191168,18.674926384331542,26.42314871101288
1724,0.3448,7.64385717774114,12.507419222795793,18.674926384331542,26.43600476013862
1725,0.345,7.644935334052331,12.512815453950473,18.674926384331542,26.461481963628067
1726,0.3452,7.646058522075466,12.515110115791755,18.674926384331542,26.491879292877957
1727,0.3454,7.646692047875513,12.51662403733233,18.674926384331542,26.524689858464995
1728,0.3456,7.647642615752055,12.533246961261368,18.674926384331542,26.540984487240454
1729,0.3458,7.64824278376074,12.538559092320973,18.674926384331542,26.626121292609433
1730,0.346,7.649206893822299,12.541252040489788,18.674926384331542,26.727901484074618
1731,0.3462,7.650370686788351,12.563646245823751,18.674926384331542,26.82953149360584
1732,0.3464,7.665352029854723,12.586797169113916,18.674926384331542,26.926227850334588
1733,0.3466,7.669682398473369,12.612821375324414,18.674926384331542,27.012655394469274
1734,0.3468,7.674109807040957,12.620174944662141,18.674926384331542,27.093096584815733
1735,0.347,7.678927007885838,12.636745819891786,18.674926384331542,27.167646162603027
1736,0.3472,7.6803516418762205,12.659080387198328,18.674926384331542,27.236701502499628
1737,0.3474,7.680921363889157,12.679764701770585,18.674926384331542,27.304038430005143
1738,0.3476,7.6818287604361455,12.700762228035451,18.674926384331542,27.370892900597816
1739,0.3478,7.682986299282708,12.706545406225924,18.674926384331542,27.38451100107272
1740,0.348,7.684295142427385,12.72820684047313,18.674926384331542,27.401526347210424
1741,0.3482,7.68565825284367,12.734534992299476,18.674926384331542,27.419865337126012
1742,0.3484,7.687079789320219,12.736853259634078,18.674926384331542,27.442931533848178
1743,0.3486,7.688080817677519,12.73811044971228,18.674926384331542,27.44905243391395
1744,0.3488,7.688932585313466,12.758918423014226,18.674926384331542,27.506778216569668
1745,0.349,7.68973591370429,12.768827487012627,18.674926384331542,27.576400811387405
1746,0.3492,7.69055909290418,12.773065988507147,18.674926384331542,27.592091380658832
1747,0.3494,7.692400465942662,12.778867539111204,18.674926384331542,27.59510001757499
1748,0.3496,7.709327440296475,12.785664880928344,18.674926384331542,27.596898946304243
1749,0.3498,7.714441296436386,12.79314558942495,18.674926384331542,27.612101960984102
1750,0.35,7.717432324804851,12.800772591995422,18.674926384331542,27.630458176336596
1751,0.3502,7.733646812082154,12.820780650138381,18.674926384331542,27.649549894045595
1752,0.3504,7.753660820134224,12.846048245509747,18.674926384331542,27.653984088083575
1753,0.3506,7.75925038278509,12.853644271759732,18.674926384331542,27.65482175758314
1754,0.3508,7.77654245136969,12.875992304219837,18.674926384331542,27.669605723708145
1755,0.351,7.781409419892733,12.882900227997888,18.674926384331542,27.687064783680487
1756,0.3512,7.783085329820731,12.885654420219884,18.674926384331542,27.70541378801352
1757,0.3514,7.799276142396111,12.902724872972694,18.674926384331542,27.70961593048295
1758,0.3516,7.803749115332936,12.90753898005921,18.674926384331542,27.710950429460535
1759,0.3518,7.805229834048262,12.90959085325712,18.674926384331542,27.711119111053232
1760,0.352,7.820327501737069,12.929868736526494,18.674926384331542,27.711119111053232
1761,0.3522,7.824333524823168,12.936155059317493,18.674926384331542,27.711385175419593
1762,0.3524,7.826670239785231,12.938680375721603,18.674926384331542,27.71194792968895
1763,0.3526,7.828864448364606,12.9401945487092,18.674926384331542,27.726546889821115
1764,0.3528,7.830088583217903,12.944942652618087,18.674926384331542,27.744373801631937
1765,0.353,7.845347816592574,12.94763734320063,18.674926384331542,27.748972203836182
1766,0.3532,7.86488046382108,12.967623873187986,18.674926384331542,27.764856134754584
1767,0.3534,7.8701637182657205,12.973658627178862,18.674926384331542,27.768521357119177
1768,0.3536,7.8872366732207295,12.994334422403643,18.674926384331542,27.768831397877506
1769,0.3538,7.891882944672295,13.000533891522474,18.674926384331542,27.768831397877506
1770,0.354,7.908648375713198,13.006602080662548,18.674926384331542,27.768831397877506
1771,0.3542,7.913146906239626,13.02767074716844,18.674926384331542,27.769151397720854
1772,0.3544,7.914547758074371,13.05143155030505,18.674926384331542,27.769206114536995
1773,0.3546,7.930537251386601,13.074875633462756,18.674926384331542,27.784422598179436
1774,0.3548,7.934857163005158,13.097532253062928,18.674926384331542,27.78854467419177
1775,0.355,7.936185410666092,13.11939390881867,18.674926384331542,27.85147731586354
1776,0.3552,7.951029539238717,13.14059713891122,18.674926384331542,27.928287051736536
1777,0.3554,7.9694203874041545,13.1613322589436,18.674926384331542,28.00772324839593
1778,0.3556,7.9881872327615,13.181693728699985,18.674926384331542,28.084731216741645
1779,0.3558,8.007151839827937,13.201573449127144,18.674926384331542,28.10311151212972
1780,0.356,8.025642922706691,13.221305918383305,18.674926384331542,28.124615173327946
1781,0.3562,8.044162889874306,13.224942221972896,18.674926384331542,28.14853657626316
1782,0.3564,8.06255736098943,13.224942221972896,18.674926384331542,28.174368072790838
1783,0.3566,8.080798533866995,13.234075420173058,18.674926384331542,28.19675017453191
1784,0.3568,8.098489924913501,13.234075420173058,18.674926384331542,28.217783633971134
1785,0.357,8.116201703448253,13.234075420173058,18.674926384331542,28.238183689640117
1786,0.3572,8.120260973785971,13.234075420173058,18.674926384331542,28.24318391742713
1787,0.3574,8.120452367883365,13.234075420173058,18.674926384331542,28.30293541792374
1788,0.3576,8.120452367883365,13.244794099125684,18.674926384331542,28.37393193196112
1789,0.3578,8.120452367883365,13.245724828300288,18.674926384331542,28.448724845693036
1790,0.358,8.122514384957324,13.253762477427289,18.674926384331542,28.524454194184734
1791,0.3582,8.125134171673812,13.253762477427289,18.674926384331542,28.600043893177908
1792,0.3584,8.127937145182099,13.253762477427289,18.674926384331542,28.617891947376076
1793,0.3586,8.130839510944703,13.253762477427289,18.674926384331542,28.68067414163167
1794,0.3588,8.13382860147393,13.253762477427289,18.674926384331542,28.69587844636545
1795,0.359,8.13690401026767,13.253762477427289,18.674926384331542,28.714274875032828
1796,0.3592,8.140066381550126,13.253762477427289,18.674926384331542,28.733053764179864
1797,0.3594,8.143316292102764,13.253762477427289,18.674926384331542,28.75238534570278
1798,0.3596,8.146653715084328,13.253762477427289,18.674926384331542,28.757301571138303
1799,0.3598,8.15007829343283,13.253762477427289,18.674926384331542,28.758650588656884
1800,0.36,8.153589624322226,13.253762477427289,18.674926384331542,28.759099958599354
1801,0.3602,8.157187053930102,13.253762477427289,18.674926384331542,28.759579595041053
1802,0.3604,8.161138463117574,13.253762477427289,18.674926384331542,28.77538390735233
1803,0.3606,8.165304347773295,13.253762477427289,18.674926384331542,28.7956703789174
1804,0.3608,8.167151877607282,13.253762477427289,18.674926384331542,28.817574573744857
1805,0.361,8.171022436321635,13.253762477427289,18.674926384331542,28.83998268883648
1806,0.3612,8.17273957127579,13.253762477427289,18.674926384331542,28.86229382009835
1807,0.3614,8.188574566799602,13.253762477427289,18.674926384331542,28.868914998553088
1808,0.3616,8.207733718978167,13.253762477427289,18.674926384331542,28.887216684224473
1809,0.3618,8.227773734331423,13.253762477427289,18.674926384331542,28.908382471832834
1810,0.362,8.24770460178839,13.26814639398048,18.674926384331542,28.930149868146383
1811,0.3622,8.267324527284783,13.285723127208872,18.674926384331542,28.95184369005578
1812,0.3624,8.286610720967113,13.304074351476716,18.678804817013233,28.97336433093725
1813,0.3626,8.305866762936946,13.322478072490025,18.69469211943059,28.979439259602803
1814,0.3628,8.325027748268184,13.324689838663915,18.698609671791196,29.045125567144456
1815,0.363,8.3439774364514,13.324689838663915,18.699540171832453,29.125215273376742
1816,0.3632,8.362744634601611,13.324689838663915,18.69972779413735,29.206038822978087
1817,0.3634,8.381350583504815,13.324689838663915,18.774159680621512,29.225972890729583
1818,0.3636,8.399792806928106,13.324689838663915,18.791922365292464,29.24719477004259
1819,0.3638,8.418069810775059,13.324689838663915,18.79629302278371,29.26772236225472
1820,0.364,8.422218993916978,13.324689838663915,18.798263917685947,29.27282685039652
1821,0.3642,8.425319704753187,13.324689838663915,18.882190786298096,29.274048210168427
1822,0.3644,8.425763913879385,13.324901879824264,18.907343527810543,29.33472877858971
1823,0.3646,8.427959467273281,13.327746912547358,18.919218564513145,29.40783406409591
1824,0.3648,8.430231541884181,13.331870714963111,19.013724525749943,29.423975486619433
1825,0.365,8.430231541884181,13.336481737286999,19.04294269545198,29.441542572857223
1826,0.3652,8.430231541884181,13.34110331506045,19.144130532052063,29.459394548370067
1827,0.3654,8.430231541884181,13.345710531532895,19.256534790299956,29.475006654184288
1828,0.3656,8.43213699041663,13.350282547710114,19.36084900379083,29.475006654184288
1829,0.3658,8.43463783633485,13.354822144173717,19.44983482616509,29.475006654184288
1830,0.366,8.434982685849693,13.37028719367175,19.467383179292543,29.475006654184288
1831,0.3662,8.437025387131555,13.387890154695056,19.470777733023255,29.475006654184288
1832,0.3664,8.43818623005932,13.3920636496587,19.471220702220908,29.475006654184288
1833,0.3666,8.43818623005932,13.392997116918794,19.544429202282494,29.475006654184288
1834,0.3668,8.43818623005932,13.393034466400577,19.561015001778213,29.475006654184288
1835,0.367,8.43818623005932,13.393034466400577,19.63641885072504,29.475006654184288
1836,0.3672,8.43818623005932,13.393034466400577,19.72517533058583,29.475006654184288
1837,0.3674,8.43818623005932,13.393034466400577,19.804643383180895,29.475006654184288
1838,0.3676,8.43818623005932,13.393034466400577,19.819553373788878,29.48944422795952
1839,0.3678,8.439984204777543,13.403537919939266,19.876912792608007,29.49261822420841
1840,0.368,8.442073661526775,13.416005878959975,19.88549938753958,29.49270259679728
1841,0.3682,8.444157740173358,13.428902450267097,19.8863213604984,29.49270259679728
1842,0.3684,8.445731327187675,13.444450406944895,19.949169492460662,29.507204666716685
1843,0.3686,8.445731327187675,13.448071657305324,20.026078113937082,29.51055048040001
1844,0.3688,8.445731327187675,13.459088053881645,20.103016611537704,29.511146892919772
1845,0.369,8.445731327187675,13.472774261989876,20.160530887003166,29.51243286788064
1846,0.3692,8.445731327187675,13.487282414050497,20.170223854125624,29.573401882229902
1847,0.3694,8.445731327187675,13.500445338630813,20.170223854125624,29.58895561676977
1848,0.3696,8.445731327187675,13.512745352776236,20.23151598379506,29.59301991408839
1849,0.3698,8.445731327187675,13.52459898260417,20.30093099917475,29.596106133529375
1850,0.37,8.445731327187675,13.536176579362246,20.36501534107947,29.661545795892287
1851,0.3702,8.445731327187675,13.54752433442525,20.3761596243734,29.67945716863115
1852,0.3704,8.445731327187675,13.558658952449745,20.37833144102984,29.684816331589026
1853,0.3706,8.445731327187675,13.569667596431826,20.435162908906428,29.748500153617655
1854,0.3708,8.445731327187675,13.57940948917027,20.502784123407018,29.82464882466485
1855,0.371,8.445731327187675,13.57940948917027,20.57050440063462,29.90263358921621
1856,0.3712,8.446780645565225,13.57940948917027,20.636466696066783,29.921686137856494
1857,0.3714,8.446780645565225,13.57940948917027,20.65369273269635,29.926245314779433
1858,0.3716,8.446780645565225,13.57940948917027,20.657311844814153,29.927860301177716
1859,0.3718,8.446780645565225,13.57940948917027,20.67114999548387,29.92901342370899
1860,0.372,8.446780645565225,13.57940948917027,20.687403227248463,29.930486386363675
1861,0.3722,8.446780645565225,13.57940948917027,20.706053458117932,29.933341639237845
1862,0.3724,8.446780645565225,13.57940948917027,20.724325706995316,29.93665511274388
1863,0.3726,8.446780645565225,13.57940948917027,20.742388334155912,29.939945096729055
1864,0.3728,8.446780645565225,13.57940948917027,20.7460923159669,29.943204446708812
1865,0.373,8.446780645565225,13.57940948917027,20.7460923159669,30.015031485519174
1866,0.3732,8.446780645565225,13.57940948917027,20.7460923159669,30.105092310345803
1867,0.3734,8.446780645565225,13.594199579551857,20.7460923159669,30.197096917575056
1868,0.3736,8.446780645565225,13.612675633741448,20.7460923159669,30.221490154090674
1869,0.3738,8.446780645565225,13.630499989697906,20.7460923159669,30.24343766697951
1870,0.374,8.446780645565225,13.64932471527087,20.7460923159669,30.264515995756337
1871,0.3742,8.446780645565225,13.653908233790158,20.759956396108304,30.27054309173447
1872,0.3744,8.446780645565225,13.655096158033894,20.762909842295826,30.335847043817353
1873,0.3746,8.446780645565225,13.65546179974514,20.763285111235117,30.35384844091359
1874,0.3748,8.446780645565225,13.655623082755687,20.763500586062005,30.360079466235444
1875,0.375,8.446780645565225,13.655730041776941,20.763501678039518,30.426935608600214
1876,0.3752,8.446780645565225,13.655819460440412,20.778257736698315,30.446647850674566
1877,0.3754,8.446780645565225,13.655900449399672,20.781786658407462,30.51673202551936
1878,0.3756,8.446780645565225,13.655975319572416,20.782543715145763,30.53589877247513
1879,0.3758,8.446780645565225,13.65604471415968,20.797482972924406,30.54268893304897
1880,0.376,8.446780645565225,13.656109177368677,20.801052379930095,30.57524318654773
1881,0.3762,8.446780645565225,13.656169346067308,20.816438616209766,30.613237647644034
1882,0.3764,8.446780645565225,13.656225829791635,20.834448643642368,30.652049395243967
1883,0.3766,8.446780645565225,13.656278981526246,20.853372659184302,30.690673264316786
1884,0.3768,8.446780645565225,13.656328995744706,20.858004202919062,30.728799333479444
1885,0.377,8.446780645565225,13.656376001738437,20.87387713710307,30.76569727201431
1886,0.3772,8.446780645565225,13.656420107049948,20.877607184115142,30.801397553204964
1887,0.3774,8.446780645565225,13.656461414939368,20.89289870243917,30.835237016302003
1888,0.3776,8.446780645565225,13.669772499752156,20.910870305153622,30.867053491217995
1889,0.3778,8.446780645565225,13.68735107929473,20.914863881200475,30.8972475205355
1890,0.378,8.446780645565225,13.706041132983195,20.930190263492936,30.927874633620934
1891,0.3782,8.446780645565225,13.724583619831547,20.933531226552656,30.958078376716173
1892,0.3784,8.446780645565225,13.72837724573785,20.933841501831203,30.98919911200901
1893,0.3786,8.446780645565225,13.74326333536905,20.933841501831203,31.019774516188424
1894,0.3788,8.446780645565225,13.755061760689049,20.94813867213848,31.04937562776071
1895,0.379,8.446780645565225,13.755061760689049,20.951304129141242,31.078777355963766
1896,0.3792,8.446780645565225,13.755061760689049,20.951933554753964,31.108385028792885
1897,0.3794,8.446780645565225,13.755061760689049,20.966726384929686,31.138518429316672
1898,0.3796,8.446780645565225,13.755061760689049,20.970144403545017,31.146438783486403
1899,0.3798,8.446780645565225,13.755061760689049,20.98526279810414,31.1743952808334
1900,0.38,8.446780645565225,13.755061760689049,21.00333921499684,31.18430682670391
1901,0.3802,8.446780645565225,13.755061760689049,21.00740951904178,31.250394117167772
1902,0.3804,8.446780645565225,13.755061760689049,21.00806036433432,31.330013700983557
1903,0.3806,8.446780645565225,13.755061760689049,21.008136791384107,31.351139680280262
1904,0.3808,8.446780645565225,13.755061760689049,21.008136791384107,31.360214090032557
1905,0.381,8.446780645565225,13.755061760689049,21.00828682448169,31.391932390053398
1906,0.3812,8.446780645565225,13.755061760689049,21.008990784067077,31.429293725884367
1907,0.3814,8.446780645565225,13.755061760689049,21.096736121590883,31.468984262813297
1908,0.3816,8.446780645565225,13.755061760689049,21.208688962373905,31.5073243807754
1909,0.3818,8.446780645565225,13.755061760689049,21.32085856002334,31.522474133703046
1910,0.382,8.446780645565225,13.755061760689049,21.42760726374539,31.55548604139509
1911,0.3822,8.446780645565225,13.755061760689049,21.528579671276077,31.566958118713227
1912,0.3824,8.446780645565225,13.755087900736731,21.62361650025006,31.573797018541956
1913,0.3826,8.446780645565225,13.755247033854202,21.644625533064954,31.57835305671123
1914,0.3828,8.446780645565225,13.75549727634907,21.721816985313993,31.607465099564116
1915,0.383,8.446780645565225,13.75581482499461,21.808961030499034,31.644051924483744
1916,0.3832,8.446780645565225,13.756188812585629,21.898290957736684,31.68280510557735
1917,0.3834,8.446780645565225,13.758840412958568,21.9884057464309,31.6963009361116
1918,0.3836,8.44820979750032,13.770022615955055,22.07350874694228,31.70335415711989
1919,0.3838,8.448388245642318,13.780622678531872,22.088730439856096,31.733831638452774
1920,0.384,8.448388245642318,13.79271625436269,22.157741383781797,31.769139629550185
1921,0.3842,8.448388245642318,13.795768221523172,22.236683576515503,31.780891899522064
1922,0.3844,8.448388245642318,13.804170719702462,22.251989355464453,31.786340616524683
1923,0.3846,8.448388245642318,13.813429572915847,22.251989355464453,31.7904657560576
1924,0.3848,8.448388245642318,13.822778924819453,22.251989355464453,31.793960582901203
1925,0.385,8.448388245642318,13.832097449703634,22.3120246543841,31.797256309318588
1926,0.3852,8.448388245642318,13.843512963358148,22.32111808128151,31.80042954713694
1927,0.3854,8.448388245642318,13.855705413231947,22.334622856542794,31.824171502862196
1928,0.3856,8.448388245642318,13.858663278120842,22.34985921021797,31.832999155894196
1929,0.3858,8.448388245642318,13.859365645896634,22.350360468084737,31.853613559186513
1930,0.386,8.448388245642318,13.869063852311372,22.350360468084737,31.861334938864985
1931,0.3862,8.448388245642318,13.871329029079188,22.418213472548548,31.88120930052034
1932,0.3864,8.448388245642318,13.871834587140786,22.43359343063342,31.904113681495183
1933,0.3866,8.448388245642318,13.871919723569627,22.49430357949261,31.911939847009087
1934,0.3868,8.449664123559824,13.871919723569627,22.56508618469821,31.98159510407481
1935,0.387,8.451237796035075,13.871919723569627,22.58087057990009,32.06537704081653
1936,0.3872,8.452835832353196,13.871919723569627,22.653132290622814,32.151207537285174
1937,0.3874,8.454416009578656,13.871919723569627,22.669086011164648,32.23376060708821
1938,0.3876,8.455977466611444,13.872049011502403,22.67193364658294,32.314322002526644
1939,0.3878,8.457522245973701,13.874338164663085,22.733426733217655,32.39368736068405
1940,0.388,8.459217476943063,13.884734803587587,22.74382948928248,32.472581397435135
1941,0.3882,8.461002269698124,13.896670775542344,22.804847992869405,32.491769170273756
1942,0.3884,8.461042332320543,13.908644252856478,22.815289128102417,32.49662032593809
1943,0.3886,8.461042332320543,13.920565597033885,22.815503735747168,32.497866154336144
1944,0.3888,8.461042332320543,13.932377832312403,22.816312821317634,32.49866967169321
1945,0.389,8.474814844793505,13.943923046844791,22.89234500001135,32.51414454415224
1946,0.3892,8.491697121053235,13.955236369626968,22.912649568145437,32.518212681379524
1947,0.3894,8.509127976512442,13.96634672918813,22.91845435383451,32.5194321078317
1948,0.3896,8.526668474986558,13.977285292615424,22.920442396719583,32.54068532027115
1949,0.3898,8.544185422645475,13.98581918874794,22.921414763520986,32.56634357924259
1950,0.39,8.561575269027143,13.988922008462382,22.922165087533855,32.572445665745256
1951,0.3902,8.57878805498127,13.99137274827912,22.938532368578542,32.573792605953436
1952,0.3904,8.582240695563765,13.991774753869334,22.95986447262186,32.57427127601747
1953,0.3906,8.596129043839367,13.993626740347848,22.983722918151066,32.57470984923078
1954,0.3908,8.612318198905491,13.996083542626371,23.007952320967643,32.57539180784781
1955,0.391,8.628958546535559,13.998781307373871,23.031732264509575,32.59646133891201
1956,0.3912,8.646216437964478,14.001725717514374,23.03929441527989,32.6030995903355
1957,0.3914,8.649604961254736,14.004659854193468,23.042670506678817,32.605796691456064
1958,0.3916,8.663250620607318,14.00769910759033,23.044959545895775,32.607647843244614
1959,0.3918,8.666306445390227,14.010801819963898,23.046974758362115,32.6250302058618
1960,0.392,8.680749860828424,14.013792679845412,23.064840640599964,32.64592633708933
1961,0.3922,8.68360760404843,14.016826182128348,23.074838481626646,32.6524094970018
1962,0.3924,8.69384865064039,14.019877575675304,23.18044413185321,32.71673739594863
1963,0.3926,8.69384865064039,14.022929122190385,23.31269019701843,32.793874110520356
1964,0.3928,8.69384865064039,14.025986164962767,23.35424559634039,32.81222159334806
1965,0.393,8.69384865064039,14.028934252759607,23.45511125900343,32.87256341310876
1966,0.3932,8.69384865064039,14.029986878560956,23.484545327036695,32.886577680990676
1967,0.3934,8.69384865064039,14.029986878560956,23.559905611889167,32.88978115092556
1968,0.3936,8.69384865064039,14.029986878560956,23.64546516116643,32.89065479574518
1969,0.3938,8.69384865064039,14.029986878560956,23.731248027569272,32.95055859872613
1970,0.394,8.69384865064039,14.029986878560956,23.756410080532216,32.965757490861925
1971,0.3942,8.69384865064039,14.043969968467716,23.845594479502836,32.984625757292676
1972,0.3944,8.69384865064039,14.061607459760936,23.93837554363964,33.00529936988517
1973,0.3946,8.69384865064039,14.080178015637909,23.95723256721725,33.02750259774364
1974,0.3948,8.69384865064039,14.086123161660389,23.974748948259023,33.034178722272216
1975,0.395,8.69384865064039,14.102335602432282,23.992829880677437,33.051726707789264
1976,0.3952,8.69384865064039,14.106077525085498,23.997167295535686,33.0571338233523
1977,0.3954,8.69384865064039,14.121584833925548,23.999230331737753,33.07474978885129
1978,0.3956,8.693934107312561,14.125177843198381,24.01611890777445,33.080358859352465
1979,0.3958,8.708241345696766,14.127520482688219,24.022684748794635,33.09805758717973
1980,0.396,8.725024875522362,14.130093315580792,24.026790851291636,33.103435146328664
1981,0.3962,8.728363192025503,14.131073752429362,24.030970651652037,33.10744260739357
1982,0.3964,8.742484979237108,14.131462139758456,24.097080960049993,33.17368298248065
1983,0.3966,8.759755534211205,14.146340280473371,24.17810887153036,33.192715547783834
1984,0.3968,8.763409673664725,14.164612511389134,24.199376027498793,33.2144612861587
1985,0.397,8.76382221853386,14.16885925103531,24.22013269632519,33.23649793139864
1986,0.3972,8.77807777235409,14.171420358654512,24.24074131704956,33.2432903936015
1987,0.3974,8.79564836021488,14.174144084029846,24.246167539094387,33.30933205884369
1988,0.3976,8.799430862952164,14.190179230085084,24.24984133603395,33.38990578112737
1989,0.3978,8.799858521791437,14.209032044521994,24.311891675504107,33.47323591065435
1990,0.398,8.814062427685302,14.213544761370892,24.38841719358063,33.5548729317316
1991,0.3982,8.831530405120569,14.214538335443818,24.407615190946366,33.63537603789828
1992,0.3984,8.83522432793671,14.214686366399963,24.41244725611685,33.655620174416846
1993,0.3986,8.835582962102242,14.229401117164016,24.413693838884406,33.660800557986256
1994,0.3988,8.849623576100882,14.232862971696084,24.414041850502233,33.6622865876571
1995,0.399,8.866870269279616,14.246862111871058,24.47161851890692,33.685130837376605
1996,0.3992,8.884773285572214,14.26471295995544,24.484835146504135,33.7136334165899
1997,0.3994,8.887334852307687,14.283663956076463,24.501813566343632,33.72114090070384
1998,0.3996,8.887334852307687,14.288120486082606,24.520085186127734,33.7233563436924
1999,0.3998,8.887334852307687,14.28902773086786,24.540148026003337,33.74707728515775
2000,0.4,8.887334852307687,14.289229779631155,24.561699802453106,33.77648724357861
2001,0.4002,8.887334852307687,14.289400720194509,24.584221236992963,33.78462675297793
2002,0.4004,8.887334852307687,14.304323226534356,24.60754768008318,33.81089163500525
2003,0.4006,8.887334852307687,14.307922883375218,24.616645988163892,33.818343000703514
2004,0.4008,8.88766167696985,14.308784732576717,24.68224278761252,33.82087007317693
2005,0.401,8.888378466656219,14.322060298239139,24.699030286560003,33.845153908511115
2006,0.4012,8.889210906092499,14.33974146925608,24.70360945622678,33.852181428038755
2007,0.4014,8.889222768424476,14.343896440637906,24.767438206541083,33.855061639493854
2008,0.4016,8.889222768424476,14.344734148712687,24.78621944183413,33.88084265036089
2009,0.4018,8.889222768424476,14.344734148712687,24.854721118151396,33.888835501760056
2010,0.402,8.889222768424476,14.344734148712687,24.933484282887925,33.90869777597651
2011,0.4022,8.902037163941154,14.346276944151708,25.01160862043527,33.917168682606146
2012,0.4024,8.917816091993418,14.34875403079441,25.08465770133022,33.94817119788788
2013,0.4026,8.934101279068345,14.364702969080408,25.100334988295508,33.959498673157604
2014,0.4028,8.951128139798284,14.38356677834116,25.11713862566543,33.96696661506276
2015,0.403,8.962544049769289,14.402990269724425,25.120061307298663,34.037692068675284
2016,0.4032,8.962544049769289,14.422506298693927,25.13423278255984,34.11878037927294
2017,0.4034,8.962544049769289,14.427192773207514,25.136732184846753,34.201413125961885
2018,0.4036,8.962544049769289,14.429976127037158,25.150960888538396,34.281044705164376
2019,0.4038,8.962544049769289,14.431012482251706,25.15323760655969,34.358450040205724
2020,0.404,8.962544049769289,14.444408728183497,25.15323760655969,34.43281170851788
2021,0.4042,8.962544049769289,14.460128797534145,25.16838776140931,34.505695414887676
2022,0.4044,8.962544049769289,14.462583981867917,25.17176578369622,34.57646755667559
2023,0.4046,8.962544049769289,14.462583981867917,25.186439345119933,34.59751398825981
2024,0.4048,8.962544049769289,14.462583981867917,25.2039136311354,34.6582481799972
2025,0.405,8.962544049769289,14.462583981867917,25.221968784697665,34.72588177250816
2026,0.4052,8.962544049769289,14.462583981867917,25.225619321759215,34.7926786282403
2027,0.4054,8.962544049769289,14.462583981867917,25.225803850283185,34.85931833732933
2028,0.4056,8.962544049769289,14.462583981867917,25.22950526898179,34.87269561288975
2029,0.4058,8.962544049769289,14.462583981867917,25.290686611219968,34.874197517636105
2030,0.406,8.962544049769289,14.462583981867917,25.35794594438514,34.87745637374581
2031,0.4062,8.962544049769289,14.462583981867917,25.369838738043224,34.93025620087094
2032,0.4064,8.962544049769289,14.462583981867917,25.385854204113894,34.990790150366585
2033,0.4066,8.962544049769289,14.462583981867917,25.403831174485916,35.001501484145074
2034,0.4068,8.962544049769289,14.462583981867917,25.42356051252675,35.01627139816972
2035,0.407,8.962544049769289,14.462583981867917,25.44314289414449,35.01837248656
2036,0.4072,8.962544049769289,14.462583981867917,25.4545934704195,35.01837248656
2037,0.4074,8.962544049769289,14.462583981867917,25.459008247750152,35.031376414148276
2038,0.4076,8.962544049769289,14.462583981867917,25.461894764989605,35.04771193865831
2039,0.4078,8.962544049769289,14.462596753975532,25.465632060025904,35.05105131071552
2040,0.408,8.962544049769289,14.462618614489847,25.466521386474266,35.06567010154744
2041,0.4082,8.962544049769289,14.462673616296799,25.466746063251122,35.068744938313834
2042,0.4084,8.962544049769289,14.462772071297685,25.474741525331353,35.082446403263404
2043,0.4086,8.962544049769289,14.462939251405743,25.480939386382847,35.085513824935724
2044,0.4088,8.962544049769289,14.463158590036873,25.484221235352038,35.08671178202658
2045,0.409,8.962544049769289,14.463446614758384,25.484938749666902,35.09199144551852
2046,0.4092,8.962544049769289,14.463788564713449,25.487759051611544,35.1281307125738
2047,0.4094,8.962544049769289,14.464176328625673,25.488531869421877,35.17329760204086
2048,0.4096,8.962544049769289,14.47964650777974,25.491760699177703,35.18282376093408
2049,0.4098,8.962544049769289,14.483844946892697,25.49433924758723,35.22518634685464
2050,0.41,8.962544049769289,14.485216448944074,25.49502366872558,35.23510214176851
2051,0.4102,8.962544049769289,14.485970787249519,25.496307824852796,35.24432643488608
2052,0.4104,8.962544049769289,14.501703435525268,25.49667332280536,35.263948790240214
2053,0.4106,8.962544049769289,14.505948796044951,25.496809558202763,35.284773195975745
2054,0.4108,8.962780518892204,14.516090432276403,25.497826792155276,35.290140515080445
2055,0.411,8.962780518892204,14.527591444482075,25.498212527810445,35.291411090599865
2056,0.4112,8.962780518892204,14.53060375642842,25.499681738883282,35.310550629758055
2057,0.4114,8.962780518892204,14.540421403949384,25.499681738883282,35.321259552354405
2058,0.4116,8.962780518892204,14.543169592983956,25.499681738883282,35.38510407007413
2059,0.4118,8.962780518892204,14.543967882405271,25.499681738883282,35.45883516787319
2060,0.412,8.962780518892204,14.5458696354614,25.499681738883282,35.53385748406357
2061,0.4122,8.96290995440968,14.546630933981248,25.499681738883282,35.55074028506466
2062,0.4124,8.96290995440968,14.56037231061913,25.499681738883282,35.60769972919309
2063,0.4126,8.976643123094599,14.578665749702838,25.499681738883282,35.620340246709645
2064,0.4128,8.993811934944318,14.583286525904434,25.499681738883282,35.636572594155446
2065,0.413,8.997364723249168,14.593652038609319,25.499681738883282,35.65485875377595
2066,0.4132,9.012155444252409,14.605552882230711,25.499681738883282,35.67370373631196
2067,0.4134,9.015213195344389,14.608930045971862,25.499681738883282,35.69333858507274
2068,0.4136,9.02995203116455,14.619094995623248,25.499681738883282,35.71300963766909
2069,0.4138,9.03389770806717,14.622008008415577,25.499681738883282,35.71760070233808
2070,0.414,9.049061085323467,14.632048915571065,25.499681738883282,35.71847476868466
2071,0.4142,9.052248561509511,14.63492693791793,25.499681738883282,35.72323732083182
2072,0.4144,9.05382353382533,14.6359593325229,25.499681738883282,35.750016906951984
2073,0.4146,9.054760770468476,14.638498371159846,25.499681738883282,35.77914083370289
2074,0.4148,9.054760770468476,14.648929245447652,25.499681738883282,35.803019747465434
2075,0.415,9.054760770468476,14.653855882773419,25.499681738883282,35.82553751150953
2076,0.4152,9.06915355637816,14.655819887745102,25.499681738883282,35.834085849647
2077,0.4154,9.072416268599854,14.65672762831684,25.499681738883282,35.83819805275222
2078,0.4156,9.087577053079688,14.666496343623551,25.499681738883282,35.8429777456614
2079,0.4158,9.105468160606646,14.669422971293024,25.499681738883282,35.86398100141213
2080,0.416,9.109568799244753,14.670522914479571,25.499681738883282,35.88762884302054
2081,0.4162,9.124077400717951,14.68037585801704,25.499681738883282,35.91038005932239
2082,0.4164,9.127081769639096,14.683286477974189,25.499681738883282,35.917877821656376
2083,0.4166,9.141263577231545,14.684339788286959,25.499681738883282,35.92303899680788
2084,0.4168,9.14416538328925,14.684944044619925,25.499681738883282,35.92625355976926
2085,0.417,9.159094593041122,14.685527200617308,25.499681738883282,35.92867411570438
2086,0.4172,9.162362174697732,14.69335786052187,25.499681738883282,35.9462741653155
2087,0.4174,9.162789655835674,14.69540811696783,25.499681738883282,35.9674557362809
2088,0.4176,9.163906528524821,14.705499920477582,25.499681738883282,35.97418001867617
2089,0.4178,9.16607046723515,14.717597133389207,25.499681738883282,35.992659948934325
2090,0.418,9.166717353028062,14.720877534361483,25.499681738883282,35.99871944130344
2091,0.4182,9.180420951753709,14.728997469978037,25.499681738883282,36.0071846265969
2092,0.4184,9.183532727281014,14.730894261551356,25.499681738883282,36.018123418549486
2093,0.4186,9.197765642442366,14.731516761866134,25.499681738883282,36.03884987862856
2094,0.4188,9.215260110396052,14.733943010684277,25.499681738883282,36.046753345937326
2095,0.419,9.219333719292136,14.744277886668014,25.499681738883282,36.066802364464124
2096,0.4192,9.23377104795637,14.747209680047433,25.499681738883282,36.08913203681421
2097,0.4194,9.25146110642221,14.748191822044845,25.499681738883282,36.098554048877375
2098,0.4196,9.255426130363746,14.757856218668799,25.499681738883282,36.10509043093498
2099,0.4198,9.256065026236339,14.760565938073194,25.499681738883282,36.12525539859327
2100,0.42,9.256095390291053,14.761477854476052,25.499681738883282,36.13285310897011
2101,0.4202,9.269756638101374,14.76196460359493,25.499681738883282,36.137015445222254
2102,0.4204,9.28578743269274,14.771576515829299,25.499681738883282,36.14008227732706
2103,0.4206,9.28578743269274,14.783303058533441,25.499681738883282,36.14464744517149
2104,0.4208,9.28578743269274,14.795487241449251,25.499681738883282,36.14974595208146
2105,0.421,9.28578743269274,14.798521374012795,25.499681738883282,36.15369895083996
2106,0.4212,9.28578743269274,14.808751039704307,25.499681738883282,36.17222551678909
2107,0.4214,9.28578743269274,14.811503291070713,25.499681738883282,36.17910335825803
2108,0.4216,9.28578743269274,14.821672357511478,25.499681738883282,36.182954758458344
2109,0.4218,9.28578743269274,14.824438140844498,25.499681738883282,36.18680687417925
2110,0.422,9.28578743269274,14.834871556140083,25.499681738883282,36.19081934111891
2111,0.4222,9.28578743269274,14.837816819581997,25.499681738883282,36.21010195662237
2112,0.4224,9.28578743269274,14.838784055111502,25.499681738883282,36.233147500257225
2113,0.4226,9.28578743269274,14.839231466808087,25.499681738883282,36.241086299864314
2114,0.4228,9.28578743269274,14.83954108040967,25.499681738883282,36.2593928245449
2115,0.423,9.28578743269274,14.839811222505706,25.499681738883282,36.28141241790151
2116,0.4232,9.28578743269274,14.840066830597952,25.499681738883282,36.28874412254135
2117,0.4234,9.28578743269274,14.840314246187512,25.499681738883282,36.29224387765655
2118,0.4236,9.28578743269274,14.840555239039869,25.499681738883282,36.309041914741435
2119,0.4238,9.28578743269274,14.840790474463718,25.499681738883282,36.329418714458136
2120,0.424,9.28578743269274,14.841020295928423,25.499681738883282,36.33673028058376
2121,0.4242,9.28578743269274,14.841244953077942,25.499681738883282,36.340906871427435
2122,0.4244,9.28578743269274,14.841464980339842,25.499681738883282,36.34351579333975
2123,0.4246,9.300636437198323,14.851242140400453,25.499681738883282,36.41220305300532
2124,0.4248,9.319092022965625,14.853856884941203,25.499681738883282,36.48424760373585
2125,0.425,9.338346189450197,14.85681523803506,25.499681738883282,36.50051445645177
2126,0.4252,9.343712570285303,14.867667920917487,25.499681738883282,36.566806483229755
2127,0.4254,9.359175843247208,14.877946919844902,25.499681738883282,36.58317961552616
2128,0.4256,9.361777574797568,14.887534838008426,25.499681738883282,36.60095481792396
2129,0.4258,9.361777574797568,14.889468478202248,25.499681738883282,36.620309478639726
2130,0.426,9.361777574797568,14.899604193796153,25.499681738883282,36.62635981815076
2131,0.4262,9.361777574797568,14.909547298532766,25.499681738883282,36.64307060669387
2132,0.4264,9.361777574797568,14.921157509072502,25.499681738883282,36.64703827518269
2133,0.4266,9.361777574797568,14.933492114800579,25.499681738883282,36.647771836525926
2134,0.4268,9.361777574797568,14.936432555961382,25.499681738883282,36.70348594116134
2135,0.427,9.361777574797568,14.937011544929893,25.499681738883282,36.71598921065861
2136,0.4272,9.361777574797568,14.946817746724983,25.499681738883282,36.733903625880345
2137,0.4274,9.361777574797568,14.958658235604261,25.499681738883282,36.73792230552899
2138,0.4276,9.362390223130726,14.968652358710173,25.499681738883282,36.73796698225444
2139,0.4278,9.377474882556577,14.97272809012845,25.499681738883282,36.79064554367977
2140,0.428,9.395884166116517,14.976201739740318,25.499681738883282,36.849805101663314
2141,0.4282,9.414142900670498,14.987177191472377,25.499681738883282,36.85873180752254
2142,0.4284,9.432901902192823,14.99205257656239,25.499681738883282,36.87154160882884
2143,0.4286,9.450997404554146,14.995900593771996,25.499681738883282,36.88597368947463
2144,0.4288,9.469576578528573,15.004770210398322,25.499681738883282,36.89859353981446
2145,0.429,9.473749380037294,15.016337969379416,25.499681738883282,36.89859353981446
2146,0.4292,9.474389745428418,15.02873434771054,25.499681738883282,36.89859353981446
2147,0.4294,9.474389745428418,15.041216709211263,25.499681738883282,36.89859353981446
2148,0.4296,9.474389745428418,15.05357735229896,25.499681738883282,36.925075902003336
2149,0.4298,9.474389745428418,15.065766068340535,25.499681738883282,36.934099229590295
2150,0.43,9.474434213894053,15.07779942930709,25.499681738883282,36.934099229590295
2151,0.4302,9.47455286792815,15.087145742320562,25.499681738883282,36.934099229590295
2152,0.4304,9.474742716160819,15.090612509156808,25.499681738883282,36.934099229590295
2153,0.4306,9.474998668275614,15.100691436196417,25.499681738883282,36.934099229590295
2154,0.4308,9.48990286718131,15.111776328718582,25.499681738883282,36.934099229590295
2155,0.431,9.508263915481315,15.120427924461211,25.499681738883282,36.934099229590295
2156,0.4312,9.526168597694534,15.130550429038935,25.499681738883282,36.934099229590295
2157,0.4314,9.544778896959702,15.141324572961919,25.499681738883282,36.934099229590295
2158,0.4316,9.549019179765242,15.152035250479972,25.499681738883282,36.934099229590295
2159,0.4318,9.564207055817493,15.159659082388966,25.499681738883282,36.934099229590295
2160,0.432,9.5675682133993,15.159659082388966,25.499681738883282,36.934099229590295
2161,0.4322,9.581658477998705,15.159659082388966,25.499681738883282,36.934099229590295
2162,0.4324,9.599212481382681,15.159659082388966,25.499681738883282,36.934099229590295
2163,0.4326,9.603975557180746,15.159659082388966,25.499681738883282,36.934099229590295
2164,0.4328,9.619755107306252,15.159659082388966,25.499681738883282,36.934099229590295
2165,0.433,9.623384792018417,15.159659082388966,25.499681738883282,36.934099229590295
2166,0.4332,9.6234247217385,15.159659082388966,25.499681738883282,36.934099229590295
2167,0.4334,9.6234247217385,15.159659082388966,25.499681738883282,36.934099229590295
2168,0.4336,9.6234247217385,15.159659082388966,25.499681738883282,36.934099229590295
2169,0.4338,9.6234247217385,15.159659082388966,25.499681738883282,36.934099229590295
2170,0.434,9.638035555480505,15.159659082388966,25.499681738883282,36.934099229590295
2171,0.4342,9.641689361097363,15.159659082388966,25.499681738883282,36.934099229590295
2172,0.4344,9.64254229827244,15.159659082388966,25.499681738883282,36.934099229590295
2173,0.4346,9.642912569063665,15.159659082388966,25.499681738883282,36.934099229590295
2174,0.4348,9.643049629758234,15.159659082388966,25.499681738883282,36.934099229590295
2175,0.435,9.643358671257205,15.159659082388966,25.499681738883282,36.934099229590295
2176,0.4352,9.658394837263891,15.159659082388966,25.499681738883282,36.934099229590295
2177,0.4354,9.677145479349122,15.159659082388966,25.499681738883282,36.934099229590295
2178,0.4356,9.681820513739229,15.159659082388966,25.499681738883282,36.934099229590295
2179,0.4358,9.69713662676233,15.159659082388966,25.499681738883282,36.934099229590295
2180,0.436,9.71485681131854,15.159659082388966,25.499681738883282,36.934099229590295
2181,0.4362,9.718926757051527,15.159659082388966,25.499681738883282,36.934099229590295
2182,0.4364,9.734717655546184,15.159659082388966,25.499681738883282,36.934099229590295
2183,0.4366,9.75316526604741,15.159659082388966,25.499681738883282,36.934099229590295
2184,0.4368,9.772375861371573,15.172836941312834,25.499681738883282,36.934099229590295
2185,0.437,9.791733757815239,15.189445317550266,25.499681738883282,36.934099229590295
2186,0.4372,9.796293125516366,15.190493566018604,25.499681738883282,36.934099229590295
2187,0.4374,9.79719685731202,15.190493566018604,25.499681738883282,36.934099229590295
2188,0.4376,9.812005929067572,15.190493566018604,25.499681738883282,36.934099229590295
2189,0.4378,9.830116407226969,15.190493566018604,25.499681738883282,36.934099229590295
2190,0.438,9.848970474282119,15.200378407977784,25.499681738883282,36.934099229590295
2191,0.4382,9.853273538590669,15.200378407977784,25.499681738883282,36.934099229590295
2192,0.4384,9.85489576850946,15.200378407977784,25.499681738883282,36.934099229590295
2193,0.4386,9.869946500668915,15.200378407977784,25.499681738883282,36.934099229590295
2194,0.4388,9.873356229488651,15.200378407977784,25.499681738883282,36.934099229590295
2195,0.439,9.873862853277512,15.200378407977784,25.499681738883282,36.934099229590295
2196,0.4392,9.888152445763728,15.200378407977784,25.499681738883282,36.934099229590295
2197,0.4394,9.904966379570537,15.200378407977784,25.499681738883282,36.934099229590295
2198,0.4396,9.922996481727365,15.200378407977784,25.499681738883282,36.934099229590295
2199,0.4398,9.925893806192637,15.200378407977784,25.499681738883282,36.934099229590295
2200,0.44,9.925893806192637,15.200378407977784,25.499681738883282,36.934099229590295
2201,0.4402,9.925893806192637,15.200378407977784,25.499681738883282,36.934099229590295
2202,0.4404,9.925893806192637,15.212975150742018,25.499681738883282,36.934099229590295
2203,0.4406,9.925893806192637,15.228292448149528,25.499681738883282,36.934099229590295
2204,0.4408,9.925893806192637,15.244061572782659,25.499681738883282,36.934099229590295
2205,0.441,9.925893806192637,15.259784449851715,25.499681738883282,36.934099229590295
2206,0.4412,9.925893806192637,15.275361159395443,25.499681738883282,36.934099229590295
2207,0.4414,9.925893806192637,15.277136373993061,25.499681738883282,36.934099229590295
2208,0.4416,9.925893806192637,15.277136373993061,25.499681738883282,36.934099229590295
2209,0.4418,9.925893806192637,15.277136373993061,25.499681738883282,36.934099229590295
2210,0.442,9.925893806192637,15.277136373993061,25.499681738883282,36.934099229590295
2211,0.4422,9.925893806192637,15.289007925362196,25.499681738883282,36.934099229590295
2212,0.4424,9.925893806192637,15.303515042140889,25.499681738883282,36.934099229590295
2213,0.4426,9.925893806192637,15.318572924158511,25.499681738883282,36.934099229590295
2214,0.4428,9.925893806192637,15.333685247154001,25.499681738883282,36.934099229590295
2215,0.443,9.925893806192637,15.350504705035268,25.499681738883282,36.934099229590295
2216,0.4432,9.925893806192637,15.35393373952502,25.499681738883282,36.934099229590295
2217,0.4434,9.925893806192637,15.355959963951682,25.499681738883282,36.934099229590295
2218,0.4436,9.925893806192637,15.35805339742526,25.499681738883282,36.934099229590295
2219,0.4438,9.925893806192637,15.360214588146075,25.499681738883282,36.934099229590295
2220,0.444,9.925893806192637,15.360743445458802,25.499681738883282,36.934099229590295
2221,0.4442,9.925893806192637,15.362348850255161,25.499681738883282,36.934099229590295
2222,0.4444,9.925893806192637,15.362411358528622,25.499681738883282,36.934099229590295
2223,0.4446,9.925893806192637,15.362411358528622,25.499681738883282,36.934099229590295
2224,0.4448,9.925893806192637,15.362411358528622,25.499681738883282,36.934099229590295
2225,0.445,9.925893806192637,15.362411358528622,25.499681738883282,36.934099229590295
2226,0.4452,9.925893806192637,15.362411358528622,25.499681738883282,36.934099229590295
2227,0.4454,9.925893806192637,15.362411358528622,25.499681738883282,36.934099229590295
2228,0.4456,9.925893806192637,15.362498087476512,25.499681738883282,36.934099229590295
2229,0.4458,9.925893806192637,15.3626770525905,25.499681738883282,36.934099229590295
2230,0.446,9.925938670480901,15.362946289227885,25.499681738883282,36.934099229590295
2231,0.4462,9.926042977694653,15.36510699462962,25.499681738883282,36.934099229590295
2232,0.4464,9.926203492458344,15.368209806714589,25.499681738883282,36.934099229590295
2233,0.4466,9.92735331146038,15.369752219267632,25.499681738883282,36.934099229590295
2234,0.4468,9.942565712618409,15.370487760886553,25.499681738883282,36.934099229590295
2235,0.447,9.96096198957942,15.384017817135694,25.499681738883282,36.934099229590295
2236,0.4472,9.965232241719656,15.38776578639439,25.499681738883282,36.934099229590295
2237,0.4474,9.97990135850312,15.389051758722065,25.499681738883282,36.934099229590295
2238,0.4476,9.997391195082471,15.389688040377274,25.499681738883282,36.934099229590295
2239,0.4478,10.015958442797274,15.390177959137745,25.499681738883282,36.934099229590295
2240,0.448,10.020175673734771,15.390665787488588,25.499681738883282,36.934099229590295
2241,0.4482,10.020897124346309,15.393089435517261,25.499681738883282,36.934099229590295
2242,0.4484,10.023473660395469,15.394611430804831,25.499681738883282,36.934099229590295
2243,0.4486,10.025754153792537,15.395574428176364,25.499681738883282,36.934099229590295
2244,0.4488,10.027696254891435,15.398091706657157,25.499681738883282,36.934099229590295
2245,0.449,10.029436159608807,15.401025724323224,25.499681738883282,36.934099229590295
2246,0.4492,10.031194885628652,15.403963480119248,25.499681738883282,36.934099229590295
2247,0.4494,10.031194885628652,15.406889235803595,25.499681738883282,36.934099229590295
2248,0.4496,10.04529687984129,15.408056224460672,25.499681738883282,36.934099229590295
2249,0.4498,10.062928991701439,15.40846222739886,25.499681738883282,36.934099229590295
2250,0.45,10.06678400334371,15.40867283810929,25.499681738883282,36.934099229590295
2251,0.4502,10.067285871907204,15.408856954819647,25.499681738883282,36.934099229590295
2252,0.4504,10.080384820221507,15.409061470188197,25.499681738883282,36.934099229590295
2253,0.4506,10.097413000589642,15.40929750692812,25.499681738883282,36.934099229590295
2254,0.4508,10.098148827638873,15.409566318089793,25.499681738883282,36.934099229590295
2255,0.451,10.098148827638873,15.409867201068158,25.499681738883282,36.934099229590295
2256,0.4512,10.098148827638873,15.410198905234145,25.499681738883282,36.934099229590295
2257,0.4514,10.098148827638873,15.410563928892515,25.499681738883282,36.934099229590295
2258,0.4516,10.098148827638873,15.410962521399659,25.499681738883282,36.934099229590295
2259,0.4518,10.098148827638873,15.411390562761206,25.499681738883282,36.934099229590295
2260,0.452,10.098148827638873,15.411845035825245,25.499681738883282,36.934099229590295
2261,0.4522,10.098421425603977,15.412327740162711,25.499681738883282,36.934099229590295
2262,0.4524,10.098421425603977,15.412868274537713,25.499681738883282,36.934099229590295
2263,0.4526,10.098421425603977,15.413809314897074,25.499681738883282,36.934099229590295
2264,0.4528,10.098421425603977,15.415071608442211,25.499681738883282,36.934099229590295
2265,0.453,10.098421425603977,15.416209944311394,25.499681738883282,36.934099229590295
2266,0.4532,10.098421425603977,15.417230942197584,25.499681738883282,36.934099229590295
2267,0.4534,10.098421425603977,15.418542717497608,25.499681738883282,36.934099229590295
2268,0.4536,10.098421425603977,15.419776593917389,25.499681738883282,36.934099229590295
2269,0.4538,10.098421425603977,15.42091718291943,25.499681738883282,36.934099229590295
2270,0.454,10.098421425603977,15.422013085583103,25.499681738883282,36.934099229590295
2271,0.4542,10.112360980963379,15.423097053329066,25.499681738883282,36.934099229590295
2272,0.4544,10.129759516483984,15.42421496044044,25.499681738883282,36.934099229590295
2273,0.4546,10.147886064152683,15.438845433520353,25.499681738883282,36.934099229590295
2274,0.4548,10.166075250955762,15.458181226521512,25.499681738883282,36.934099229590295
2275,0.455,10.18278830829253,15.463727059917897,25.499681738883282,36.934099229590295
2276,0.4552,10.199421275645834,15.479272996316286,25.499681738883282,36.934099229590295
2277,0.4554,10.215973873535754,15.483783549452344,25.499681738883282,36.934099229590295
2278,0.4556,10.232387957128125,15.49006234542386,25.499681738883282,36.934099229590295
2279,0.4558,10.248619444703849,15.511192219289322,25.499681738883282,36.934099229590295
2280,0.456,10.264670199217612,15.535782962530826,25.499681738883282,36.934099229590295
2281,0.4562,10.28054745863943,15.561198547382732,25.499681738883282,36.934099229590295
2282,0.4564,10.296248108585464,15.568913026517036,25.499681738883282,36.934099229590295
2283,0.4566,10.311290200982373,15.587173767350313,25.499681738883282,36.934099229590295
2284,0.4568,10.31205203160252,15.606112686898262,25.499681738883282,36.934099229590295
2285,0.457,10.31205203160252,15.62662731665749,25.499681738883282,36.934099229590295
2286,0.4572,10.31205203160252,15.632969385705096,25.499681738883282,36.934099229590295
2287,0.4574,10.31205203160252,15.64029518906553,25.499681738883282,36.934099229590295
2288,0.4576,10.313759556918393,15.643912180167444,25.499681738883282,36.934099229590295
2289,0.4578,10.313759556918393,15.645945109164279,25.499681738883282,36.934099229590295
2290,0.458,10.314803745703742,15.664043118653979,25.499681738883282,36.934099229590295
2291,0.4582,10.314803745703742,15.669801526055387,25.499681738883282,36.934099229590295
2292,0.4584,10.314803745703742,15.672188194930815,25.499681738883282,36.934099229590295
2293,0.4586,10.314803745703742,15.673684554873635,25.499681738883282,36.934099229590295
2294,0.4588,10.314803745703742,15.676929519904782,25.499681738883282,36.934099229590295
2295,0.459,10.314803745703742,15.681026133215605,25.499681738883282,36.934099229590295
2296,0.4592,10.314803745703742,15.685426248536102,25.499681738883282,36.934099229590295
2297,0.4594,10.314803745703742,15.689934385140216,25.499681738883282,36.934099229590295
2298,0.4596,10.314803745703742,15.69453511172889,25.499681738883282,36.934099229590295
2299,0.4598,10.315892870988096,15.71264074042797,25.499681738883282,36.934099229590295
2300,0.46,10.3162472444663,15.733460581111656,25.499681738883282,36.934099229590295
2301,0.4602,10.3162472444663,15.752473697372338,25.499681738883282,36.934099229590295
2302,0.4604,10.3162472444663,15.757304714715707,25.499681738883282,36.934099229590295
2303,0.4606,10.3162472444663,15.759018804828894,25.499681738883282,36.934099229590295
2304,0.4608,10.316353449635466,15.760239703259138,25.499681738883282,36.934099229590295
2305,0.461,10.317404154830635,15.767102709258998,25.499681738883282,36.934099229590295
2306,0.4612,10.331453720430662,15.776474347222218,25.499681738883282,36.934099229590295
2307,0.4614,10.34818521719147,15.786683603801745,25.499681738883282,36.934099229590295
2308,0.4616,10.363832582266145,15.79728044123919,25.499681738883282,36.934099229590295
2309,0.4618,10.380426669940436,15.807646179030646,25.499681738883282,36.934099229590295
2310,0.462,10.383371507770248,15.817884063968927,25.499681738883282,36.934099229590295
2311,0.4622,10.383371507770248,15.82318650238808,25.499681738883282,36.934099229590295
2312,0.4624,10.385608286221437,15.826276129828878,25.499681738883282,36.934099229590295
2313,0.4626,10.387593838527977,15.830804026242307,25.499681738883282,36.934099229590295
2314,0.4628,10.389878351975437,15.83616329913521,25.499681738883282,36.934099229590295
2315,0.463,10.391925227984103,15.841741065148002,25.499681738883282,36.934099229590295
2316,0.4632,10.391925227984103,15.845146743847547,25.499681738883282,36.934099229590295
2317,0.4634,10.394508585343393,15.849708375429305,25.499681738883282,36.934099229590295
2318,0.4636,10.396690698576732,15.854905669113483,25.499681738883282,36.934099229590295
2319,0.4638,10.398200238768727,15.860212656187342,25.499681738883282,36.934099229590295
2320,0.464,10.398200238768727,15.865574347837418,25.499681738883282,36.934099229590295
2321,0.4642,10.398200238768727,15.868825013934682,25.499681738883282,36.934099229590295
2322,0.4644,10.399239067299805,15.871076316155387,25.499681738883282,36.934099229590295
2323,0.4646,10.399239067299805,15.8730847857174,25.499681738883282,36.934099229590295
2324,0.4648,10.399239067299805,15.874987776354274,25.499681738883282,36.934099229590295
2325,0.465,10.401832175097468,15.87682240801121,25.499681738883282,36.934099229590295
2326,0.4652,10.405205258006788,15.878612208401321,25.499681738883282,36.934099229590295
2327,0.4654,10.40666815504223,15.894179064034693,25.499681738883282,36.934099229590295
2328,0.4656,10.407845311861525,15.915059410486158,25.499681738883282,36.934099229590295
2329,0.4658,10.409427524805938,15.938086020276584,25.499681738883282,36.934099229590295
2330,0.466,10.411212818332524,15.961868974072411,25.499681738883282,36.934099229590295
2331,0.4662,10.411558514771928,15.972143559858317,25.499681738883282,36.934099229590295
2332,0.4664,10.426017227398509,15.97893184703854,25.499681738883282,36.934099229590295
2333,0.4666,10.429152850533855,16.000239186403547,25.499681738883282,36.934099229590295
2334,0.4668,10.432327432050268,16.02483799682137,25.499681738883282,36.934099229590295
2335,0.467,10.435502311669376,16.04936150013617,25.499681738883282,36.934099229590295
2336,0.4672,10.438215822183647,16.07396241411217,25.499681738883282,36.934099229590295
2337,0.4674,10.440706027487295,16.098551775285454,25.499681738883282,36.934099229590295
2338,0.4676,10.44360572063327,16.12299723894229,25.499681738883282,36.934099229590295
2339,0.4678,10.446704651807664,16.147312278876402,25.499681738883282,36.934099229590295
2340,0.468,10.447549098801455,16.171546746155453,25.499681738883282,36.934099229590295
2341,0.4682,10.448010784712265,16.193309834161724,25.499681738883282,36.934099229590295
2342,0.4684,10.44844031533929,16.199263731954932,25.499681738883282,36.934099229590295
2343,0.4686,10.448901701403214,16.223407142195228,25.499681738883282,36.934099229590295
2344,0.4688,10.449403656276997,16.2309127258325,25.499681738883282,36.934099229590295
2345,0.469,10.452306955778962,16.234411066218595,25.499681738883282,36.934099229590295
2346,0.4692,10.455676370675326,16.23719514772155,25.499681738883282,36.934099229590295
2347,0.4694,10.458612442168578,16.25535251872498,25.499681738883282,36.934099229590295
2348,0.4696,10.461865220702043,16.2614232336882,25.499681738883282,36.934099229590295
2349,0.4698,10.462333376892156,16.286494381094254,25.499681738883282,36.934099229590295
2350,0.47,10.464577569778001,16.316775123661003,25.499681738883282,36.934099229590295
2351,0.4702,10.46710193296761,16.325575928206987,25.499681738883282,36.934099229590295
2352,0.4704,10.468258660336964,16.344235477136984,25.499681738883282,36.934099229590295
2353,0.4706,10.468258660336964,16.349091480625724,25.499681738883282,36.934099229590295
2354,0.4708,10.468258660336964,16.366179658520892,25.499681738883282,36.934099229590295
2355,0.471,10.468258660336964,16.392003823049865,25.499681738883282,36.934099229590295
2356,0.4712,10.468258660336964,16.414825609074093,25.499681738883282,36.934099229590295
2357,0.4714,10.468258660336964,16.436497286353433,25.499681738883282,36.934099229590295
2358,0.4716,10.468258660336964,16.457921167807935,25.499681738883282,36.934099229590295
2359,0.4718,10.468258660336964,16.47868696441232,25.499681738883282,36.934099229590295
2360,0.472,10.468258660336964,16.483705830088848,25.499681738883282,36.934099229590295
2361,0.4722,10.468258660336964,16.50198455247223,25.499681738883282,36.934099229590295
2362,0.4724,10.468258660336964,16.507480839268005,25.499681738883282,36.934099229590295
2363,0.4726,10.468258660336964,16.52570208164186,25.499681738883282,36.934099229590295
2364,0.4728,10.468258660336964,16.530294412129642,25.499681738883282,36.934099229590295
2365,0.473,10.468258660336964,16.547983701067405,25.499681738883282,36.934099229590295
2366,0.4732,10.46837759790047,16.552356285517345,25.499681738883282,36.934099229590295
2367,0.4734,10.481728683470084,16.554153455297165,25.499681738883282,36.934099229590295
2368,0.4736,10.499034329825164,16.55547254818666,25.499681738883282,36.934099229590295
2369,0.4738,10.502764229980654,16.556768379441518,25.499681738883282,36.934099229590295
2370,0.474,10.517911809271565,16.558135938236713,25.499681738883282,36.934099229590295
2371,0.4742,10.522905109645809,16.559543120747662,25.499681738883282,36.934099229590295
2372,0.4744,10.525442413760276,16.561040505397756,25.499681738883282,36.934099229590295
2373,0.4746,10.526201109128456,16.569049600691457,25.499681738883282,36.934099229590295
2374,0.4748,10.527874408353112,16.596772118445642,25.499681738883282,36.934099229590295
2375,0.475,10.530086149378143,16.611687057467602,25.499681738883282,36.934099229590295
2376,0.4752,10.530885413059362,16.617438793159724,25.499681738883282,36.934099229590295
2377,0.4754,10.544583204644887,16.643390233239256,25.499681738883282,36.934099229590295
2378,0.4756,10.547561333014144,16.66744159345744,25.499681738883282,36.934099229590295
2379,0.4758,10.549357358685791,16.673606360582042,25.499681738883282,36.934099229590295
2380,0.476,10.564808807889788,16.69928179633472,25.499681738883282,36.934099229590295
2381,0.4762,10.568607121167908,16.729695504021876,25.499681738883282,36.934099229590295
2382,0.4764,10.569928683734027,16.76079219528261,25.499681738883282,36.934099229590295
2383,0.4766,10.570800244219253,16.791560442751553,25.499681738883282,36.934099229590295
2384,0.4768,10.572847415445166,16.80626188406754,25.499681738883282,36.934099229590295
2385,0.477,10.574295181663086,16.818738072627326,25.499681738883282,36.934099229590295
2386,0.4772,10.57663929540285,16.830485463643843,25.499681738883282,36.934099229590295
2387,0.4774,10.579459743405046,16.842054314434645,25.499681738883282,36.934099229590295
2388,0.4776,10.582518077269489,16.846320070796455,25.499681738883282,36.934099229590295
2389,0.4778,10.598588416288695,16.847987952085543,25.499681738883282,36.934099229590295
2390,0.478,10.602713131957337,16.84967773197797,25.499681738883282,36.934099229590295
2391,0.4782,10.603851440847578,16.85162105368029,25.499681738883282,36.934099229590295
2392,0.4784,10.604247445746852,16.861209876868866,25.499681738883282,36.934099229590295
2393,0.4786,10.604455492201135,16.866020579286637,25.499681738883282,36.934099229590295
2394,0.4788,10.604611209115102,16.875887612725258,25.499681738883282,36.934099229590295
2395,0.479,10.604747648564079,16.888328797303657,25.499681738883282,36.934099229590295
2396,0.4792,10.604873427559104,16.901746702154764,25.499681738883282,36.934099229590295
2397,0.4794,10.605494113420782,16.907522557535625,25.499681738883282,36.934099229590295
2398,0.4796,10.60763700732714,16.91794905047551,25.499681738883282,36.934099229590295
2399,0.4798,10.610505206582868,16.930025909267098,25.499681738883282,36.934099229590295
2400,0.48,10.626975498449056,16.942576653276465,25.499681738883282,36.934099229590295
2401,0.4802,10.631330895849931,16.955171510508443,25.499681738883282,36.934099229590295
2402,0.4804,10.632577283956664,16.983457036746096,25.499681738883282,36.934099229590295
2403,0.4806,10.6330330471958,16.990410203793605,25.499681738883282,36.934099229590295
2404,0.4808,10.633285152779683,16.992300671159075,25.499681738883282,36.934099229590295
2405,0.481,10.646880863917906,16.99311660890837,25.499681738883282,36.934099229590295
2406,0.4812,10.651841915094392,16.99371545752328,25.499681738883282,36.934099229590295
2407,0.4814,10.653534968865092,16.994279378398872,25.499681738883282,36.934099229590295
2408,0.4816,10.654187271872152,16.995161394463416,25.499681738883282,36.934099229590295
2409,0.4818,10.654533609019921,16.996263294943354,25.499681738883282,36.934099229590295
2410,0.482,10.654790766040277,16.99754464554789,25.499681738883282,36.934099229590295
2411,0.4822,10.655018797840935,16.99915178564362,25.499681738883282,36.934099229590295
2412,0.4824,10.655233711481875,17.001061038902616,25.499681738883282,36.934099229590295
2413,0.4826,10.65543970580109,17.02731050897244,25.499681738883282,36.934099229590295
2414,0.4828,10.655637922003597,17.058081703274993,25.499681738883282,36.934099229590295
2415,0.483,10.655828708710004,17.08997001434738,25.499681738883282,36.934099229590295
2416,0.4832,10.656037665277623,17.12192635524608,25.499681738883282,36.934099229590295
2417,0.4834,10.656276454758494,17.153797083669552,25.499681738883282,36.934099229590295
2418,0.4836,10.670492454936783,17.185547048667853,25.499681738883282,36.934099229590295
2419,0.4838,10.6885081167941,17.217125463017055,25.499681738883282,36.934099229590295
2420,0.484,10.707380529123935,17.24852080219784,25.499681738883282,36.934099229590295
2421,0.4842,10.726317194824237,17.25603291543022,25.499681738883282,36.934099229590295
2422,0.4844,10.745114725633128,17.28168182136723,25.499681738883282,36.934099229590295
2423,0.4846,10.7637119102714,17.28707844971267,25.499681738883282,36.934099229590295
2424,0.4848,10.781480657280168,17.288009482004636,25.499681738883282,36.934099229590295
2425,0.485,10.800067742260767,17.311850378531574,25.499681738883282,36.934099229590295
2426,0.4852,10.80378307247017,17.3413362272645,25.499681738883282,36.934099229590295
2427,0.4854,10.80378307247017,17.357734919136835,25.499681738883282,36.934099229590295
2428,0.4856,10.80378307247017,17.357734919136835,25.499681738883282,36.934099229590295
2429,0.4858,10.80378307247017,17.357734919136835,25.499681738883282,36.934099229590295
2430,0.486,10.80378307247017,17.357734919136835,25.499681738883282,36.934099229590295
2431,0.4862,10.80378307247017,17.357734919136835,25.499681738883282,36.934099229590295
2432,0.4864,10.80378307247017,17.357734919136835,25.499681738883282,36.934099229590295
2433,0.4866,10.80378307247017,17.357734919136835,25.499681738883282,36.934099229590295
2434,0.4868,10.807336489059495,17.357734919136835,25.499681738883282,36.934099229590295
2435,0.487,10.808669125495777,17.357734919136835,25.499681738883282,36.934099229590295
2436,0.4872,10.812236431520159,17.357734919136835,25.499681738883282,36.934099229590295
2437,0.4874,10.816432626955692,17.357734919136835,25.499681738883282,36.934099229590295
2438,0.4876,10.820804168018887,17.357734919136835,25.499681738883282,36.934099229590295
2439,0.4878,10.825223423671666,17.357734919136835,25.499681738883282,36.934099229590295
2440,0.488,10.829667743813056,17.357734919136835,25.499681738883282,36.934099229590295
2441,0.4882,10.834158737218742,17.357734919136835,25.499681738883282,36.934099229590295
2442,0.4884,10.838656353337273,17.357734919136835,25.499681738883282,36.934099229590295
2443,0.4886,10.83954080244917,17.357734919136835,25.499681738883282,36.934099229590295
2444,0.4888,10.843173609485227,17.357734919136835,25.499681738883282,36.934099229590295
2445,0.489,10.847187997061107,17.357734919136835,25.499681738883282,36.934099229590295
2446,0.4892,10.847952636284973,17.357734919136835,25.499681738883282,36.934099229590295
2447,0.4894,10.8482117870503,17.357734919136835,25.499681738883282,36.934099229590295
2448,0.4896,10.848767645188213,17.357734919136835,25.499681738883282,36.934099229590295
2449,0.4898,10.851951803036393,17.357734919136835,25.499681738883282,36.934099229590295
2450,0.49,10.852306863385856,17.357734919136835,25.499681738883282,36.934099229590295
2451,0.4902,10.852306863385856,17.357734919136835,25.499681738883282,36.934099229590295
2452,0.4904,10.852306863385856,17.357734919136835,25.499681738883282,36.934099229590295
2453,0.4906,10.854797009561121,17.357734919136835,25.499681738883282,36.934099229590295
2454,0.4908,10.858634221967993,17.357734919136835,25.499681738883282,36.934099229590295
2455,0.491,10.862960254369257,17.3703205918042,25.499681738883282,36.934099229590295
2456,0.4912,10.86418595052315,17.38552253664955,25.499681738883282,36.934099229590295
2457,0.4914,10.868073851774692,17.388699761244784,25.499681738883282,36.934099229590295
2458,0.4916,10.868979645602346,17.402024808680128,25.499681738883282,36.934099229590295
2459,0.4918,10.870061248926447,17.417241441989713,25.499681738883282,36.934099229590295
2460,0.492,10.870503828886054,17.422571951265198,25.499681738883282,36.934099229590295
2461,0.4922,10.873631750785451,17.438782873045522,25.499681738883282,36.934099229590295
2462,0.4924,10.87696172008488,17.457350685413733,25.499681738883282,36.934099229590295
2463,0.4926,10.877536780959547,17.46105911816521,25.499681738883282,36.934099229590295
2464,0.4928,10.877819791185429,17.46105911816521,25.499681738883282,36.934099229590295
2465,0.493,10.881450279137704,17.46105911816521,25.499681738883282,36.934099229590295
2466,0.4932,10.885595847843078,17.46105911816521,25.499681738883282,36.934099229590295
2467,0.4934,10.890083661454252,17.46105911816521,25.499681738883282,36.934099229590295
2468,0.4936,10.89108704326904,17.46105911816521,25.499681738883282,36.934099229590295
2469,0.4938,10.894229450708446,17.47326966566759,25.499681738883282,36.934099229590295
2470,0.494,10.895016449240183,17.488106778994943,25.499681738883282,36.934099229590295
2471,0.4942,10.898099113808183,17.503492428919408,25.499681738883282,36.934099229590295
2472,0.4944,10.898865655622497,17.519206660276,25.499681738883282,36.934099229590295
2473,0.4946,10.901928232043915,17.523029061838017,25.499681738883282,36.934099229590295
2474,0.4948,10.905388918038236,17.536858717793486,25.499681738883282,36.934099229590295
2475,0.495,10.908918167720998,17.555031097307232,25.499681738883282,36.934099229590295
2476,0.4952,10.909739948055355,17.562127711016494,25.499681738883282,36.934099229590295
2477,0.4954,10.912751507847982,17.579481809808996,25.499681738883282,36.934099229590295
2478,0.4956,10.913151020703777,17.584353723906396,25.499681738883282,36.934099229590295
2479,0.4958,10.915981541477827,17.588261765768134,25.499681738883282,36.934099229590295
2480,0.496,10.91886564512299,17.602670701692777,25.499681738883282,36.934099229590295
2481,0.4962,10.91886564512299,17.620999644014205,25.499681738883282,36.934099229590295
2482,0.4964,10.91886564512299,17.62586586046648,25.499681738883282,36.934099229590295
2483,0.4966,10.91886564512299,17.62747460449318,25.499681738883282,36.934099229590295
2484,0.4968,10.91886564512299,17.62831290825545,25.499681738883282,36.934099229590295
2485,0.497,10.91886564512299,17.629003266479824,25.499681738883282,36.934099229590295
2486,0.4972,10.91886564512299,17.6422284984839,25.499681738883282,36.934099229590295
2487,0.4974,10.91886564512299,17.660213659697277,25.499681738883282,36.934099229590295
2488,0.4976,10.91886564512299,17.667068824220802,25.499681738883282,36.934099229590295
2489,0.4978,10.91886564512299,17.68434538794061,25.499681738883282,36.934099229590295
2490,0.498,10.91886564512299,17.68906142476591,25.499681738883282,36.934099229590295
2491,0.4982,10.91886564512299,17.70307468080909,25.499681738883282,36.934099229590295
2492,0.4984,10.91886564512299,17.708598504069784,25.499681738883282,36.934099229590295
2493,0.4986,10.91886564512299,17.71023430320608,25.499681738883282,36.934099229590295
2494,0.4988,10.91886564512299,17.72539065993746,25.499681738883282,36.934099229590295
2495,0.499,10.91886564512299,17.729006516765995,25.499681738883282,36.934099229590295
2496,0.4992,10.91886564512299,17.72988191205695,25.499681738883282,36.934099229590295
2497,0.4994,10.91886564512299,17.730115374984514,25.499681738883282,36.934099229590295
2498,0.4996,10.91886564512299,17.732484827623253,25.499681738883282,36.934099229590295
2499,0.4998,10.91886564512299,17.74851310359129,25.499681738883282,36.934099229590295
2500,0.5,10.91886564512299,17.752557562205357,25.499681738883282,36.934099229590295
2501,0.5002,10.91886564512299,17.768543495651812,25.499681738883282,36.934099229590295
2502,0.5004,10.91886564512299,17.787264956261897,25.499681738883282,36.934099229590295
2503,0.5006,10.91886564512299,17.79171476738344,25.499681738883282,36.934099229590295
2504,0.5008,10.91886564512299,17.792710674974188,25.499681738883282,36.934099229590295
2505,0.501,10.91886564512299,17.792906049585444,25.499681738883282,36.934099229590295
2506,0.5012,10.91886564512299,17.805603954313785,25.499681738883282,36.934099229590295
2507,0.5014,10.91886564512299,17.82306741291225,25.499681738883282,36.934099229590295
2508,0.5016,10.91886564512299,17.839502391800877,25.499681738883282,36.934099229590295
2509,0.5018,10.91886564512299,17.857605373742118,25.499681738883282,36.934099229590295
2510,0.502,10.91886564512299,17.861778728766733,25.499681738883282,36.934099229590295
2511,0.5022,10.91886564512299,17.864940449551785,25.499681738883282,36.934099229590295
2512,0.5024,10.921786639363072,17.880761129430365,25.499681738883282,36.934099229590295
2513,0.5026,10.922489458188789,17.884554833982893,25.499681738883282,36.934099229590295
2514,0.5028,10.923294825804202,17.88531503535773,25.499681738883282,36.934099229590295
2515,0.503,10.923727705270151,17.88531746006519,25.499681738883282,36.934099229590295
2516,0.5032,10.923996272413566,17.8975495148353,25.499681738883282,36.934099229590295
2517,0.5034,10.924266193857832,17.902222985529985,25.499681738883282,36.934099229590295
2518,0.5036,10.924550406556188,17.905818803400596,25.499681738883282,36.934099229590295
2519,0.5038,10.924859568193574,17.92174981464442,25.499681738883282,36.934099229590295
2520,0.504,10.925171244699637,17.940154290855727,25.499681738883282,36.934099229590295
2521,0.5042,10.925507809876645,17.959008122381622,25.499681738883282,36.934099229590295
2522,0.5044,10.925633821250683,17.977851974375767,25.499681738883282,36.934099229590295
2523,0.5046,10.925912016445325,17.996529031736088,25.499681738883282,36.934099229590295
2524,0.5048,10.926268252891585,18.01278842398512,25.499681738883282,36.934099229590295
2525,0.505,10.929834152156424,18.028049728483918,25.499681738883282,36.934099229590295
2526,0.5052,10.934136251351108,18.043051306451083,25.499681738883282,36.934099229590295
2527,0.5054,10.935216345961246,18.06009852958881,25.499681738883282,36.934099229590295
2528,0.5056,10.935760025185436,18.07574503666141,25.499681738883282,36.934099229590295
2529,0.5058,10.935996611811072,18.092956597974368,25.499681738883282,36.934099229590295
2530,0.506,10.938954154736482,18.097909884821956,25.499681738883282,36.934099229590295
2531,0.5062,10.939615382760492,18.097909884821956,25.499681738883282,36.934099229590295
2532,0.5064,10.940018546430778,18.097909884821956,25.499681738883282,36.934099229590295
2533,0.5066,10.940193206790086,18.097909884821956,25.499681738883282,36.934099229590295
2534,0.5068,10.943458612828092,18.097909884821956,25.499681738883282,36.934099229590295
2535,0.507,10.944310390032198,18.097909884821956,25.499681738883282,36.934099229590295
2536,0.5072,10.944578057209593,18.097909884821956,25.499681738883282,36.934099229590295
2537,0.5074,10.944697085733125,18.097909884821956,25.499681738883282,36.934099229590295
2538,0.5076,10.94735286116684,18.097909884821956,25.499681738883282,36.934099229590295
2539,0.5078,10.95122216040967,18.097909884821956,25.499681738883282,36.934099229590295
2540,0.508,10.955253274866797,18.097909884821956,25.499681738883282,36.934099229590295
2541,0.5082,10.959481997596777,18.097909884821956,25.499681738883282,36.934099229590295
2542,0.5084,10.963578132448262,18.097909884821956,25.499681738883282,36.934099229590295
2543,0.5086,10.964535398561848,18.097909884821956,25.499681738883282,36.934099229590295
2544,0.5088,10.965499297450913,18.097909884821956,25.499681738883282,36.934099229590295
2545,0.509,10.968921544791764,18.097909884821956,25.499681738883282,36.934099229590295
2546,0.5092,10.972992782700553,18.097909884821956,25.499681738883282,36.934099229590295
2547,0.5094,10.973210522343056,18.097909884821956,25.499681738883282,36.934099229590295
2548,0.5096,10.973210522343056,18.097909884821956,25.499681738883282,36.934099229590295
2549,0.5098,10.973210522343056,18.097909884821956,25.499681738883282,36.934099229590295
2550,0.51,10.973210522343056,18.097909884821956,25.499681738883282,36.934099229590295
2551,0.5102,10.973210522343056,18.097909884821956,25.499681738883282,36.934099229590295
2552,0.5104,10.973210522343056,18.097909884821956,25.499681738883282,36.934099229590295
2553,0.5106,10.973210522343056,18.097909884821956,25.499681738883282,36.934099229590295
2554,0.5108,10.973210522343056,18.097909884821956,25.499681738883282,36.934099229590295
2555,0.511,10.973210522343056,18.097909884821956,25.499681738883282,36.934099229590295
2556,0.5112,10.973210522343056,18.097909884821956,25.499681738883282,36.934099229590295
2557,0.5114,10.973210522343056,18.097909884821956,25.499681738883282,36.934099229590295
2558,0.5116,10.973210522343056,18.097909884821956,25.499681738883282,36.934099229590295
2559,0.5118,10.973210522343056,18.097909884821956,25.499681738883282,36.934099229590295
2560,0.512,10.973210522343056,18.097909884821956,25.499681738883282,36.934099229590295
2561,0.5122,10.973210522343056,18.097909884821956,25.499681738883282,36.934099229590295
2562,0.5124,10.973210522343056,18.097909884821956,25.499681738883282,36.934099229590295
2563,0.5126,10.973210522343056,18.097909884821956,25.499681738883282,36.934099229590295
2564,0.5128,10.973210522343056,18.097909884821956,25.499681738883282,36.934099229590295
2565,0.513,10.973210522343056,18.097909884821956,25.499681738883282,36.934099229590295
2566,0.5132,10.973210522343056,18.097909884821956,25.499681738883282,36.934099229590295
2567,0.5134,10.973210522343056,18.097909884821956,25.499681738883282,36.934099229590295
2568,0.5136,10.973210522343056,18.097909884821956,25.499681738883282,36.934099229590295
2569,0.5138,10.973210522343056,18.097909884821956,25.499681738883282,36.934099229590295
2570,0.514,10.973210522343056,18.097909884821956,25.499681738883282,36.934099229590295
2571,0.5142,10.973210522343056,18.097909884821956,25.499681738883282,36.934099229590295
2572,0.5144,10.973210522343056,18.097909884821956,25.499681738883282,36.934099229590295
2573,0.5146,10.973210522343056,18.097909884821956,25.499681738883282,36.934099229590295
2574,0.5148,10.973210522343056,18.097909884821956,25.499681738883282,36.934099229590295
2575,0.515,10.973210522343056,18.097909884821956,25.499681738883282,36.934099229590295
2576,0.5152,10.973210522343056,18.09796793979961,25.499681738883282,36.934099229590295
2577,0.5154,10.973210522343056,18.100312497167426,25.499681738883282,36.934099229590295
2578,0.5156,10.973210522343056,18.10369462210023,25.499681738883282,36.934099229590295
2579,0.5158,10.973210522343056,18.107324697542023,25.499681738883282,36.934099229590295
2580,0.516,10.973210522343056,18.12392319054424,25.499681738883282,36.934099229590295
2581,0.5162,10.973210522343056,18.14331974461581,25.499681738883282,36.934099229590295
2582,0.5164,10.973210522343056,18.16325001214242,25.499681738883282,36.934099229590295
2583,0.5166,10.973210522343056,18.183188713476532,25.499681738883282,36.934099229590295
2584,0.5168,10.973210522343056,18.203003471493805,25.499681738883282,36.934099229590295
2585,0.517,10.973210522343056,18.222691037686694,25.499681738883282,36.934099229590295
2586,0.5172,10.973210522343056,18.242254419283196,25.499681738883282,36.934099229590295
2587,0.5174,10.9736740885675,18.26169456952918,25.499681738883282,36.934099229590295
2588,0.5176,10.973902895747026,18.281037610198773,25.499681738883282,36.934099229590295
2589,0.5178,10.974005062122483,18.30037893373209,25.499681738883282,36.934099229590295
2590,0.518,10.974063773356804,18.304950364860783,25.499681738883282,36.934099229590295
2591,0.5182,10.974110741647879,18.31838329504258,25.499681738883282,36.934099229590295
2592,0.5184,10.97415603759862,18.32116527730147,25.499681738883282,36.934099229590295
2593,0.5186,10.974202634836823,18.321802587900667,25.499681738883282,36.934099229590295
2594,0.5188,10.974251413492677,18.324331558165042,25.499681738883282,36.934099229590295
2595,0.519,10.974302669584786,18.327852688905978,25.499681738883282,36.934099229590295
2596,0.5192,10.974356540034027,18.329279116912055,25.499681738883282,36.934099229590295
2597,0.5194,10.974413117537454,18.329713264323072,25.499681738883282,36.934099229590295
2598,0.5196,10.974473246230588,18.329808387770463,25.499681738883282,36.934099229590295
2599,0.5198,10.974537076826364,18.329808387770463,25.499681738883282,36.934099229590295
2600,0.52,10.974603842074517,18.329808387770463,25.499681738883282,36.934099229590295
2601,0.5202,10.97467343551331,18.329808387770463,25.499681738883282,36.934099229590295
2602,0.5204,10.97474600884092,18.32981593947725,25.499681738883282,36.934099229590295
2603,0.5206,10.974821712606929,18.329836159458278,25.499681738883282,36.934099229590295
2604,0.5208,10.974900650638002,18.342236190080662,25.499681738883282,36.934099229590295
2605,0.521,10.974982896079126,18.359580264476993,25.499681738883282,36.934099229590295
2606,0.5212,10.97506850698388,18.37845920878679,25.499681738883282,36.934099229590295
2607,0.5214,10.97515753404371,18.38313744639476,25.499681738883282,36.934099229590295
2608,0.5216,10.975250023736798,18.398874824666386,25.499681738883282,36.934099229590295
2609,0.5218,10.97534601952975,18.402588819586256,25.499681738883282,36.934099229590295
2610,0.522,10.97544556234872,18.41813570966838,25.499681738883282,36.934099229590295
2611,0.5222,10.975548690791793,18.421792409112665,25.499681738883282,36.934099229590295
2612,0.5224,10.975655441266166,18.422558110235368,25.499681738883282,36.934099229590295
2613,0.5226,10.975765848084878,18.437442934400266,25.499681738883282,36.934099229590295
2614,0.5228,10.975879943575116,18.44102366419717,25.499681738883282,36.934099229590295
2615,0.523,10.975997784812614,18.4418356098312,25.499681738883282,36.934099229590295
2616,0.5232,10.97611941233814,18.45432577088494,25.499681738883282,36.934099229590295
2617,0.5234,10.976244857843044,18.45681924544152,25.499681738883282,36.934099229590295
2618,0.5236,10.97637412358259,18.45745572396295,25.499681738883282,36.934099229590295
2619,0.5238,10.976507223476572,18.472448709572582,25.499681738883282,36.934099229590295
2620,0.524,10.976644180748474,18.47607995154122,25.499681738883282,36.934099229590295
2621,0.5242,10.976785019651553,18.47928804363572,25.499681738883282,36.934099229590295
2622,0.5244,10.976929762234972,18.493086709092147,25.499681738883282,36.934099229590295
2623,0.5246,10.977078428058906,18.510608598408552,25.499681738883282,36.934099229590295
2624,0.5248,10.977231034625156,18.529686753680128,25.499681738883282,36.934099229590295
2625,0.525,10.97738759776302,18.534683903683057,25.499681738883282,36.934099229590295
2626,0.5252,10.97754813185578,18.53585652594672,25.499681738883282,36.934099229590295
2627,0.5254,10.97771265004844,18.53847357175329,25.499681738883282,36.934099229590295
2628,0.5256,10.977881164187247,18.55209318565901,25.499681738883282,36.934099229590295
2629,0.5258,10.978053684844445,18.557262325629786,25.499681738883282,36.934099229590295
2630,0.526,10.978230221400441,18.573424196612187,25.499681738883282,36.934099229590295
2631,0.5262,10.97841078201942,18.577374811700345,25.499681738883282,36.934099229590295
2632,0.5264,10.978595373582923,18.57838565907507,25.499681738883282,36.934099229590295
2633,0.5266,10.978784001795054,18.593525186939182,25.499681738883282,36.934099229590295
2634,0.5268,10.978976671261222,18.597431015464046,25.499681738883282,36.934099229590295
2635,0.527,10.979173385702646,18.598610847580257,25.499681738883282,36.934099229590295
2636,0.5272,10.979374147994605,18.61162152958175,25.499681738883282,36.934099229590295
2637,0.5274,10.979578960096488,18.614414927377872,25.499681738883282,36.934099229590295
2638,0.5276,10.979787823020011,18.615040205843464,25.499681738883282,36.934099229590295
2639,0.5278,10.980000736827105,18.63015961514084,25.499681738883282,36.934099229590295
2640,0.528,10.9802177006006,18.63391291451553,25.499681738883282,36.934099229590295
2641,0.5282,10.980438712362604,18.634826562122893,25.499681738883282,36.934099229590295
2642,0.5284,10.980663991670664,18.637479262679282,25.499681738883282,36.934099229590295
2643,0.5286,10.980893353985259,18.640939814302566,25.499681738883282,36.934099229590295
2644,0.5288,10.981126510316008,18.644903501620785,25.499681738883282,36.934099229590295
2645,0.529,10.981362976024894,18.64667885643443,25.499681738883282,36.934099229590295
2646,0.5292,10.981602952319452,18.647426229956867,25.499681738883282,36.934099229590295
2647,0.5294,10.98184653656633,18.647824384686693,25.499681738883282,36.934099229590295
2648,0.5296,10.982093321689385,18.650423161627522,25.499681738883282,36.934099229590295
2649,0.5298,10.98234322836455,18.666861820104558,25.499681738883282,36.934099229590295
2650,0.53,10.982596376167473,18.67125266432867,25.499681738883282,36.934099229590295
2651,0.5302,10.982852906490562,18.67258326016521,25.499681738883282,36.934099229590295
2652,0.5304,10.983112909488826,18.673168850449333,25.499681738883282,36.934099229590295
2653,0.5306,10.98337644050711,18.67632741905289,25.499681738883282,36.934099229590295
2654,0.5308,10.983643538434512,18.68990392076348,25.499681738883282,36.934099229590295
2655,0.531,10.9839142069317,18.710479837436502,25.499681738883282,36.934099229590295
2656,0.5312,10.984188429205167,18.733149662563743,25.499681738883282,36.934099229590295
2657,0.5314,10.984466180602388,18.74508061521804,25.499681738883282,36.934099229590295
2658,0.5316,10.984747434532244,18.749756909361267,25.499681738883282,36.934099229590295
2659,0.5318,10.985032164654521,18.754048857989105,25.499681738883282,36.934099229590295
2660,0.532,10.98532036173996,18.756368583901615,25.499681738883282,36.934099229590295
2661,0.5322,10.985612027499815,18.769381227610115,25.499681738883282,36.934099229590295
2662,0.5324,10.985907143675506,18.786403274297108,25.499681738883282,36.934099229590295
2663,0.5326,10.986205684349699,18.802202742421198,25.499681738883282,36.934099229590295
2664,0.5328,10.986507646380211,18.80553834858935,25.499681738883282,36.934099229590295
2665,0.533,10.98681300836808,18.80648083993559,25.499681738883282,36.934099229590295
2666,0.5332,10.987121747896213,18.822150822061044,25.499681738883282,36.934099229590295
2667,0.5334,10.987433843453138,18.826290114150588,25.499681738883282,36.934099229590295
2668,0.5336,10.987749274226912,18.82757783573289,25.499681738883282,36.934099229590295
2669,0.5338,10.988068020044434,18.841181366987573,25.499681738883282,36.934099229590295
2670,0.534,10.98839006134849,18.846631955897458,25.499681738883282,36.934099229590295
2671,0.5342,10.988715627857323,18.86381166917483,25.499681738883282,36.934099229590295
2672,0.5344,10.98904454467772,18.868444381616236,25.499681738883282,36.934099229590295
2673,0.5346,10.989376525032755,18.86984638570167,25.499681738883282,36.934099229590295
2674,0.5348,10.98971107974742,18.870429001579577,25.499681738883282,36.934099229590295
2675,0.535,10.990048189613399,18.886171087188036,25.499681738883282,36.934099229590295
2676,0.5352,10.99038798911425,18.890415747188285,25.499681738883282,36.934099229590295
2677,0.5354,10.990730832773709,18.891705928674288,25.499681738883282,36.934099229590295
2678,0.5356,10.991076358398923,18.905479092674675,25.499681738883282,36.934099229590295
2679,0.5358,10.99142445542424,18.92193418705052,25.499681738883282,36.934099229590295
2680,0.536,10.991775167638718,18.925752642137038,25.499681738883282,36.934099229590295
2681,0.5362,10.992128549576186,18.926977471306117,25.499681738883282,36.934099229590295
2682,0.5364,10.992484621391084,18.940692306493627,25.499681738883282,36.934099229590295
2683,0.5366,10.9928433653217,18.9591971533351,25.499681738883282,36.934099229590295
2684,0.5368,10.99320473997363,18.964149215292107,25.499681738883282,36.934099229590295
2685,0.537,10.99356868668462,18.965670261509977,25.499681738883282,36.934099229590295
2686,0.5372,10.993935127386996,18.979362381023655,25.499681738883282,36.934099229590295
2687,0.5374,10.994303970087936,18.99562737770981,25.499681738883282,36.934099229590295
2688,0.5376,10.99467705668532,18.99940689327925,25.499681738883282,36.934099229590295
2689,0.5378,10.995054119730215,19.000478307816717,25.499681738883282,36.934099229590295
2690,0.538,10.995434710344146,19.000964638621447,25.499681738883282,36.99567115184051
2691,0.5382,10.995936957065657,19.00132855033664,25.499681738883282,37.01114186288314
2692,0.5384,10.99676478858604,19.00167590747833,25.499681738883282,37.01491531767772
2693,0.5386,10.999295372658642,19.002032191245867,25.499681738883282,37.03131651136113
2694,0.5388,11.002077386182169,19.017674460082606,25.499681738883282,37.05083385264609
2695,0.539,11.004987054370842,19.02218531895675,25.499681738883282,37.07226684278562
2696,0.5392,11.007916804649305,19.039184709524886,25.499681738883282,37.09334709261708
2697,0.5394,11.008941760006882,19.044083491336878,25.499681738883282,37.11455293838071
2698,0.5396,11.009750139865245,19.04585122891367,25.499681738883282,37.13618541210217
2699,0.5398,11.012077894593304,19.060116290156547,25.499681738883282,37.158320488190995
2700,0.54,11.014686690720312,19.08138476084277,25.499681738883282,37.181123812939965
2701,0.5402,11.017417523847332,19.104824032673367,25.499681738883282,37.20501950038891
2702,0.5404,11.018304674563657,19.128765039862305,25.499681738883282,37.23020473689694
2703,0.5406,11.020579055468975,19.15265697648803,25.499681738883282,37.256685776791954
2704,0.5408,11.021342741611258,19.171966298015676,25.499681738883282,37.26843781493551
2705,0.541,11.021855479156846,19.1894597975375,25.499681738883282,37.34613390676707
2706,0.5412,11.02224444463159,19.193503053400317,25.499681738883282,37.43995281180178
2707,0.5414,11.024428679518797,19.194757295839953,25.499681738883282,37.533623308042976
2708,0.5416,11.026931047855943,19.19545842055431,25.499681738883282,37.62205166428627
2709,0.5418,11.027776842457031,19.196058610547386,25.499681738883282,37.64458057606576
2710,0.542,11.04299995521309,19.196571349854633,25.499681738883282,37.7128278195996
2711,0.5422,11.061722276947794,19.19711018246122,25.499681738883282,37.73031492501752
2712,0.5424,11.066630088701846,19.19767898031045,25.499681738883282,37.7348843116459
2713,0.5426,11.069199748243518,19.198295484977912,25.55290791022913,37.73649404570683
2714,0.5428,11.070533616840574,19.198960316793187,25.565651220063305,37.7964238553015
2715,0.543,11.086692527630854,19.199564213139634,25.568382991123702,37.81116963478385
2716,0.5432,11.091768712513018,19.200116092374333,25.64495023841661,37.829745033696604
2717,0.5434,11.109046829959876,19.200670594916485,25.66364234730937,37.84940197101093
2718,0.5436,11.114035426223577,19.201255161032105,25.66867330053779,37.86987858293484
2719,0.5438,11.116900177809931,19.201849824654737,25.672977798701933,37.89098706895619
2720,0.544,11.120901101559065,19.202445296349342,25.6785835616775,37.897921649946426
2721,0.5442,11.125203236607144,19.203038881445295,25.683586427562734,37.901936989781014
2722,0.5444,11.127139271033819,19.20363018001199,25.782367091811125,37.9077850937777
2723,0.5446,11.128297437000109,19.204219444932477,25.89766101716178,37.97870047762172
2724,0.5448,11.129217023226946,19.204807087813982,26.000453166814754,37.999152900637725
2725,0.545,11.130167539802114,19.205393549265924,26.08902144054772,38.00597500032974
2726,0.5452,11.132551323346773,19.20597936423435,26.154469995517324,38.00936209544159
2727,0.5454,11.133730536611875,19.206565220414586,26.16541500790116,38.07805846421448
2728,0.5456,11.134625886842668,19.207151669559583,26.22374900287189,38.16106332077671
2729,0.5458,11.135457649494514,19.207739177926022,26.284683424025438,38.24523584790692
2730,0.546,11.136279073501736,19.20832837686661,26.336830369526233,38.266624878346654
2731,0.5462,11.137103299263734,19.20891994155937,26.347216374712296,38.289428338117936
2732,0.5464,11.13793375657005,19.209514955970043,26.347625113015596,38.29884988634135
2733,0.5466,11.13877150946007,19.210194134523405,26.347625113015596,38.36388582962225
2734,0.5468,11.139616532008992,19.21101291301251,26.41987770874838,38.44047712568084
2735,0.547,11.140469180977847,19.22502321415648,26.50405964122551,38.459189529277545
2736,0.5472,11.141428080433997,19.242267388729296,26.587182193386827,38.463567648930585
2737,0.5474,11.142450867620028,19.260224119791673,26.648883363347547,38.52498305822804
2738,0.5476,11.143507457185782,19.27819565955361,26.657035702234126,38.54416264144041
2739,0.5478,11.144585578687131,19.296870439837296,26.657035702234126,38.55011934545644
2740,0.548,11.14558206644656,19.303049649574564,26.667865305000795,38.55232995421602
2741,0.5482,11.14801372349301,19.30582818756895,26.667865305000795,38.562174428928486
2742,0.5484,11.165267988165697,19.30765868236313,26.679289649090002,38.63741883600922
2743,0.5486,11.185834820271179,19.32258059682691,26.693615230847293,38.72424996671465
2744,0.5488,11.191591351802185,19.342216765451283,26.7053330266445,38.80931186602957
2745,0.549,11.19501200632311,19.347695457047898,26.7053330266445,38.894850567396794
2746,0.5492,11.197901552693818,19.365020756133273,26.7053330266445,38.97597871367664
2747,0.5494,11.20067824680365,19.369941308713393,26.7053330266445,39.05768598813191
2748,0.5496,11.201851828871341,19.37363434738791,26.713317970307777,39.07426932029086
2749,0.5498,11.202610142231093,19.37543344393288,26.713317970307777,39.076731179125815
2750,0.55,11.203473987200914,19.376381494103455,26.713317970307777,39.09050627769309
2751,0.5502,11.205763912699533,19.37714594944936,26.713317970307777,39.107161237361574
2752,0.5504,11.206835928950419,19.393261949083435,26.72524840440146,39.110098161520554
2753,0.5506,11.208837441497336,19.411222952834677,26.72638297689856,39.17328411397076
2754,0.5508,11.211001144104477,19.415793878537237,26.739303668185794,39.248203820481066
2755,0.551,11.211945470546535,19.417304995893737,26.75486081927922,39.263067494074484
2756,0.5512,11.212735830450534,19.433583536726356,26.770947800794666,39.26502464941974
2757,0.5514,11.21495804687428,19.438180461548935,26.77178872994266,39.33176478441855
2758,0.5516,11.216018410581079,19.439739439963535,26.77178872994266,39.3500608380499
2759,0.5518,11.216973169083959,19.44058385020531,26.784626710029393,39.42459684657969
2760,0.552,11.21925349496691,19.443248146420498,26.78733057446681,39.44212251579099
2761,0.5522,11.220348018305218,19.46022140442585,26.78873166228374,39.452526510196925
2762,0.5524,11.22242087010817,19.46502350833051,26.847000991150644,39.45821036324573
2763,0.5526,11.224703118749417,19.466594639000917,26.917693059157095,39.46130981649887
2764,0.5528,11.225940605629726,19.469388083371033,26.93373278419583,39.463368514413446
2765,0.553,11.226791579865763,19.47292403527483,26.95438048330488,39.46733071187447
2766,0.5532,11.227709727869136,19.4746865510399,26.977724327067232,39.55224332553146
2767,0.5534,11.229860833184873,19.475595131464534,27.00327176874413,39.658603960320406
2768,0.5536,11.230919467742652,19.476209693940262,27.030916271814363,39.68832884609074
2769,0.5538,11.231691430505276,19.47673322109039,27.060558557219778,39.78068940811418
2770,0.554,11.232386233764307,19.477230345695453,27.091979986130063,39.80909317185504
2771,0.5542,11.23453052495975,19.477720673756906,27.121375881029163,39.883313623692395
2772,0.5544,11.237068663576617,19.478210033189033,27.15035030861166,39.90509055437846
2773,0.5546,11.239716178911586,19.478700160531897,27.179391269240927,39.91329421508899
2774,0.5548,11.240960922763918,19.47919160472268,27.208766049112015,40.00944009443901
2775,0.555,11.241851709697455,19.479684593711774,27.238730637324505,40.03874429590123
2776,0.5552,11.2436612056054,19.48017928504116,27.269682957574577,40.135137266862635
2777,0.5554,11.259858161961517,19.480740323706836,27.301369198674873,40.24144599919893
2778,0.5556,11.27832593339434,19.481374230609834,27.328334080665126,40.267832759750064
2779,0.5558,11.283038373385578,19.495566523986888,27.353420209889567,40.27535288354493
2780,0.556,11.284502444802207,19.51274976478105,27.362121317361265,40.35538147990499
2781,0.5562,11.285225786032706,19.517221850861567,27.382190217511372,40.44184657132167
2782,0.5564,11.285788353395246,19.518995401136067,27.38921566775865,40.52120703909304
2783,0.5566,11.28632073392754,19.520117288898,27.408556127527252,40.5931365058945
2784,0.5568,11.286850977584361,19.521066334551936,27.415357623690845,40.662043652673525
2785,0.557,11.287378936541199,19.52196426964414,27.4189223832909,40.725846288002884
2786,0.5572,11.287901606400828,19.52287286466461,27.42143476387708,40.79456252171093
2787,0.5574,11.288435512182218,19.52381414360915,27.423598867436258,40.86134150614674
2788,0.5576,11.302726356729623,19.524794561804335,27.441128602281385,40.92780695976911
2789,0.5578,11.32097361828685,19.53941311400203,27.462706892319147,40.991890449477864
2790,0.558,11.326084310675817,19.557060864412527,27.469853449472225,41.0010225860086
2791,0.5582,11.328186001831705,19.57538649780297,27.488781339305632,41.056224507188915
2792,0.5584,11.330743500897833,19.59377120637238,27.494936160149784,41.063197017370285
2793,0.5586,11.333770555952645,19.612052876083336,27.499871291069642,41.12130791658433
2794,0.5588,11.351065194061277,19.630197189377522,27.52092564132189,41.13117186408992
2795,0.559,11.371740293573096,19.63494732399384,27.53139346204136,41.19550710811324
2796,0.5592,11.393202441589095,19.650104139964146,27.55490347115267,41.20820927486423
2797,0.5594,11.399271623974737,19.654103471860758,27.566522769863546,41.20833059221905
2798,0.5596,11.40200206250492,19.657597508157284,27.57173869230765,41.20833059221905
2799,0.5598,11.404095080152509,19.659468675861323,27.57505637822303,41.26345744653066
2800,0.56,11.421361488571959,19.673968086936096,27.59301003093162,41.331206288566996
2801,0.5602,11.442419266943835,19.679697209570037,27.61631883128615,41.40040309741607
2802,0.5604,11.44963076802077,19.697379386608777,27.642140568863358,41.46785201016377
2803,0.5606,11.453525637638954,19.702477435675597,27.66974581151001,41.53300073570046
2804,0.5608,11.456690689443489,19.70634647281487,27.698850892910194,41.54515545301588
2805,0.561,11.474519801734656,19.723705019971483,27.729139213871463,41.598352669581935
2806,0.5612,11.480045005108463,19.74401799268769,27.74457252707293,41.60771441670346
2807,0.5614,11.482796996290633,19.749598307590198,27.820634797966587,41.65991716845271
2808,0.5616,11.499722229080762,19.753417984651897,27.90904490556754,41.66780371971073
2809,0.5618,11.519984485095655,19.75535045409382,27.99766963098765,41.66780371971073
2810,0.562,11.525828530169942,19.771893148228553,28.083886699391773,41.66780371971073
2811,0.5622,11.528020204151343,19.77666798319576,28.1672804760344,41.72376518220428
2812,0.5624,11.529824288990387,19.778439926068412,28.246660751115684,41.7894595634951
2813,0.5626,11.531708947278325,19.781397709888502,28.26770225630893,41.85619506741155
2814,0.5628,11.53371129198537,19.783211064818964,28.333103451415845,41.871092401175034
2815,0.563,11.550016597868956,19.78448218805434,28.34923458925785,41.92260894788693
2816,0.5632,11.570676555471234,19.78560314227035,28.35307694058476,41.930539347551225
2817,0.5634,11.592474109539648,19.786721499315835,28.408880697513773,41.98533087856214
2818,0.5636,11.613834140263805,19.78774575571766,28.47622867838216,42.05259732243183
2819,0.5638,11.634857900276542,19.78872386151065,28.545538342851756,42.07363322496489
2820,0.564,11.640677440322815,19.789687523030537,28.562394302373825,42.07938892479184
2821,0.5642,11.643721157785988,19.790647138134744,28.621290672817512,42.14670910496538
2822,0.5644,11.645322781002086,19.791604754950377,28.633506807043954,42.160717101990535
2823,0.5646,11.646386569291941,19.792586839662956,28.68700450770477,42.16944052481468
2824,0.5648,11.662281754922757,19.79360433120074,28.70186875651226,42.24096693557913
2825,0.565,11.667394265090925,19.794683778777088,28.705250862266244,42.314035708942356
2826,0.5652,11.68494029562967,19.8095699982672,28.710769010826084,42.38381994828271
2827,0.5654,11.69006444837393,19.829495818721337,28.71296749197227,42.39568737521085
2828,0.5656,11.692540754778554,19.83530780867628,28.766444529307293,42.39702423815251
2829,0.5658,11.694972504930735,19.83775189653015,28.780489813487936,42.40048052967228
2830,0.566,11.712126019879005,19.849232484236975,28.78430563103998,42.46412363388641
2831,0.5662,11.732865147353865,19.86331262169344,28.842221825898903,42.48475591486264
2832,0.5664,11.73882113644162,19.878222619335663,28.854977948852284,42.56373258489273
2833,0.5666,11.741548195290152,19.893306575221402,28.85726476764687,42.585969844095736
2834,0.5668,11.74302495608659,19.89881571730237,28.914782948888895,42.66900844240255
2835,0.567,11.744070266890464,19.904337931965074,28.928280601333782,42.68880981631948
2836,0.5672,11.74497152090024,19.90761175809135,28.931171923406573,42.694132376331076
2837,0.5674,11.745823066454465,19.909956084301353,28.98821761288717,42.77287243717564
2838,0.5676,11.746654413160476,19.911965104412463,29.058092352658882,42.86491754341654
2839,0.5678,11.74747448634992,19.913837620821962,29.074176516431475,42.95605048590029
2840,0.568,11.748285944558306,19.91564643072446,29.077464937903123,42.97566501777386
2841,0.5682,11.74908960007436,19.91741512090181,29.133191996735327,43.04540626309711
2842,0.5684,11.749885731889787,19.919138945975924,29.145535909211702,43.05926987709866
2843,0.5686,11.750674467730612,19.920816494794447,29.149604791256532,43.06123043469118
2844,0.5688,11.751455900144528,19.922449188844606,29.2091980292214,43.12755462042991
2845,0.569,11.752230109572887,19.930920256328182,29.22288688284526,43.20389810943326
2846,0.5692,11.752997170626031,19.94294255420289,29.281666704945263,43.21828900541266
2847,0.5694,11.75375714731736,19.949310291277342,29.295075246967528,43.27894156394546
2848,0.5696,11.75451010180224,19.961302228486336,29.29934503011994,43.28025320218902
2849,0.5698,11.755256097129415,19.965284039733785,29.35622714492568,43.28025320218902
2850,0.57,11.756089942798777,19.96720914018271,29.420952704684417,43.28025320218902
2851,0.5702,11.756961518799965,19.96861789879052,29.487805082814,43.28025320218902
2852,0.5704,11.758923348307448,19.969967792217556,29.55684449966643,43.28025320218902
2853,0.5706,11.759988964806755,19.97134389544813,29.571952091895373,43.28025320218902
2854,0.5708,11.761708423495879,19.97514085890467,29.57467637726717,43.33422952322185
2855,0.571,11.763796751164676,19.98642603268853,29.574711900266564,43.34539821675009
2856,0.5712,11.765860960520673,19.990460186091507,29.641776957892777,43.36138078537953
2857,0.5714,11.768024618887962,19.992496087765883,29.657640381246985,43.37864992682907
2858,0.5716,11.769250669769773,19.99397078932944,29.735447482485792,43.39653508515064
2859,0.5718,11.77021884156774,19.99722067474574,29.8267604398124,43.414985778095186
2860,0.572,11.771115493900489,20.001299692569628,29.91718822674063,43.43350729267778
2861,0.5722,11.771903847251156,20.005625077587684,30.009594017815502,43.45189436711125
2862,0.5724,11.773755062728322,20.008031474571247,30.033202497350892,43.470869439277664
2863,0.5726,11.774760069815603,20.00946858526953,30.10264149061959,43.49068137575885
2864,0.5728,11.776649632151424,20.010525927429082,30.121747081863653,43.51097056223922
2865,0.573,11.777658673228629,20.011447432196462,30.131329328450082,43.53188433102071
2866,0.5732,11.778419753165014,20.01232124477044,30.14178313470672,43.552720821563604
2867,0.5734,11.77910143053163,20.013176634888588,30.242250804794356,43.57338652343171
2868,0.5736,11.779751590930033,20.014022296578677,30.35940030670376,43.59396305250939
2869,0.5738,11.780386943454399,20.01485934139373,30.473142801453278,43.614437165494365
2870,0.574,11.781013707454038,20.01568614351505,30.572736065232945,43.619826877586654
2871,0.5742,11.78163445428112,20.0164995585357,30.66720406144861,43.636600065736594
2872,0.5744,11.782250363370766,20.017299761391484,30.75709988921899,43.64142733592663
2873,0.5746,11.782864897998602,20.01809070004009,30.777125645119632,43.706318870461836
2874,0.5748,11.783477339485842,20.01887630391844,30.851834480858983,43.7230711220355
2875,0.575,11.784084518375373,20.019659383471804,30.937799969571977,43.74337199151699
2876,0.5752,11.784686839266012,20.020442073938696,31.022782966694248,43.7650888046359
2877,0.5754,11.785282896330937,20.02122600551753,31.105309165445554,43.7860275546647
2878,0.5756,11.785874143735986,20.02201238086727,31.120667184892103,43.79150508244333
2879,0.5758,11.7864614025643,20.02280205219562,31.178577905974677,43.808083686534765
2880,0.576,11.787044986031646,20.023595575738206,31.190332020916156,43.82738250112756
2881,0.5762,11.788465840482715,20.02439331905431,31.191907669756237,43.84737579159587
2882,0.5764,11.79004848782986,20.02519555402376,31.24873195003591,43.85249611169519
2883,0.5766,11.79081214095824,20.026002486104407,31.317995214953008,43.853970992250886
2884,0.5768,11.79139882626583,20.026814254541996,31.332237405837336,43.85469780195931
2885,0.577,11.791947253925333,20.027630945854003,31.401880704961762,43.87051494103098
2886,0.5772,11.792487510031746,20.02845260499446,31.477651576242724,43.87494893237684
2887,0.5774,11.793023324588221,20.029279243832587,31.49029308722638,43.89171495318313
2888,0.5776,11.793554690319912,20.030110848857934,31.490993994191815,43.91216531527801
2889,0.5778,11.794081290667009,20.03094738564132,31.55686151242282,43.934066265476964
2890,0.578,11.794602927875276,20.03179078035055,31.571647115175203,43.95609585989371
2891,0.5782,11.795941005502451,20.032641655460257,31.574508218388452,43.97958331295501
2892,0.5784,11.797583286784285,20.03350008695092,31.575004405597678,44.00372896161265
2893,0.5786,11.798377434360717,20.034363938309816,31.57880874911739,44.027786570251166
2894,0.5788,11.798957014774292,20.03523250188077,31.66045828751281,44.05270755858629
2895,0.579,11.799473702549674,20.036105719762812,31.683244650750712,44.06131142072195
2896,0.5792,11.799966260798715,20.03698359960399,31.692516125452418,44.08161632557943
2897,0.5794,11.800446118861307,20.03786606511624,31.759924780109376,44.08870475277326
2898,0.5796,11.80091741980078,20.03875302647369,31.838823420459967,44.092170991328665
2899,0.5798,11.801382007252741,20.039644385881314,31.915866350663524,44.16395164654596
2900,0.58,11.801840830938813,20.040540039215756,31.950744236717906,44.18570895742212
2901,0.5802,11.802294425169512,20.041439878778743,31.961078554243297,44.26038006236733
2902,0.5804,11.802743107825453,20.042343794991442,31.96108542093886,44.28214210232004
2903,0.5806,11.803187076947253,20.04325167636768,31.96108542093886,44.3541648457212
2904,0.5808,11.803626462279562,20.044163406105593,31.974585490188616,44.43679612438838
2905,0.581,11.804061354165576,20.045078860831218,31.977164941335367,44.457836100815456
2906,0.5812,11.804491819482905,20.045997902373806,32.010916165204726,44.46349626300861
2907,0.5814,11.80491820644489,20.04692034760606,32.01834484998854,44.521932548680994
2908,0.5816,11.80548374010228,20.04784598406557,32.01974478283149,44.5567126425115
2909,0.5818,11.80614275255278,20.048774590893345,32.05103796823546,44.56858593560166
2910,0.582,11.806857149679345,20.049705857049116,32.05867246316572,44.57072869896154
2911,0.5822,11.807597650542613,20.050639412369758,32.060472514454304,44.57072869896154
2912,0.5824,11.808370065429367,20.051574271258954,32.07583123095077,44.57072869896154
2913,0.5826,11.809913602573245,20.05250962209561,32.09455842606813,44.57072869896154
2914,0.5828,11.811713837401802,20.053440163092827,32.11411552581002,44.57072869896154
2915,0.583,11.81353057976565,20.054365741527274,32.13080574215775,44.57072869896154
2916,0.5832,11.815340653606043,20.055297617657644,32.14214724495531,44.62234143585764
2917,0.5834,11.81700307905657,20.05627869911074,32.15122712829085,44.65462521204175
2918,0.5836,11.818565556618223,20.070677801954645,32.153383266993444,44.66640625638767
2919,0.5838,11.82005899843605,20.074813036462462,32.16635401692113,44.66922729120568
2920,0.584,11.821593255189276,20.092135707898446,32.179119768821344,44.67776556081579
2921,0.5842,11.823127397479322,20.097614940300517,32.181995638440576,44.67990800958307
2922,0.5844,11.824640309530976,20.113572735070363,32.18266150459437,44.68057983140568
2923,0.5846,11.826128493738963,20.13351151615091,32.20061065479173,44.68098100730477
2924,0.5848,11.827594066168292,20.139470065182763,32.205195360674956,44.70687334325556
2925,0.585,11.829040207509669,20.157281758421743,32.21930185603759,44.71341535641931
2926,0.5852,11.830472441995969,20.162723912726005,32.23087589305099,44.71503550476589
2927,0.5854,11.831873392838526,20.180233342725906,32.2385494290201,44.71542084204347
2928,0.5856,11.833251957256675,20.185578107412024,32.24497482884694,44.73780001750711
2929,0.5858,11.83461757941519,20.20306526364971,32.25147584661855,44.74313699420496
2930,0.586,11.835983052785874,20.22347932877814,32.258169475217656,44.75588242209952
2931,0.5862,11.837353427382434,20.229401739090058,32.26462392771152,44.76559789381123
2932,0.5864,11.838729585285877,20.231637009214513,32.270819631253865,44.767991482091496
2933,0.5866,11.840033979451016,20.23497574073583,32.27669055714407,44.77517151999487
2934,0.5868,11.841386031113545,20.252294522755047,32.27815336119883,44.782312228549685
2935,0.587,11.842057537833892,20.25752961351515,32.28559767563425,44.787990222299456
2936,0.5872,11.843474510706535,20.259588956601586,32.28744254432386,44.79284214627463
2937,0.5874,11.844094254011766,20.276070783890553,32.29536214774805,44.79746174275639
2938,0.5876,11.84450850828363,20.2809392279219,32.30221510921642,44.80195723941764
2939,0.5878,11.844869944818145,20.282834081870813,32.30389278830617,44.803050161032154
2940,0.588,11.84529361644544,20.299261210050737,32.30900331234157,44.808632361945065
2941,0.5882,11.845747093177657,20.30379409875311,32.31393918851731,44.81000370754891
2942,0.5884,11.846210829803873,20.305310502584714,32.31771546221338,44.81037515083818
2943,0.5886,11.84667839588118,20.321252753512713,32.3186591442357,44.8182228409763
2944,0.5888,11.847918089613115,20.340677492656617,32.322499861004786,44.824103193330664
2945,0.589,11.849315035933241,20.3456993519255,32.326116594834296,44.82694790514572
2946,0.5892,11.85073945527091,20.3470904224119,32.32700171386984,44.828710467329635
2947,0.5894,11.851462771985396,20.34758695535453,32.32991371817032,44.82913326625569
2948,0.5896,11.852914526131299,20.36115219329127,32.33062487521029,44.82923713630422
2949,0.5898,11.853569486255672,20.366318313731693,32.330791564810426,44.832885310460895
2950,0.59,11.854013022674147,20.383325420180768,32.33426289753346,44.83565918695048
2951,0.5902,11.854472123124829,20.387878550319233,32.335116538011114,44.836934329755636
2952,0.5904,11.855712722237836,20.404527828130476,32.33531545585979,44.83747822187509
2953,0.5906,11.857135811540475,20.42388054427787,32.33719771388541,44.8378855547587
2954,0.5908,11.858592020725833,20.4307591864846,32.337658098674204,44.83816262125658
2955,0.591,11.860044728950477,20.433008246568825,32.33776449450064,44.83848686082565
2956,0.5912,11.86064204217267,20.449101618790795,32.337852212184664,44.83848686082565
2957,0.5914,11.86181743457269,20.455252244965813,32.341852847838126,44.83848686082565
2958,0.5916,11.863096935221645,20.47256741828204,32.34285166975955,44.83848686082565
2959,0.5918,11.86452507446111,20.47711162518747,32.34310128998631,44.83848686082565
2960,0.592,11.865956171249888,20.47842145521605,32.34316368929092,44.83848686082565
2961,0.5922,11.867377186964102,20.47899990310589,32.34317928865182,44.83848686082565
2962,0.5924,11.867951806713727,20.494682935620766,32.34318318843655,44.83848686082565
2963,0.5926,11.868326772009533,20.500858549472742,32.34318416337266,44.83848686082565
2964,0.5928,11.869497031787594,20.50504029879571,32.34318440710441,44.83848686082565
2965,0.593,11.870833518310965,20.50894741167343,32.34318446803679,44.83848686082565
2966,0.5932,11.871439247902236,20.512912014553418,32.343184483269745,44.83848686082565
2967,0.5934,11.872730282422197,20.51690337488532,32.34318448707795,44.83848686082565
2968,0.5936,11.874250635502,20.52097506799078,32.34318448802999,44.83848686082565
2969,0.5938,11.874997123746637,20.52514856136654,32.343184488268,44.83848686082565
2970,0.594,11.87635092426576,20.52964640020881,32.3431844883275,44.83848686082565
2971,0.5942,11.87691389536049,20.534404316353076,32.34318448834238,44.83848686082565
2972,0.5944,11.877283423513823,20.539353523995832,32.3431844883461,44.83848686082565
2973,0.5946,11.877602778776767,20.542341172591694,32.34318448834703,44.83848686082565
2974,0.5948,11.877984078313245,20.544326200717297,32.34318448834726,44.83848686082565
2975,0.595,11.878462632269825,20.54622728586691,32.34318448834732,44.83848686082565
2976,0.5952,11.879836249295968,20.548233401841212,32.34318448834733,44.83848686082565
2977,0.5954,11.880435281823354,20.550359624252042,32.34318448834734,44.83848686082565
2978,0.5956,11.880826900069888,20.55257180187067,32.34318448834734,44.83848686082565
2979,0.5958,11.88115937211007,20.55486446297271,32.34318448834734,44.83848686082565
2980,0.596,11.88147130955381,20.570554542672127,32.34318448834734,44.83848686082565
2981,0.5962,11.881772912253293,20.590975476190188,32.34318448834734,44.83848686082565
2982,0.5964,11.8820670621976,20.612729264643686,32.34318448834734,44.83848686082565
2983,0.5966,11.88235878536498,20.619482883722913,32.34318448834734,44.83848686082565
2984,0.5968,11.8826485697168,20.625210384236944,32.34318448834734,44.83848686082565
2985,0.597,11.882936060643832,20.630827190555443,32.34318448834734,44.83848686082565
2986,0.5972,11.883221655170244,20.634279321624973,32.34318448834734,44.83848686082565
2987,0.5974,11.883515618679734,20.63726494861849,32.34318448834734,44.83848686082565
2988,0.5976,11.88381339641095,20.655715248945608,32.34318448834734,44.83848686082565
2989,0.5978,11.884113925377699,20.677545504357866,32.34318448834734,44.83848686082565
2990,0.598,11.884417945789636,20.700321952515832,32.34318448834734,44.83848686082565
2991,0.5982,11.884724603946578,20.72292274775416,32.34318448834734,44.83848686082565
2992,0.5984,11.88503363447523,20.745636717751204,32.34318448834734,44.83848686082565
2993,0.5986,11.886273832534657,20.752804688398857,32.34318448834734,44.83848686082565
2994,0.5988,11.886886300789875,20.769219763411535,32.34318448834734,44.83848686082565
2995,0.599,11.888296481931842,20.776582982637148,32.34318448834734,44.83848686082565
2996,0.5992,11.888896428921246,20.795795963678167,32.34318448834734,44.83848686082565
2997,0.5994,11.8892863130674,20.80433782793937,32.34318448834734,44.83848686082565
2998,0.5996,11.889620129519262,20.823603771755746,32.34318448834734,44.83848686082565
2999,0.5998,11.88993681358597,20.84516934269699,32.34318448834734,44.83848686082565
3000,0.6,11.890246203079956,20.85404948806715,32.34318448834734,44.83848686082565
3001,0.6002,11.890550874580297,20.864027430024034,32.34318448834734,44.83848686082565
3002,0.6004,11.890851791345238,20.876325902340064,32.34318448834734,44.83848686082565
3003,0.6006,11.89116038999038,20.886706010898887,32.34318448834734,44.83848686082565
3004,0.6008,11.905288109153375,20.8899410507763,32.34318448834734,44.83848686082565
3005,0.601,11.922481640797203,20.89175864598057,32.34318448834734,44.83848686082565
3006,0.6012,11.94023422648958,20.902419156603347,32.34318448834734,44.83848686082565
3007,0.6014,11.958032536697878,20.90611561294832,32.34318448834734,44.83848686082565
3008,0.6016,11.975692428439487,20.914273494908677,32.34318448834734,44.83848686082565
3009,0.6018,11.979655084392554,20.926307176560766,32.34318448834734,44.83848686082565
3010,0.602,11.980513764811814,20.930698654917975,32.34318448834734,44.83848686082565
3011,0.6022,11.994185167056424,20.942375856862792,32.34318448834734,44.83848686082565
3012,0.6024,12.010643235772086,20.946508162867538,32.34318448834734,44.83848686082565
3013,0.6026,12.027432773968872,20.951758889570577,32.34318448834734,44.83848686082565
3014,0.6028,12.045217118766526,20.961171675432755,32.34318448834734,44.83848686082565
3015,0.603,12.049211765401129,20.97367291740015,32.34318448834734,44.83848686082565
3016,0.6032,12.064617274556738,20.977949405411408,32.34318448834734,44.83848686082565
3017,0.6034,12.068149055959243,20.980098816099062,32.34318448834734,44.83848686082565
3018,0.6036,12.069878881174173,20.988243831879654,32.34318448834734,44.83848686082565
3019,0.6038,12.084575794969762,21.00026220812874,32.34318448834734,44.83848686082565
3020,0.604,12.10203150687099,21.010700325534685,32.34318448834734,44.83848686082565
3021,0.6042,12.119938895532268,21.01357070702324,32.34318448834734,44.83848686082565
3022,0.6044,12.137775042517525,21.015073529716226,32.34318448834734,44.83848686082565
3023,0.6046,12.142579562840767,21.02572108481704,32.34318448834734,44.83848686082565
3024,0.6048,12.157442802482842,21.028949328446213,32.34318448834734,44.83848686082565
3025,0.605,12.173179339597684,21.030133269352635,32.34318448834734,44.83848686082565
3026,0.6052,12.188854534432865,21.03080980969796,32.34318448834734,44.83848686082565
3027,0.6054,12.20436384852832,21.031383545584717,32.34318448834734,44.83848686082565
3028,0.6056,12.207160029034483,21.03199599775586,32.34318448834734,44.83848686082565
3029,0.6058,12.207655709328373,21.03268415755614,32.34318448834734,44.83848686082565
3030,0.606,12.207655709328373,21.033410449680968,32.34318448834734,44.83848686082565
3031,0.6062,12.219593907109292,21.047541620159343,32.34318448834734,44.83848686082565
3032,0.6064,12.235114675217995,21.051887079665974,32.34318448834734,44.83848686082565
3033,0.6066,12.251497614450143,21.05400450883111,32.34318448834734,44.83848686082565
3034,0.6068,12.267976787334847,21.055559030764996,32.34318448834734,44.83848686082565
3035,0.607,12.28434723103887,21.05694580459034,32.34318448834734,44.83848686082565
3036,0.6072,12.300560199978786,21.058264281947917,32.34318448834734,44.83848686082565
3037,0.6074,12.316542906820986,21.0595417059534,32.34318448834734,44.83848686082565
3038,0.6076,12.332755195800887,21.06078716783223,32.34318448834734,44.83848686082565
3039,0.6078,12.33521759729716,21.062004985315422,32.34318448834734,44.83848686082565
3040,0.608,12.33521759729716,21.063198030459603,32.34318448834734,44.83848686082565
3041,0.6082,12.347576160305985,21.064368497041475,32.34318448834734,44.83848686082565
3042,0.6084,12.3527457354425,21.065518113734402,32.34318448834734,44.83848686082565
3043,0.6086,12.3527457354425,21.066648311138156,32.34318448834734,44.83848686082565
3044,0.6088,12.3527457354425,21.067760388962448,32.34318448834734,44.83848686082565
3045,0.609,12.3527457354425,21.068855630814795,32.34318448834734,44.83848686082565
3046,0.6092,12.3527457354425,21.069935390344472,32.34318448834734,44.83848686082565
3047,0.6094,12.3527457354425,21.071000926407585,32.34318448834734,44.83848686082565
3048,0.6096,12.3527457354425,21.072053324937322,32.34318448834734,44.83848686082565
3049,0.6098,12.3527457354425,21.07309258759193,32.34318448834734,44.83848686082565
3050,0.61,12.3527457354425,21.074118158134063,32.34318448834734,44.83848686082565
3051,0.6102,12.3527457354425,21.075127282442864,32.34318448834734,44.83848686082565
3052,0.6104,12.3527457354425,21.07611831614368,32.34318448834734,44.83848686082565
3053,0.6106,12.3527457354425,21.079237102850893,32.34318448834734,44.83848686082565
3054,0.6108,12.3527457354425,21.08326704898345,32.34318448834734,44.83848686082565
3055,0.611,12.3527457354425,21.08758450396332,32.34318448834734,44.83848686082565
3056,0.6112,12.3527457354425,21.0919039655921,32.34318448834734,44.83848686082565
3057,0.6114,12.3527457354425,21.094367813492486,32.34318448834734,44.83848686082565
3058,0.6116,12.3527457354425,21.09605357728975,32.34318448834734,44.83848686082565
3059,0.6118,12.3527457354425,21.112860747931133,32.34318448834734,44.83848686082565
3060,0.612,12.3527457354425,21.133483182504268,32.34318448834734,44.83848686082565
3061,0.6122,12.3527457354425,21.139555291160896,32.34318448834734,44.83848686082565
3062,0.6124,12.364373824711851,21.141922061294668,32.34318448834734,44.83848686082565
3063,0.6126,12.378497483125354,21.14547908394798,32.34318448834734,44.83848686082565
3064,0.6128,12.393481695479366,21.14728707332992,32.34318448834734,44.83848686082565
3065,0.613,12.408874269885835,21.148359449040193,32.34318448834734,44.83848686082565
3066,0.6132,12.424126122784847,21.162616468078568,32.34318448834734,44.83848686082565
3067,0.6134,12.439446110298203,21.179883252851152,32.34318448834734,44.83848686082565
3068,0.6136,12.441906073842327,21.19770926752975,32.34318448834734,44.83848686082565
3069,0.6138,12.441906073842327,21.215569317570935,32.34318448834734,44.83848686082565
3070,0.614,12.441906073842327,21.220085409683048,32.34318448834734,44.83848686082565
3071,0.6142,12.441906073842327,21.22164496561943,32.34318448834734,44.83848686082565
3072,0.6144,12.441906073842327,21.22257532046865,32.34318448834734,44.83848686082565
3073,0.6146,12.441906073842327,21.223573837986073,32.34318448834734,44.83848686082565
3074,0.6148,12.441906073842327,21.226566017345707,32.34318448834734,44.83848686082565
3075,0.615,12.441906073842327,21.243601797866756,32.34318448834734,44.83848686082565
3076,0.6152,12.441906073842327,21.263667106384403,32.34318448834734,44.83848686082565
3077,0.6154,12.441906073842327,21.271114737886588,32.34318448834734,44.83848686082565
3078,0.6156,12.441906073842327,21.289144950592657,32.34318448834734,44.83848686082565
3079,0.6158,12.441906073842327,21.296216915066253,32.34318448834734,44.83848686082565
3080,0.616,12.441906073842327,21.3009935636669,32.34318448834734,44.83848686082565
3081,0.6162,12.441906073842327,21.303123073022718,32.34318448834734,44.83848686082565
3082,0.6164,12.441906073842327,21.31946081246336,32.34318448834734,44.83848686082565
3083,0.6166,12.441906073842327,21.33932229171739,32.34318448834734,44.83848686082565
3084,0.6168,12.441906073842327,21.34465450253701,32.34318448834734,44.83848686082565
3085,0.617,12.441906073842327,21.346288810774453,32.34318448834734,44.83848686082565
3086,0.6172,12.441906073842327,21.349092018674877,32.34318448834734,44.83848686082565
3087,0.6174,12.441906073842327,21.36585251989369,32.34318448834734,44.83848686082565
3088,0.6176,12.441906073842327,21.370650066384485,32.34318448834734,44.83848686082565
3089,0.6178,12.441906073842327,21.383521982703268,32.34318448834734,44.83848686082565
3090,0.618,12.441906073842327,21.387212541984837,32.34318448834734,44.83848686082565
3091,0.6182,12.441906073842327,21.390625846438873,32.34318448834734,44.83848686082565
3092,0.6184,12.441906073842327,21.392515136204622,32.34318448834734,44.83848686082565
3093,0.6186,12.441906073842327,21.404981974988726,32.34318448834734,44.83848686082565
3094,0.6188,12.441906073842327,21.42004978226603,32.34318448834734,44.83848686082565
3095,0.619,12.441906073842327,21.432241463009156,32.34318448834734,44.83848686082565
3096,0.6192,12.441906073842327,21.43548233331707,32.34318448834734,44.83848686082565
3097,0.6194,12.441906073842327,21.437027103910324,32.34318448834734,44.83848686082565
3098,0.6196,12.441906073842327,21.446243739964693,32.34318448834734,44.83848686082565
3099,0.6198,12.441906073842327,21.46025636458967,32.34318448834734,44.83848686082565
3100,0.62,12.454316152761274,21.464024743094342,32.34318448834734,44.83848686082565
3101,0.6202,12.469453049084084,21.476918949186427,32.34318448834734,44.83848686082565
3102,0.6204,12.48516830361546,21.48073615980581,32.34318448834734,44.83848686082565
3103,0.6206,12.500812840328944,21.482221104475233,32.34318448834734,44.83848686082565
3104,0.6208,12.517390882829456,21.494751293953108,32.34318448834734,44.83848686082565
3105,0.621,12.533705572909543,21.51026441086782,32.34318448834734,44.83848686082565
3106,0.6212,12.537200813759853,21.52640662917787,32.34318448834734,44.83848686082565
3107,0.6214,12.550841842318565,21.53067696052562,32.34318448834734,44.83848686082565
3108,0.6216,12.566083181264599,21.531998037540728,32.34318448834734,44.83848686082565
3109,0.6218,12.568672538901616,21.532593326529465,32.34318448834734,44.83848686082565
3110,0.622,12.581937385289905,21.536387304939417,32.34318448834734,44.83848686082565
3111,0.6222,12.5843554817962,21.538294709253265,32.34318448834734,44.83848686082565
3112,0.6224,12.585379205618633,21.539240150149883,32.34318448834734,44.83848686082565
3113,0.6226,12.58614043258437,21.539874585836426,32.34318448834734,44.83848686082565
3114,0.6228,12.58671703507901,21.542602614241243,32.34318448834734,44.83848686082565
3115,0.623,12.58741409702274,21.559648546869074,32.34318448834734,44.83848686082565
3116,0.6232,12.588011475302622,21.56463289622997,32.34318448834734,44.83848686082565
3117,0.6234,12.588554529350231,21.575540642750354,32.34318448834734,44.83848686082565
3118,0.6236,12.590031705205664,21.590507090728686,32.34318448834734,44.83848686082565
3119,0.6238,12.591988937542855,21.594479471623558,32.34318448834734,44.83848686082565
3120,0.624,12.593056390155706,21.59580435392555,32.34318448834734,44.83848686082565
3121,0.6242,12.607596645343868,21.596524923227964,32.34318448834734,44.83848686082565
3122,0.6244,12.610659682051102,21.59716180415263,32.34318448834734,44.83848686082565
3123,0.6246,12.61090528764136,21.597839381185008,32.34318448834734,44.83848686082565
3124,0.6248,12.61161310428008,21.598563354756653,32.34318448834734,44.83848686082565
3125,0.625,12.612393865132436,21.599354656325698,32.34318448834734,44.83848686082565
3126,0.6252,12.613186033412768,21.60017426230956,32.34318448834734,44.83848686082565
3127,0.6254,12.613975873847304,21.60100598448046,32.34318448834734,44.83848686082565
3128,0.6256,12.614797548681908,21.60184882119198,32.34318448834734,44.83848686082565
3129,0.6258,12.615193786181532,21.618242239263306,32.34318448834734,44.83848686082565
3130,0.626,12.615193786181532,21.623155562475926,32.34318448834734,44.83848686082565
3131,0.6262,12.615193786181532,21.62513243840456,32.34318448834734,44.83848686082565
3132,0.6264,12.615193786181532,21.62636126433286,32.34318448834734,44.83848686082565
3133,0.6266,12.615193786181532,21.637065942588656,32.34318448834734,44.83848686082565
3134,0.6268,12.628477974602582,21.652855655282018,32.34318448834734,44.83848686082565
3135,0.627,12.631193550982903,21.657550755362752,32.34318448834734,44.83848686082565
3136,0.6272,12.631515027981074,21.659531195163733,32.34318448834734,44.83848686082565
3137,0.6274,12.646091039973866,21.676226857399204,32.34318448834734,44.83848686082565
3138,0.6276,12.649404849897826,21.69657955001853,32.34318448834734,44.83848686082565
3139,0.6278,12.663797308999493,21.702270266474848,32.34318448834734,44.83848686082565
3140,0.628,12.66690368649226,21.714116656502487,32.34318448834734,44.83848686082565
3141,0.6282,12.682176032088973,21.730704141674007,32.34318448834734,44.83848686082565
3142,0.6284,12.685655630471961,21.736081571215053,32.34318448834734,44.83848686082565
3143,0.6286,12.686304277424911,21.742338751360514,32.34318448834734,44.83848686082565
3144,0.6288,12.687219413305629,21.749503696675987,32.34318448834734,44.83848686082565
3145,0.629,12.687519575272738,21.7537317621554,32.34318448834734,44.83848686082565
3146,0.6292,12.687784045859368,21.760395915792216,32.34318448834734,44.83848686082565
3147,0.6294,12.702405744795405,21.77812315039168,32.34318448834734,44.83848686082565
3148,0.6296,12.720670937752647,21.798094475407506,32.34318448834734,44.83848686082565
3149,0.6298,12.72499944063496,21.80455803160597,32.34318448834734,44.83848686082565
3150,0.63,12.7273088801449,21.81138993234476,32.34318448834734,44.83848686082565
3151,0.6302,12.729454478953475,21.829063854286176,32.34318448834734,44.83848686082565
3152,0.6304,12.731519558465516,21.848967195986937,32.34318448834734,44.83848686082565
3153,0.6306,12.733299491051808,21.859087162955177,32.34318448834734,44.83848686082565
3154,0.6308,12.735376469994662,21.877890246832123,32.34318448834734,44.83848686082565
3155,0.631,12.736741998123257,21.894609575116757,32.34318448834734,44.83848686082565
3156,0.6312,12.752648233025935,21.909969968186697,32.34318448834734,44.83848686082565
3157,0.6314,12.756935809005324,21.926998929509196,32.34318448834734,44.83848686082565
3158,0.6316,12.758251349721727,21.942862220121814,32.34318448834734,44.83848686082565
3159,0.6318,12.759016358665315,21.961976325450053,32.34318448834734,44.83848686082565
3160,0.632,12.759494125552076,21.967709108551574,32.34318448834734,44.83848686082565
3161,0.6322,12.759864324663544,21.970330889667267,32.34318448834734,44.83848686082565
3162,0.6324,12.76155242360855,21.972261979788737,32.34318448834734,44.83848686082565
3163,0.6326,12.762168712460525,21.977914632040292,32.34318448834734,44.83848686082565
3164,0.6328,12.762923776734125,21.981257428613496,32.34318448834734,44.83848686082565
3165,0.633,12.765400607517964,21.983287829441462,32.34318448834734,44.83848686082565
3166,0.6332,12.766770298958704,21.984819740774572,32.34318448834734,44.83848686082565
3167,0.6334,12.767909024686503,22.001053416550235,32.34318448834734,44.83848686082565
3168,0.6336,12.783201887667186,22.021201935469684,32.34318448834734,44.83848686082565
3169,0.6338,12.801495655068713,22.02722139499585,32.34318448834734,44.83848686082565
3170,0.634,12.806254952923965,22.02950481778005,32.34318448834734,44.83848686082565
3171,0.6342,12.80927382379256,22.045812275005964,32.34318448834734,44.83848686082565
3172,0.6344,12.811870927799283,22.06572252795787,32.34318448834734,44.83848686082565
3173,0.6346,12.812692644945976,22.071769031773506,32.34318448834734,44.83848686082565
3174,0.6348,12.815425400995515,22.08966177899896,32.34318448834734,44.83848686082565
3175,0.635,12.818823673140338,22.0950600054097,32.34318448834734,44.83848686082565
3176,0.6352,12.821043900775164,22.09700993609008,32.34318448834734,44.83848686082565
3177,0.6354,12.823089158671896,22.102022664113065,32.34318448834734,44.83848686082565
3178,0.6356,12.826585644712836,22.120054894880152,32.34318448834734,44.83848686082565
3179,0.6358,12.830528155305299,22.141038855170564,32.34318448834734,44.83848686082565
3180,0.636,12.833101820469064,22.146988392952814,32.34318448834734,44.83848686082565
3181,0.6362,12.835388273893363,22.164314002272395,32.34318448834734,44.83848686082565
3182,0.6364,12.851631128499976,22.18238287182501,32.34318448834734,44.83848686082565
3183,0.6366,12.870922522215105,22.202423167667888,32.34318448834734,44.83848686082565
3184,0.6368,12.877372484045857,22.207569018306508,32.34318448834734,44.83848686082565
3185,0.637,12.894898827446925,22.20904277993655,32.34318448834734,44.83848686082565
3186,0.6372,12.89970128823586,22.225905368404028,32.34318448834734,44.83848686082565
3187,0.6374,12.916526974608146,22.231089043958928,32.34318448834734,44.83848686082565
3188,0.6376,12.921038603521101,22.23317093269846,32.34318448834734,44.83848686082565
3189,0.6378,12.922409903683924,22.234418558598975,32.34318448834734,44.83848686082565
3190,0.638,12.923366866021341,22.240636527488327,32.34318448834734,44.83848686082565
3191,0.6382,12.937746831860045,22.244291384576535,32.34318448834734,44.83848686082565
3192,0.6384,12.956432521936863,22.263666450686685,32.34318448834734,44.83848686082565
3193,0.6386,12.975178418244738,22.2697036042591,32.34318448834734,44.83848686082565
3194,0.6388,12.994701984631845,22.289388709749744,32.34318448834734,44.83848686082565
3195,0.639,12.999511211266968,22.295857513699055,32.34318448834734,44.83848686082565
3196,0.6392,13.015766715499021,22.304171799979144,32.34318448834734,44.83848686082565
3197,0.6394,13.01984031024515,22.325209182902075,32.34318448834734,44.83848686082565
3198,0.6396,13.035898988833942,22.331505488455786,32.34318448834734,44.83848686082565
3199,0.6398,13.05488330652272,22.351185617278936,32.34318448834734,44.83848686082565
3200,0.64,13.059610741090184,22.356922983383143,32.34318448834734,44.83848686082565
3201,0.6402,13.07472202704374,22.35911326958579,32.34318448834734,44.83848686082565
3202,0.6404,13.09240067400374,22.37260899253821,32.34318448834734,44.83848686082565
3203,0.6406,13.11031831321943,22.388124295449124,32.34318448834734,44.83848686082565
3204,0.6408,13.12874237860566,22.391840300561324,32.34318448834734,44.83848686082565
3205,0.641,13.13302779823579,22.393954115146183,32.34318448834734,44.83848686082565
3206,0.6412,13.135679486354956,22.41278699775676,32.34318448834734,44.83848686082565
3207,0.6414,13.135744265671622,22.43536165685359,32.34318448834734,44.83848686082565
3208,0.6416,13.135744265671622,22.453908746890672,32.34318448834734,44.83848686082565
3209,0.6418,13.135744265671622,22.475715523141375,32.34318448834734,44.83848686082565
3210,0.642,13.137647189686966,22.498463387360342,32.34318448834734,44.83848686082565
3211,0.6422,13.140195211972994,22.509600082482883,32.34318448834734,44.83848686082565
3212,0.6424,13.142975482469224,22.518814770131023,32.34318448834734,44.83848686082565
3213,0.6426,13.144113996305936,22.522406355674306,32.34318448834734,44.83848686082565
3214,0.6428,13.159391890643846,22.52622705253049,32.34318448834734,44.83848686082565
3215,0.643,13.177545128557723,22.530637382770053,32.34318448834734,44.83848686082565
3216,0.6432,13.18181241409496,22.535443187982953,32.34318448834734,44.83848686082565
3217,0.6434,13.182730698919256,22.539927590803433,32.34318448834734,44.83848686082565
3218,0.6436,13.196188389094967,22.542182767573756,32.34318448834734,44.83848686082565
3219,0.6438,13.213791503384527,22.545619121927793,32.34318448834734,44.83848686082565
3220,0.644,13.217834886700327,22.54976241042605,32.34318448834734,44.83848686082565
3221,0.6442,13.218581151705665,22.554144242957825,32.34318448834734,44.83848686082565
3222,0.6444,13.218581151705665,22.556678751128718,32.34318448834734,44.83848686082565
3223,0.6446,13.232186077932774,22.56066298926618,32.34318448834734,44.83848686082565
3224,0.6448,13.235581181617055,22.56515539894387,32.34318448834734,44.83848686082565
3225,0.645,13.2501270145099,22.582686021407966,32.34318448834734,44.83848686082565
3226,0.6452,13.253304208046547,22.58757954457764,32.34318448834734,44.83848686082565
3227,0.6454,13.268733269594033,22.589632477192065,32.34318448834734,44.83848686082565
3228,0.6456,13.272394680312063,22.591114612888877,32.34318448834734,44.83848686082565
3229,0.6458,13.273150052417172,22.592781850840296,32.34318448834734,44.83848686082565
3230,0.646,13.273648145429231,22.59471237850153,32.34318448834734,44.83848686082565
3231,0.6462,13.275806916922118,22.59681203392592,32.34318448834734,44.83848686082565
3232,0.6464,13.278864861578077,22.598201718878205,32.34318448834734,44.83848686082565
3233,0.6466,13.281411310078587,22.599353273650905,32.34318448834734,44.83848686082565
3234,0.6468,13.28365051146702,22.60035106214951,32.34318448834734,44.83848686082565
3235,0.647,13.2857681724444,22.601274789741872,32.34318448834734,44.83848686082565
3236,0.6472,13.285785382805518,22.602171584498652,32.34318448834734,44.83848686082565
3237,0.6474,13.285785382805518,22.603686431192234,32.34318448834734,44.83848686082565
3238,0.6476,13.285785382805518,22.60481926899909,32.34318448834734,44.83848686082565
3239,0.6478,13.285785382805518,22.605789570231167,32.34318448834734,44.83848686082565
3240,0.648,13.299555819567964,22.606715247123926,32.34318448834734,44.83848686082565
3241,0.6482,13.316419530975764,22.607631047998154,32.34318448834734,44.83848686082565
3242,0.6484,13.333832378773547,22.60854657863065,32.34318448834734,44.83848686082565
3243,0.6486,13.352209092892792,22.60949492008928,32.34318448834734,44.83848686082565
3244,0.6488,13.370902653281147,22.610515801493133,32.34318448834734,44.83848686082565
3245,0.649,13.389584661598942,22.61159458045099,32.34318448834734,44.83848686082565
3246,0.6492,13.408152204297325,22.612722725987386,32.34318448834734,44.83848686082565
3247,0.6494,13.425992219469187,22.613895971588246,32.34318448834734,44.83848686082565
3248,0.6496,13.443511847281064,22.62926981589923,32.34318448834734,44.83848686082565
3249,0.6498,13.447011153406693,22.63524376735854,32.34318448834734,44.83848686082565
3250,0.65,13.46046208758385,22.653311207525295,32.34318448834734,44.83848686082565
3251,0.6502,13.475957633957405,22.6719487913963,32.34318448834734,44.83848686082565
3252,0.6504,13.479469742283564,22.676844420857268,32.34318448834734,44.83848686082565
3253,0.6506,13.481618638601898,22.67860059601597,32.34318448834734,44.83848686082565
3254,0.6508,13.483364238030823,22.67977353057588,32.34318448834734,44.83848686082565
3255,0.651,13.483364238030823,22.680806910562993,32.34318448834734,44.83848686082565
3256,0.6512,13.48462712776941,22.70311500957964,32.34318448834734,44.83848686082565
3257,0.6514,13.484885334197271,22.716144979872688,32.34318448834734,44.83848686082565
3258,0.6516,13.498989587088095,22.721352796228217,32.34318448834734,44.83848686082565
3259,0.6518,13.501789115286572,22.730383223529667,32.34318448834734,44.83848686082565
3260,0.652,13.502399859600224,22.735555994796023,32.34318448834734,44.83848686082565
3261,0.6522,13.51656903734204,22.738301894652512,32.34318448834734,44.83848686082565
3262,0.6524,13.533418806773145,22.74020781876432,32.34318448834734,44.83848686082565
3263,0.6526,13.551248593874114,22.741887338419563,32.34318448834734,44.83848686082565
3264,0.6528,13.554960070300089,22.74356056334069,32.34318448834734,44.83848686082565
3265,0.653,13.569786348819799,22.751918755575595,32.34318448834734,44.83848686082565
3266,0.6532,13.58623124719494,22.778542927949378,32.34318448834734,44.83848686082565
3267,0.6534,13.602829196889125,22.786692304542395,32.34318448834734,44.83848686082565
3268,0.6536,13.606566471373023,22.790289637791386,32.34318448834734,44.83848686082565
3269,0.6538,13.606820392843085,22.799205008356882,32.34318448834734,44.83848686082565
3270,0.654,13.606820392843085,22.804234928517406,32.34318448834734,44.83848686082565
3271,0.6542,13.620961125592238,22.807922497554138,32.34318448834734,44.83848686082565
3272,0.6544,13.638559138213873,22.811445447069246,32.34318448834734,44.83848686082565
3273,0.6546,13.655877789406494,22.81540589479945,32.34318448834734,44.83848686082565
3274,0.6548,13.65958856031678,22.818779319980308,32.34318448834734,44.83848686082565
3275,0.655,13.65958856031678,22.845721941894322,32.34318448834734,44.83848686082565
3276,0.6552,13.65958856031678,22.85570206624784,32.34318448834734,44.83848686082565
3277,0.6554,13.65958856031678,22.860497732288806,32.34318448834734,44.83848686082565
3278,0.6556,13.65958856031678,22.863731181505017,32.34318448834734,44.83848686082565
3279,0.6558,13.65958856031678,22.866550729335348,32.34318448834734,44.83848686082565
3280,0.656,13.65958856031678,22.869391925001842,32.34318448834734,44.83848686082565
3281,0.6562,13.65958856031678,22.878848484616768,32.34318448834734,44.83848686082565
3282,0.6564,13.65958856031678,22.891594803613057,32.34318448834734,44.83848686082565
3283,0.6566,13.65958856031678,22.89885933921059,32.34318448834734,44.83848686082565
3284,0.6568,13.659722002439718,22.926840031896774,32.34318448834734,44.83848686082565
3285,0.657,13.65981712799952,22.959377167128903,32.34318448834734,44.83848686082565
3286,0.6572,13.660059049814034,22.98632282642273,32.34318448834734,44.83848686082565
3287,0.6574,13.660367556923028,23.010102485233606,32.34318448834734,44.83848686082565
3288,0.6576,13.661516133046673,23.032394236407775,32.34318448834734,44.83848686082565
3289,0.6578,13.661516133046673,23.053974930691947,32.34318448834734,44.83848686082565
3290,0.658,13.661516133046673,23.060039335419457,32.34318448834734,44.83848686082565
3291,0.6582,13.661516133046673,23.070337024167934,32.34318448834734,44.83848686082565
3292,0.6584,13.661516133046673,23.07609159868467,32.34318448834734,44.83848686082565
3293,0.6586,13.661516133046673,23.080200017856427,32.34318448834734,44.83848686082565
3294,0.6588,13.661516133046673,23.08378990873338,32.34318448834734,44.83848686082565
3295,0.659,13.661516133046673,23.087289125086944,32.34318448834734,44.83848686082565
3296,0.6592,13.661516133046673,23.090820364562443,32.34318448834734,44.83848686082565
3297,0.6594,13.663214827728373,23.094456455316013,32.34318448834734,44.83848686082565
3298,0.6596,13.663425427279117,23.120879289866814,32.34318448834734,44.83848686082565
3299,0.6598,13.66544898485882,23.130268485729495,32.34318448834734,44.83848686082565
3300,0.66,13.665591012930074,23.14164080920175,32.34318448834734,44.83848686082565
3301,0.6602,13.667418816224409,23.15531735827448,32.34318448834734,44.83848686082565
3302,0.6604,13.669588913908463,23.162722017477414,32.34318448834734,44.83848686082565
3303,0.6606,13.67021478660563,23.191349207325953,32.34318448834734,44.83848686082565
3304,0.6608,13.670625330441894,23.20142752184708,32.34318448834734,44.83848686082565
3305,0.661,13.67322550205922,23.215134121676975,32.34318448834734,44.83848686082565
3306,0.6612,13.676353640994545,23.22376069577252,32.34318448834734,44.83848686082565
3307,0.6614,13.677455818690767,23.24578477016447,32.34318448834734,44.83848686082565
3308,0.6616,13.679933274471583,23.27716440284663,32.34318448834734,44.83848686082565
3309,0.6618,13.683046476408446,23.286848965954217,32.34318448834734,44.83848686082565
3310,0.662,13.684577620778935,23.31475088404493,32.34318448834734,44.83848686082565
3311,0.6622,13.68550511248599,23.34778497490772,32.34318448834734,44.83848686082565
3312,0.6624,13.70054401778116,23.381812613346877,32.34318448834734,44.83848686082565
3313,0.6626,13.718236308626903,23.414633346358094,32.34318448834734,44.83848686082565
3314,0.6628,13.736537818697734,23.44624989936495,32.34318448834734,44.83848686082565
3315,0.663,13.754654473450664,23.469360192443563,32.34318448834734,44.83848686082565
3316,0.6632,13.758548312199592,23.496870977480274,32.34318448834734,44.83848686082565
3317,0.6634,13.759100886356206,23.526287479839958,32.34318448834734,44.83848686082565
3318,0.6636,13.773599276546053,23.5561186977104,32.34318448834734,44.83848686082565
3319,0.6638,13.79143584062179,23.585577260546835,32.34318448834734,44.83848686082565
3320,0.664,13.795412587018157,23.591924998188386,32.34318448834734,44.83848686082565
3321,0.6642,13.796020775093949,23.591924998188386,32.34318448834734,44.83848686082565
3322,0.6644,13.797537422526228,23.591924998188386,32.34318448834734,44.83848686082565
3323,0.6646,13.799106862893883,23.591924998188386,32.34318448834734,44.83848686082565
3324,0.6648,13.813790231547166,23.591924998188386,32.34318448834734,44.83848686082565
3325,0.665,13.816652235736514,23.591924998188386,32.34318448834734,44.83848686082565
3326,0.6652,13.816652235736514,23.591924998188386,32.34318448834734,44.83848686082565
3327,0.6654,13.816652235736514,23.591924998188386,32.34318448834734,44.83848686082565
3328,0.6656,13.816652235736514,23.591924998188386,32.34318448834734,44.83848686082565
3329,0.6658,13.816652235736514,23.591924998188386,32.34318448834734,44.83848686082565
3330,0.666,13.816652235736514,23.591924998188386,32.34318448834734,44.83848686082565
3331,0.6662,13.816652235736514,23.591924998188386,32.34318448834734,44.83848686082565
3332,0.6664,13.816652235736514,23.591924998188386,32.34318448834734,44.83848686082565
3333,0.6666,13.816652235736514,23.591947848960444,32.34318448834734,44.83848686082565
3334,0.6668,13.816652235736514,23.592005534210355,32.34318448834734,44.83848686082565
3335,0.667,13.816652235736514,23.59311536050273,32.34318448834734,44.83848686082565
3336,0.6672,13.816652235736514,23.594728176253973,32.34318448834734,44.83848686082565
3337,0.6674,13.817018659584196,23.59552536931467,32.34318448834734,44.83848686082565
3338,0.6676,13.817693988207948,23.596112057223202,32.34318448834734,44.83848686082565
3339,0.6678,13.8185381185396,23.596705587311998,32.34318448834734,44.83848686082565
3340,0.668,13.818853034768832,23.597352875628797,32.34318448834734,44.83848686082565
3341,0.6682,13.818924802667858,23.598057742080265,32.34318448834734,44.83848686082565
3342,0.6684,13.819593986995915,23.59881627381578,32.34318448834734,44.83848686082565
3343,0.6686,13.820589474106818,23.59964334650291,32.34318448834734,44.83848686082565
3344,0.6688,13.821079048277973,23.600530613554767,32.34318448834734,44.83848686082565
3345,0.669,13.821347133394903,23.60147071947483,32.34318448834734,44.83848686082565
3346,0.6692,13.821564591238802,23.60243772179518,32.34318448834734,44.83848686082565
3347,0.6694,13.821799376713226,23.603435135123625,32.34318448834734,44.83848686082565
3348,0.6696,13.82204333144067,23.604453609737607,32.34318448834734,44.83848686082565
3349,0.6698,13.822288615572884,23.60547860966583,32.34318448834734,44.83848686082565
3350,0.67,13.822532135857085,23.60649843366201,32.34318448834734,44.83848686082565
3351,0.6702,13.82277398805647,23.607507320298726,32.34318448834734,44.83848686082565
3352,0.6704,13.823006561966547,23.608510243606947,32.34318448834734,44.83848686082565
3353,0.6706,13.823230761372963,23.609510498458345,32.34318448834734,44.83848686082565
3354,0.6708,13.823448287071681,23.612858834213835,32.34318448834734,44.83848686082565
3355,0.671,13.82366005539293,23.61702486689201,32.34318448834734,44.83848686082565
3356,0.6712,13.823866449539645,23.621321637927622,32.34318448834734,44.83848686082565
3357,0.6714,13.824067628783533,23.625602177066646,32.34318448834734,44.83848686082565
3358,0.6716,13.8242636711788,23.62986441313806,32.34318448834734,44.83848686082565
3359,0.6718,13.824454628195307,23.6466418276227,32.34318448834734,44.83848686082565
3360,0.672,13.824640543107991,23.6662840089136,32.34318448834734,44.83848686082565
3361,0.6722,13.824821456732066,23.684146908239587,32.34318448834734,44.83848686082565
3362,0.6724,13.824997409131841,23.7010983788204,32.34318448834734,44.83848686082565
3363,0.6726,13.825168440084425,23.717764938302196,32.34318448834734,44.83848686082565
3364,0.6728,13.82533893143838,23.722103455043527,32.34318448834734,44.83848686082565
3365,0.673,13.82551072429866,23.723809704026166,32.34318448834734,44.83848686082565
3366,0.6732,13.825683349705244,23.739606759458514,32.34318448834734,44.83848686082565
3367,0.6734,13.825853068226747,23.75866073148896,32.34318448834734,44.83848686082565
3368,0.6736,13.826018386570874,23.776314501856554,32.34318448834734,44.83848686082565
3369,0.6738,13.826178880726468,23.793079565619134,32.34318448834734,44.83848686082565
3370,0.674,13.826334475234527,23.809070027867275,32.34318448834734,44.83848686082565
3371,0.6742,13.826485194277831,23.82471700953681,32.34318448834734,44.83848686082565
3372,0.6744,13.826631088600855,23.840122712101127,32.34318448834734,44.83848686082565
3373,0.6746,13.826772216133541,23.855402524644123,32.34318448834734,44.83848686082565
3374,0.6748,13.826908635407015,23.85874494561305,32.34318448834734,44.83848686082565
3375,0.675,13.827040397986742,23.871855074292874,32.34318448834734,44.83848686082565
3376,0.6752,13.82716755070659,23.886814743717903,32.34318448834734,44.83848686082565
3377,0.6754,13.82793471464608,23.901521805289303,32.34318448834734,44.83848686082565
3378,0.6756,13.828383402661695,23.915822061880878,32.34318448834734,44.83848686082565
3379,0.6758,13.830984344869483,23.93276435654074,32.34318448834734,44.83848686082565
3380,0.676,13.831748431302092,23.93642644591233,32.34318448834734,44.83848686082565
3381,0.6762,13.832069007830103,23.936873142113072,32.34318448834734,44.83848686082565
3382,0.6764,13.834823888321724,23.936873142113072,32.34318448834734,44.83848686082565
3383,0.6766,13.835648467507495,23.950784849085817,32.34318448834734,44.83848686082565
3384,0.6768,13.835976443134506,23.965432088197616,32.34318448834734,44.83848686082565
3385,0.677,13.838714803691403,23.980030172883623,32.34318448834734,44.83848686082565
3386,0.6772,13.83953004461119,23.982630649834448,32.34318448834734,44.83848686082565
3387,0.6774,13.839858421234585,23.984206229198232,32.34318448834734,44.83848686082565
3388,0.6776,13.840064506192913,24.006677408762293,32.34318448834734,44.83848686082565
3389,0.6778,13.840575105269272,24.02432109440537,32.34318448834734,44.83848686082565
3390,0.678,13.84341932154033,24.03811528997843,32.34318448834734,44.83848686082565
3391,0.6782,13.846761177758994,24.05070942283981,32.34318448834734,44.83848686082565
3392,0.6784,13.848030918509677,24.063280048219173,32.34318448834734,44.83848686082565
3393,0.6786,13.851020473060776,24.07640088751515,32.34318448834734,44.83848686082565
3394,0.6788,13.851877183314175,24.09813680331942,32.34318448834734,44.83848686082565
3395,0.679,13.852178665951092,24.12301272130671,32.34318448834734,44.83848686082565
3396,0.6792,13.852335559101192,24.12938585681373,32.34318448834734,44.83848686082565
3397,0.6794,13.85245278652789,24.14771836619147,32.34318448834734,44.83848686082565
3398,0.6796,13.852563535334832,24.16663924307667,32.34318448834734,44.83848686082565
3399,0.6798,13.852672489253349,24.183929740083478,32.34318448834734,44.83848686082565
3400,0.68,13.852780733115303,24.194330432834786,32.34318448834734,44.83848686082565
3401,0.6802,13.852913425596446,24.20541693891437,32.34318448834734,44.83848686082565
3402,0.6804,13.854982528093903,24.217972137234415,32.34318448834734,44.83848686082565
3403,0.6806,13.857606913738156,24.244475165241226,32.34318448834734,44.83848686082565
3404,0.6808,13.86067476480027,24.250251085592147,32.34318448834734,44.83848686082565
3405,0.681,13.861437255540835,24.250716601303523,32.34318448834734,44.83848686082565
3406,0.6812,13.8616533372852,24.250716601303523,32.34318448834734,44.83848686082565
3407,0.6814,13.863635934432155,24.250716601303523,32.34318448834734,44.83848686082565
3408,0.6816,13.866145943908407,24.250716601303523,32.34318448834734,44.83848686082565
3409,0.6818,13.866698159247544,24.250716601303523,32.34318448834734,44.83848686082565
3410,0.682,13.867146983526194,24.250794517004326,32.34318448834734,44.83848686082565
3411,0.6822,13.867862054432997,24.250977300803978,32.34318448834734,44.83848686082565
3412,0.6824,13.868173211254492,24.25125836157635,32.34318448834734,44.83848686082565
3413,0.6826,13.870496755624036,24.27548475243244,32.34318448834734,44.83848686082565
3414,0.6828,13.871373600527086,24.30492700013196,32.34318448834734,44.83848686082565
3415,0.683,13.87407425704695,24.311775613816103,32.34318448834734,44.83848686082565
3416,0.6832,13.874771982744374,24.313666302886116,32.34318448834734,44.83848686082565
3417,0.6834,13.875162506345335,24.330233167633352,32.34318448834734,44.83848686082565
3418,0.6836,13.877393899266657,24.35764218566712,32.34318448834734,44.83848686082565
3419,0.6838,13.88027853446999,24.364280088289682,32.34318448834734,44.83848686082565
3420,0.684,13.880979621791072,24.366072711934628,32.34318448834734,44.83848686082565
3421,0.6842,13.881138884958965,24.3878378965309,32.34318448834734,44.83848686082565
3422,0.6844,13.881486776569242,24.407084563102927,32.34318448834734,44.83848686082565
3423,0.6846,13.883969726014364,24.427272556316225,32.34318448834734,44.83848686082565
3424,0.6848,13.88457376604996,24.43281362406201,32.34318448834734,44.83848686082565
3425,0.685,13.884704368867116,24.434940982594625,32.34318448834734,44.83848686082565
3426,0.6852,13.884717490353273,24.435999824300474,32.34318448834734,44.83848686082565
3427,0.6854,13.887075010136405,24.4367206064159,32.34318448834734,44.83848686082565
3428,0.6856,13.887652305490533,24.43735710196818,32.34318448834734,44.83848686082565
3429,0.6858,13.88798674031403,24.437991293109928,32.34318448834734,44.83848686082565
3430,0.686,13.888109821919137,24.438647129487943,32.34318448834734,44.83848686082565
3431,0.6862,13.888672530579559,24.43933153156735,32.34318448834734,44.83848686082565
3432,0.6864,13.888925469298462,24.44004645690868,32.34318448834734,44.83848686082565
3433,0.6866,13.889221546716847,24.440793889458867,32.34318448834734,44.83848686082565
3434,0.6868,13.89166258570353,24.44158132403691,32.34318448834734,44.83848686082565
3435,0.687,13.894390815577708,24.44241546999443,32.34318448834734,44.83848686082565
3436,0.6872,13.895060111152567,24.443291876977174,32.34318448834734,44.83848686082565
3437,0.6874,13.895505737427687,24.44422009173296,32.34318448834734,44.83848686082565
3438,0.6876,13.897919568732735,24.445189751650773,32.34318448834734,44.83848686082565
3439,0.6878,13.90092775423551,24.446185087253305,32.34318448834734,44.83848686082565
3440,0.688,13.904082914300048,24.447208814485723,32.34318448834734,44.83848686082565
3441,0.6882,13.904968670296197,24.461011572824933,32.34318448834734,44.83848686082565
3442,0.6884,13.907409935875407,24.479924847120287,32.34318448834734,44.83848686082565
3443,0.6886,13.908408324339467,24.488117573006672,32.34318448834734,44.83848686082565
3444,0.6888,13.910920411443115,24.50631559767632,32.34318448834734,44.83848686082565
3445,0.689,13.91192822323903,24.511423593519396,32.34318448834734,44.83848686082565
3446,0.6892,13.914601906091093,24.52872056165843,32.34318448834734,44.83848686082565
3447,0.6894,13.915381144830867,24.549439731100797,32.34318448834734,44.83848686082565
3448,0.6896,13.917639692812811,24.555880345390634,32.34318448834734,44.83848686082565
3449,0.6898,13.918542781695393,24.558978901526363,32.34318448834734,44.83848686082565
3450,0.69,13.919204417352889,24.57861637661657,32.34318448834734,44.83848686082565
3451,0.6902,13.919829010383866,24.601459706241286,32.34318448834734,44.83848686082565
3452,0.6904,13.920177870143851,24.609925149447783,32.34318448834734,44.83848686082565
3453,0.6906,13.935261262382188,24.628417219285453,32.34318448834734,44.83848686082565
3454,0.6908,13.940102931243505,24.633800282741063,32.34318448834734,44.83848686082565
3455,0.691,13.95676744710454,24.63575474929756,32.34318448834734,44.83848686082565
3456,0.6912,13.976067952821165,24.636876250725788,32.34318448834734,44.83848686082565
3457,0.6914,13.995303708784672,24.63781210812315,32.34318448834734,44.83848686082565
3458,0.6916,14.014248723274026,24.63992675415284,32.34318448834734,44.83848686082565
3459,0.6918,14.033102992914804,24.642739298054973,32.34318448834734,44.83848686082565
3460,0.692,14.037546639876927,24.6450428048643,32.34318448834734,44.83848686082565
3461,0.6922,14.052526316524775,24.646960348437943,32.34318448834734,44.83848686082565
3462,0.6924,14.07082119117373,24.648849117466618,32.34318448834734,44.83848686082565
3463,0.6926,14.075213726043126,24.650866418841545,32.34318448834734,44.83848686082565
3464,0.6928,14.076204527726599,24.653022087540386,32.34318448834734,44.83848686082565
3465,0.693,14.077305181918634,24.655266877297496,32.34318448834734,44.83848686082565
3466,0.6932,14.078671457410913,24.657458092014938,32.34318448834734,44.83848686082565
3467,0.6934,14.093607674644957,24.659571983802827,32.34318448834734,44.83848686082565
3468,0.6936,14.111168357982624,24.661648393805816,32.34318448834734,44.83848686082565
3469,0.6938,14.115214351246031,24.663723176721525,32.34318448834734,44.83848686082565
3470,0.694,14.130355746579044,24.66581252547391,32.34318448834734,44.83848686082565
3471,0.6942,14.147716789994012,24.6679299240755,32.34318448834734,44.83848686082565
3472,0.6944,14.152480247275754,24.670232827688316,32.34318448834734,44.83848686082565
3473,0.6946,14.16780566975428,24.672539539236638,32.34318448834734,44.83848686082565
3474,0.6948,14.185303066078593,24.6748430435562,32.34318448834734,44.83848686082565
3475,0.695,14.20327165225534,24.677141646648256,32.34318448834734,44.83848686082565
3476,0.6952,14.221173771994502,24.67948032146408,32.34318448834734,44.83848686082565
3477,0.6954,14.238884581257025,24.68307540791588,32.34318448834734,44.83848686082565
3478,0.6956,14.256355988046034,24.695620022653653,32.34318448834734,44.83848686082565
3479,0.6958,14.27262267175474,24.704176586863152,32.34318448834734,44.83848686082565
3480,0.696,14.28915612621828,24.732903982005276,32.34318448834734,44.83848686082565
3481,0.6962,14.305758323293222,24.743380811012575,32.34318448834734,44.83848686082565
3482,0.6964,14.306170062293516,24.74927109345823,32.34318448834734,44.83848686082565
3483,0.6966,14.306170062293516,24.754248069630215,32.34318448834734,44.83848686082565
3484,0.6968,14.306170062293516,24.759195499200423,32.34318448834734,44.83848686082565
3485,0.697,14.306170062293516,24.765480246728306,32.34318448834734,44.83848686082565
3486,0.6972,14.306170062293516,24.78770226986658,32.34318448834734,44.83848686082565
3487,0.6974,14.306170062293516,24.79743477432864,32.34318448834734,44.83848686082565
3488,0.6976,14.306170062293516,24.813022712985788,32.34318448834734,44.83848686082565
3489,0.6978,14.318686270380061,24.846180511774044,32.34318448834734,44.83848686082565
3490,0.698,14.321598762682742,24.882428889348308,32.34318448834734,44.83848686082565
3491,0.6982,14.323268832303974,24.911158632570015,32.34318448834734,44.83848686082565
3492,0.6984,14.324302116462112,24.935701332411313,32.34318448834734,44.83848686082565
3493,0.6986,14.32578693792533,24.943709940862682,32.34318448834734,44.83848686082565
3494,0.6988,14.327591374533341,24.948509163023623,32.34318448834734,44.83848686082565
3495,0.699,14.328035171297184,24.95268332409158,32.34318448834734,44.83848686082565
3496,0.6992,14.328035171297184,24.979916981282315,32.34318448834734,44.83848686082565
3497,0.6994,14.328035171297184,24.989494578529058,32.34318448834734,44.83848686082565
3498,0.6996,14.328035171297184,24.99462843161125,32.34318448834734,44.83848686082565
3499,0.6998,14.328035171297184,24.99857346562585,32.34318448834734,44.83848686082565
3500,0.7,14.34236060292983,25.002165708792585,32.34318448834734,44.83848686082565
3501,0.7002,14.34552385140585,25.00558907537932,32.34318448834734,44.83848686082565
3502,0.7004,14.345707516817964,25.01035655049096,32.34318448834734,44.83848686082565
3503,0.7006,14.345707516817964,25.014600519437096,32.34318448834734,44.83848686082565
3504,0.7008,14.360025027329137,25.03178654287653,32.34318448834734,44.83848686082565
3505,0.701,14.376725500037928,25.051534746373978,32.34318448834734,44.83848686082565
3506,0.7012,14.393723710318666,25.057665577713855,32.34318448834734,44.83848686082565
3507,0.7014,14.410092501322126,25.061272854071085,32.34318448834734,44.83848686082565
3508,0.7016,14.413475933813192,25.06441063726299,32.34318448834734,44.83848686082565
3509,0.7018,14.414400530417455,25.067461337175413,32.34318448834734,44.83848686082565
3510,0.702,14.42892718612015,25.0705421969977,32.34318448834734,44.83848686082565
3511,0.7022,14.432045968320255,25.073635895629643,32.34318448834734,44.83848686082565
3512,0.7024,14.446334663982725,25.076716726347243,32.34318448834734,44.83848686082565
3513,0.7026,14.449192445464893,25.087987372291416,32.34318448834734,44.83848686082565
3514,0.7028,14.451058149727496,25.102227221353512,32.34318448834734,44.83848686082565
3515,0.703,14.451226008173531,25.10934262882531,32.34318448834734,44.83848686082565
3516,0.7032,14.451226008173531,25.11391383597026,32.34318448834734,44.83848686082565
3517,0.7034,14.464757906144097,25.117512000441053,32.34318448834734,44.83848686082565
3518,0.7036,14.480539907186841,25.135289637527553,32.34318448834734,44.83848686082565
3519,0.7038,14.483785571583695,25.1544211620876,32.34318448834734,44.83848686082565
3520,0.704,14.485914547315366,25.17375331271487,32.34318448834734,44.83848686082565
3521,0.7042,14.487329120738751,25.192783515563427,32.34318448834734,44.83848686082565
3522,0.7044,14.487329120738751,25.211561106737733,32.34318448834734,44.83848686082565
3523,0.7046,14.48869850091379,25.229997172670032,32.34318448834734,44.83848686082565
3524,0.7048,14.490010942511782,25.255948793690226,32.34318448834734,44.83848686082565
3525,0.705,14.49138280956349,25.277031653177144,32.34318448834734,44.83848686082565
3526,0.7052,14.49138280956349,25.283177354225188,32.34318448834734,44.83848686082565
3527,0.7054,14.49138280956349,25.28625740707453,32.34318448834734,44.83848686082565
3528,0.7056,14.492300264211952,25.28870222745878,32.34318448834734,44.83848686082565
3529,0.7058,14.494281010385155,25.29103522729767,32.34318448834734,44.83848686082565
3530,0.706,14.495163490312065,25.29336449962806,32.34318448834734,44.83848686082565
3531,0.7062,14.50890834842986,25.295704145173957,32.34318448834734,44.83848686082565
3532,0.7064,14.526356532082943,25.29805370293579,32.34318448834734,44.83848686082565
3533,0.7066,14.530217727301427,25.300412243973895,32.34318448834734,44.83848686082565
3534,0.7068,14.531783074356966,25.315343987296853,32.34318448834734,44.83848686082565
3535,0.707,14.532689150494612,25.332946568077418,32.34318448834734,44.83848686082565
3536,0.7072,14.53376805055647,25.35104287858624,32.34318448834734,44.83848686082565
3537,0.7074,14.535659537592043,25.372114432729532,32.34318448834734,44.83848686082565
3538,0.7076,14.55111019383666,25.39401983158078,32.34318448834734,44.83848686082565
3539,0.7078,14.554816520249025,25.400834610756142,32.34318448834734,44.83848686082565
3540,0.708,14.555558286442087,25.403866155512308,32.34318448834734,44.83848686082565
3541,0.7082,14.568703760330727,25.406231431524272,32.34318448834734,44.83848686082565
3542,0.7084,14.571360408339311,25.408591778151234,32.34318448834734,44.83848686082565
3543,0.7086,14.572374464460209,25.413837533512233,32.34318448834734,44.83848686082565
3544,0.7088,14.586375301335805,25.420380650097506,32.34318448834734,44.83848686082565
3545,0.709,14.589661122983872,25.436660939028428,32.34318448834734,44.83848686082565
3546,0.7092,14.590689039930563,25.45721809539719,32.34318448834734,44.83848686082565
3547,0.7094,14.591111408594584,25.463755929571647,32.34318448834734,44.83848686082565
3548,0.7096,14.592840715216328,25.48225960326134,32.34318448834734,44.83848686082565
3549,0.7098,14.594862772222037,25.488357165593293,32.34318448834734,44.83848686082565
3550,0.71,14.596990344736847,25.491232802346467,32.34318448834734,44.83848686082565
3551,0.7102,14.599155173485645,25.49328938504207,32.34318448834734,44.83848686082565
3552,0.7104,14.601078757465896,25.49538672552733,32.34318448834734,44.83848686082565
3553,0.7106,14.601596382968525,25.513126932746236,32.34318448834734,44.83848686082565
3554,0.7108,14.601818504074089,25.519584256509376,32.34318448834734,44.83848686082565
3555,0.711,14.601877330124882,25.538741772090845,32.34318448834734,44.83848686082565
3556,0.7112,14.615337699508197,25.54575916282316,32.34318448834734,44.83848686082565
3557,0.7114,14.63252661625363,25.5494577061454,32.34318448834734,44.83848686082565
3558,0.7116,14.63723942882555,25.55224102946443,32.34318448834734,44.83848686082565
3559,0.7118,14.639955738111912,25.554752963316325,32.34318448834734,44.83848686082565
3560,0.712,14.64059662858998,25.572536600923115,32.34318448834734,44.83848686082565
3561,0.7122,14.642303429632141,25.579112371961266,32.34318448834734,44.83848686082565
3562,0.7124,14.642701515823862,25.600474993309295,32.34318448834734,44.83848686082565
3563,0.7126,14.642757915065149,25.62630305543776,32.34318448834734,44.83848686082565
3564,0.7128,14.642757915065149,25.633978300906776,32.34318448834734,44.83848686082565
3565,0.713,14.6568028835708,25.65662335992473,32.34318448834734,44.83848686082565
3566,0.7132,14.675045861056093,25.671950609578175,32.34318448834734,44.83848686082565
3567,0.7134,14.679508327410934,25.691605429957225,32.34318448834734,44.83848686082565
3568,0.7136,14.680604120838993,25.718863342648017,32.34318448834734,44.83848686082565
3569,0.7138,14.680881922176626,25.741279411711634,32.34318448834734,44.83848686082565
3570,0.714,14.695963547233209,25.749432884455263,32.34318448834734,44.83848686082565
3571,0.7142,14.699711185746397,25.75351962528674,32.34318448834734,44.83848686082565
3572,0.7144,14.701383385807267,25.76869067437618,32.34318448834734,44.83848686082565
3573,0.7146,14.703929512148164,25.786201992718436,32.34318448834734,44.83848686082565
3574,0.7148,14.705313901990285,25.80407181936708,32.34318448834734,44.83848686082565
3575,0.715,14.705864488821419,25.80956658274745,32.34318448834734,44.83848686082565
3576,0.7152,14.706280355801901,25.81254063537024,32.34318448834734,44.83848686082565
3577,0.7154,14.707864467431492,25.815046645313807,32.34318448834734,44.83848686082565
3578,0.7156,14.70891629158959,25.817438378308275,32.34318448834734,44.83848686082565
3579,0.7158,14.709391167739778,25.819777869697354,32.34318448834734,44.83848686082565
3580,0.716,14.709632130142985,25.82208044526379,32.34318448834734,44.83848686082565
3581,0.7162,14.710592515473975,25.824359140466857,32.34318448834734,44.83848686082565
3582,0.7164,14.725342614569932,25.826592962495397,32.34318448834734,44.83848686082565
3583,0.7166,14.72986743104076,25.828846739013855,32.34318448834734,44.83848686082565
3584,0.7168,14.7321878572398,25.83112491168187,32.34318448834734,44.83848686082565
3585,0.717,14.748330261659993,25.833437931819603,32.34318448834734,44.83848686082565
3586,0.7172,14.76770258787482,25.835747753869633,32.34318448834734,44.83848686082565
3587,0.7174,14.772709398081682,25.838061276556328,32.34318448834734,44.83848686082565
3588,0.7176,14.774090820543085,25.855527943660714,32.34318448834734,44.83848686082565
3589,0.7178,14.77455749273726,25.87657007175992,32.34318448834734,44.83848686082565
3590,0.718,14.775936368635046,25.898163844385273,32.34318448834734,44.83848686082565
3591,0.7182,14.777426111889534,25.916922958094993,32.34318448834734,44.83848686082565
3592,0.7184,14.78032865518291,25.93437827619317,32.34318448834734,44.83848686082565
3593,0.7186,14.782482029076919,25.954514894683413,32.34318448834734,44.83848686082565
3594,0.7188,14.784541639996062,25.960836485193322,32.34318448834734,44.83848686082565
3595,0.719,14.786778129168408,25.963832789314512,32.34318448834734,44.83848686082565
3596,0.7192,14.788960684181308,25.965961166786034,32.34318448834734,44.83848686082565
3597,0.7194,14.791056841382808,25.983382918614275,32.34318448834734,44.83848686082565
3598,0.7196,14.791759252388315,25.989405702471842,32.34318448834734,44.83848686082565
3599,0.7198,14.792228941227139,25.992516354894644,32.34318448834734,44.83848686082565
3600,0.72,14.79256945795922,26.00997983079098,32.34318448834734,44.83848686082565
3601,0.7202,14.792867487712064,26.031083323945197,32.34318448834734,44.83848686082565
3602,0.7204,14.79315646240793,26.03811588049045,32.34318448834734,44.83848686082565
3603,0.7206,14.795056260401237,26.056405209102433,32.34318448834734,44.83848686082565
3604,0.7208,14.811346314326142,26.065421908402993,32.34318448834734,44.83848686082565
3605,0.721,14.830828158384286,26.084793016100285,32.34318448834734,44.83848686082565
3606,0.7212,14.85087736659944,26.09129298408062,32.34318448834734,44.83848686082565
3607,0.7214,14.87093405831284,26.097507463088174,32.34318448834734,44.83848686082565
3608,0.7216,14.890219901035568,26.1134262871767,32.34318448834734,44.83848686082565
3609,0.7218,14.909669847091557,26.13072120811878,32.34318448834734,44.83848686082565
3610,0.722,14.928091591706949,26.13597798408207,32.34318448834734,44.83848686082565
3611,0.7222,14.946172729146172,26.13905878951729,32.34318448834734,44.83848686082565
3612,0.7224,14.963974610425382,26.15389024388275,32.355961913480634,44.83848686082565
3613,0.7226,14.981798239845642,26.176772247168998,32.35906185884302,44.83848686082565
3614,0.7228,14.999476344561968,26.202656238751846,32.35976272629257,44.83848686082565
3615,0.723,15.018020633013851,26.229739384081864,32.36002533046429,44.85368708806774
3616,0.7232,15.023162528278494,26.244681897981575,32.37538282887738,44.87374944746575
3617,0.7234,15.02442034272868,26.256467675835854,32.37977249824595,44.8813605214594
3618,0.7236,15.038653098791938,26.276683256373733,32.39710728737529,44.88649220275609
3619,0.7238,15.041847997671299,26.292796729434826,32.41761231749086,44.95850216462664
3620,0.724,15.056460612877698,26.298899463927714,32.43886122893943,44.98071482921095
3621,0.7242,15.07337025110506,26.31530433133259,32.44504408702651,44.989557043048826
3622,0.7244,15.091634949216294,26.339398333266704,32.448781500992354,45.06145120862165
3623,0.7246,15.096334116969528,26.353938287883718,32.539532067174385,45.14696718023146
3624,0.7248,15.098147190907119,26.374250753442688,32.64486930081252,45.232694304285495
3625,0.725,15.100302715642137,26.38145726373379,32.66862585705424,45.25464200785258
3626,0.7252,15.102561692929319,26.39155323881072,32.677513091308086,45.27715686660694
3627,0.7254,15.104168534274734,26.39713078980281,32.688196280601844,45.300861445822
3628,0.7256,15.10559098071716,26.40050334430315,32.707904175537436,45.325750649265146
3629,0.7258,15.105810898431217,26.403064983392166,32.728010426762566,45.35199196126749
3630,0.726,15.105874938094516,26.405366125241926,32.73308580388031,45.37935350397647
3631,0.7262,15.106943241159899,26.416636992446925,32.74948632131088,45.40708255465036
3632,0.7264,15.108342781890437,26.434911864761684,32.75367584462234,45.43413000375995
3633,0.7266,15.10986671474751,26.44167973986488,32.7548050052693,45.458744949256506
3634,0.7268,15.111452187177814,26.445226322753314,32.75548851137054,45.46723248916273
3635,0.727,15.111881848232306,26.447819814598287,32.814409487230996,45.48675565214502
3636,0.7272,15.125675229057473,26.450109244842082,32.88407260002001,45.509047413081035
3637,0.7274,15.142534236909691,26.452288939654643,32.954160963068574,45.516335168066675
3638,0.7276,15.15997713766195,26.454422525733662,33.02441908363595,45.53532367840855
3639,0.7278,15.163862389457492,26.457315863568272,33.039523338795306,45.557489764475946
3640,0.728,15.164655024733937,26.46690986508183,33.04343492066881,45.564946842232295
3641,0.7282,15.178413763114047,26.486156054839082,33.04595167274655,45.632549452589295
3642,0.7284,15.181626173959836,26.49859557755248,33.04903183710278,45.71415571535614
3643,0.7286,15.181912573534946,26.50384930492874,33.10698658729045,45.796212221569135
3644,0.7288,15.181912573534946,26.509804448526626,33.1205198718021,45.8773869084412
3645,0.729,15.181912573534946,26.51326490270291,33.126528272983194,45.89758739186339
3646,0.7292,15.181912573534946,26.515592081829325,33.13011051818291,45.91762748540523
3647,0.7294,15.181912573534946,26.517634581830777,33.19453750729062,45.92250014841708
3648,0.7296,15.181912573534946,26.522592001420595,33.2114807250152,45.92601640987581
3649,0.7298,15.181912573534946,26.528878087776658,33.21608995372383,45.927817698047825
3650,0.73,15.181912573534946,26.53563976292888,33.22152671601031,45.94403848375229
3651,0.7302,15.181912573534946,26.53930953039752,33.288130347985856,45.96621329651293
3652,0.7304,15.181912573534946,26.541761651938035,33.30604415500221,45.991426811636394
3653,0.7306,15.182256974114825,26.543632508785294,33.31327596018352,46.015983787846935
3654,0.7308,15.18289706530317,26.54523249205248,33.37794247799809,46.04033267959711
3655,0.731,15.18367964384548,26.54670176730297,33.456780639430434,46.06533138365101
3656,0.7312,15.18367964384548,26.54809850618202,33.477020948183934,46.09088808619239
3657,0.7314,15.18367964384548,26.54944774734361,33.48237448170151,46.0996953593719
3658,0.7316,15.18367964384548,26.55076228501281,33.545679345162085,46.10374073162773
3659,0.7318,15.18367964384548,26.55205026189946,33.56221004082966,46.10643324708152
3660,0.732,15.18367964384548,26.55331773169525,33.62621423765533,46.124557946931816
3661,0.7322,15.18367964384548,26.55456953243864,33.70126320772272,46.14656276065867
3662,0.7324,15.18367964384548,26.555809540999007,33.71941381503233,46.16975795205431
3663,0.7326,15.18367964384548,26.557040982612286,33.78260932615109,46.19302174783657
3664,0.7328,15.18367964384548,26.558266596852803,33.797146294375665,46.21629670151511
3665,0.733,15.184162630452116,26.559488707630504,33.79932970974972,46.223651806859394
3666,0.7332,15.198533388517806,26.560709220643194,33.79932970974972,46.24257812426052
3667,0.7334,15.215955753623652,26.564999781266184,33.79932970974972,46.248812983368566
3668,0.7336,15.215955753623652,26.579605252099903,33.854877446849436,46.25179345062338
3669,0.7338,15.215955753623652,26.595833081787124,33.92510155585619,46.25397945590928
3670,0.734,15.215955753623652,26.612113649795468,33.941564897966934,46.25587026590165
3671,0.7342,15.215955753623652,26.631776576968633,34.00345055852783,46.257817850625365
3672,0.7344,15.215955753623652,26.637527035277554,34.07411517993111,46.265793728718464
3673,0.7346,15.215955753623652,26.655121958505433,34.08974175649046,46.338400950712
3674,0.7348,15.215955753623652,26.660754033268475,34.09441200729807,46.36034174578078
3675,0.735,15.215955753623652,26.678722691226483,34.15461750571027,46.3682617252104
3676,0.7352,15.215955753623652,26.6844152841573,34.168972074772164,46.37318129495281
3677,0.7354,15.215955753623652,26.699673394201877,34.23049227709201,46.393644892970556
3678,0.7356,15.215955753623652,26.717946285226546,34.30417882667541,46.41987358931037
3679,0.7358,15.215955753623652,26.724653035036575,34.32288146905996,46.4483600750655
3680,0.736,15.215955753623652,26.727894539797553,34.32907852785779,46.47584387233135
3681,0.7362,15.215955753623652,26.742404509289766,34.39146939821518,46.50236323322449
3682,0.7364,15.215955753623652,26.754655578047622,34.40816916321017,46.51327150797077
3683,0.7366,15.215955753623652,26.77078761467232,34.41533021913281,46.521474606487956
3684,0.7368,15.215955753623652,26.776926625859105,34.420274320073254,46.54370832552496
3685,0.737,15.215955753623652,26.780208945796222,34.49040450484576,46.5707478325034
3686,0.7372,15.215955753623652,26.782621224374086,34.57885396839377,46.583443191420756
3687,0.7374,15.215955753623652,26.784756147284774,34.671219452103365,46.590322961802364
3688,0.7376,15.215955753623652,26.792067167024676,34.697889342440654,46.611567738920606
3689,0.7378,15.215955753623652,26.801773519426558,34.79469236431518,46.636107239154676
3690,0.738,15.215955753623652,26.81154330097414,34.82337170943285,46.661537230901224
3691,0.7382,15.215955753623652,26.828291164089908,34.833473945394644,46.67066529223608
3692,0.7384,15.215955753623652,26.846090138578106,34.923334914621464,46.743203249753385
3693,0.7386,15.215955753623652,26.852643774815853,35.027715237548804,46.76472307924622
3694,0.7388,15.215955753623652,26.867845223054157,35.126356980313716,46.78808672323861
3695,0.739,15.215955753623652,26.873811231358697,35.15062974694489,46.795824770213166
3696,0.7392,15.215955753623652,26.87691031400075,35.160622854408395,46.81539997434928
3697,0.7394,15.215955753623652,26.891798073513296,35.22968980263891,46.83793527396366
3698,0.7396,15.215955753623652,26.90221211512927,35.30826841035849,46.84516328282078
3699,0.7398,15.215955753623652,26.912837945390066,35.39245371842522,46.848640775719275
3700,0.74,15.215955753623652,26.923475362329246,35.47866585218307,46.85097424262539
3701,0.7402,15.215955753623652,26.93384081313337,35.50669502141421,46.85308983298579
3702,0.7404,15.215955753623652,26.94400582170298,35.51866401466643,46.85516374499775
3703,0.7406,15.215955753623652,26.948011260246325,35.60260279931285,46.85745158881143
3704,0.7408,15.215955753623652,26.951139265437966,35.69789770887622,46.85968987659723
3705,0.741,15.215955753623652,26.953460233946668,35.722951731275074,46.87764749488122
3706,0.7412,15.215955753623652,26.95537387387625,35.736662392450214,46.89972987492696
3707,0.7414,15.215955753623652,26.95712577783522,35.81514696552339,46.906929178547685
3708,0.7416,15.215955753623652,26.95881857718437,35.83354395874528,46.9101657347616
3709,0.7418,15.215955753623652,26.960509370033314,35.90704558581601,46.91234192260632
3710,0.742,15.215955753623652,26.96219440394444,35.993080663935665,46.930111146289185
3711,0.7422,15.215955753623652,26.963891001324136,36.012119469199554,46.936047249956715
3712,0.7424,15.215955753623652,26.970628129942266,36.01569690957503,46.93883365861111
3713,0.7426,15.215955753623652,26.973518454774183,36.02665873647894,46.94082221623843
3714,0.7428,15.215955753623652,26.978434302472007,36.1085422097184,46.94265466836949
3715,0.743,15.215955753623652,26.984013266704775,36.12883580333379,46.96038785586105
3716,0.7432,15.215955753623652,26.989679629546153,36.142920584604326,46.982262754570066
3717,0.7434,15.215955753623652,26.995332431589706,36.22422774474761,46.98930797005727
3718,0.7436,15.215955753623652,27.000980676909084,36.31683394992388,46.99241440935495
3719,0.7438,15.215955753623652,27.006558181594784,36.403014691457116,46.994622337147106
3720,0.744,15.215955753623652,27.01221426197962,36.48988222748894,47.068346205673976
3721,0.7442,15.215955753623652,27.01484156231732,36.50845285486823,47.1622718604123
3722,0.7444,15.215955753623652,27.01624317936499,36.569243991507776,47.25440484984287
3723,0.7446,15.215955753623652,27.017382614819567,36.590524449300375,47.2793115839821
3724,0.7448,15.215955753623652,27.018826369330668,36.604845024693915,47.287323931668915
3725,0.745,15.215955753623652,27.032849350513114,36.618792461721696,47.29162227601999
3726,0.7452,15.215955753623652,27.049817344495544,36.62522286643481,47.36445244645776
3727,0.7454,15.215955753623652,27.067368028128552,36.62831460419942,47.38725333761626
3728,0.7456,15.215955753623652,27.08825388968333,36.710544767733204,47.395835073359365
3729,0.7458,15.215955753623652,27.11050963216239,36.73167159265682,47.400413424849155
3730,0.746,15.215955753623652,27.13312778354164,36.80855526695186,47.46931115840167
3731,0.7462,15.215955753623652,27.14023351494247,36.905502816604184,47.555240547289515
3732,0.7464,15.215955753623652,27.146614857156912,36.92702859975819,47.64299343548572
3733,0.7466,15.215955753623652,27.153449595671805,36.930943604118426,47.728412950594894
3734,0.7468,15.215955753623652,27.160813999583997,36.932223050283866,47.81030847025039
3735,0.747,15.215955753623652,27.168413353819723,36.933748933716075,47.88967669706428
3736,0.7472,15.215955753623652,27.187963248570867,36.93662355245702,47.96728368592576
3737,0.7474,15.215955753623652,27.206480129852658,36.940149977392146,47.98786619239433
3738,0.7476,15.215955753623652,27.227195156641525,37.03355163312149,48.052914026871356
3739,0.7478,15.215955753623652,27.24883072630473,37.141844917056645,48.06931587039052
3740,0.748,15.215955753623652,27.25530366910118,37.17067116072158,48.074051559788465
3741,0.7482,15.215955753623652,27.273428404889312,37.25787187346543,48.07720454542752
3742,0.7484,15.215955753623652,27.294280248753964,37.27975716655039,48.08091319122451
3743,0.7486,15.215955753623652,27.30024660492909,37.28766352450253,48.08586889201043
3744,0.7488,15.215955753623652,27.318045184507927,37.29106320732836,48.089875636815414
3745,0.749,15.215955753623652,27.323459636566366,37.30898218313546,48.160413711003464
3746,0.7492,15.215955753623652,27.32574135255951,37.33279340841065,48.18150381682238
3747,0.7494,15.215955753623652,27.339065851061395,37.34363437963365,48.188966308619506
3748,0.7496,15.215955753623652,27.354611727549308,37.35304756003599,48.19408211775382
3749,0.7498,15.215955753623652,27.37026805511012,37.36435773022298,48.26279473066646
3750,0.75,15.215955753623652,27.385827171175354,37.377293966909626,48.28562760179034
3751,0.7502,15.215955753623652,27.389907083448776,37.508800519771185,48.359313575170866
3752,0.7504,15.215955753623652,27.391619658717005,37.55948592456474,48.44141322402313
3753,0.7506,15.215955753623652,27.39637669713907,37.58003682206623,48.462891229547274
3754,0.7508,15.215955753623652,27.410808962917216,37.68288505825283,48.46930951608097
3755,0.751,15.215955753623652,27.429586313368223,37.7950445894137,48.475102754768166
3756,0.7512,15.215955753623652,27.449735103878567,37.82246346061959,48.544312653949675
3757,0.7514,15.215955753623652,27.470339555766856,37.90029617127365,48.5645855828474
3758,0.7516,15.215955753623652,27.47588065361501,37.916873139883144,48.57204533652796
3759,0.7518,15.215955753623652,27.478053734315445,37.955148148753125,48.64718043433873
3760,0.752,15.215955753623652,27.479458735651594,37.96278759928654,48.73270912712396
3761,0.7522,15.215955753623652,27.480698320741617,37.96278759928654,48.7574268632724
3762,0.7524,15.215955753623652,27.485428634845572,37.96278759928654,48.76629657819078
3763,0.7526,15.215955753623652,27.488008836824164,38.03366760177318,48.77263551448211
3764,0.7528,15.216407036442863,27.489703132703966,38.08710355836661,48.84420856871988
3765,0.753,15.216974721157925,27.494622498652387,38.09725652686806,48.93244659157973
3766,0.7532,15.217641490122055,27.496768237800982,38.097836247759524,48.958172825068516
3767,0.7534,15.217732510826698,27.497963335793564,38.11099033858466,49.032343001378955
3768,0.7536,15.218932604933403,27.498934709289518,38.12818545920896,49.05340117405202
3769,0.7538,15.220560129075597,27.499867345410813,38.14709270006049,49.060112235128585
3770,0.754,15.221692331916726,27.500798803339045,38.16617260965842,49.06298084447111
3771,0.7542,15.236331898153741,27.502053567607113,38.1855316676987,49.06482260521372
3772,0.7544,15.253938048625603,27.51522779315749,38.20537669692728,49.12736804408955
3773,0.7546,15.272077064017584,27.53415842359155,38.22516514227263,49.1441481962566
3774,0.7548,15.29020933665818,27.54277845905646,38.24482672975569,49.16461532168299
3775,0.755,15.308209457696396,27.546302782012685,38.24954953200477,49.17067480678417
3776,0.7552,15.32605161582403,27.548576192052398,38.265442183731906,49.17305152325174
3777,0.7554,15.343734139835323,27.549993676231715,38.269132987022324,49.17447878582859
3778,0.7556,15.3612596444598,27.551363945867756,38.28465649312675,49.19087819095108
3779,0.7558,15.378746911945479,27.552550838963022,38.288273803558425,49.196053955191424
3780,0.756,15.39618642138553,27.55386201198709,38.28920397460456,49.21375969361362
3781,0.7562,15.399742705393356,27.55507106720413,38.289808090988096,49.219254940521466
3782,0.7564,15.40038506129558,27.556159180693633,38.290299424474064,49.221616634389946
3783,0.7566,15.40038506129558,27.572770502855345,38.305588828995205,49.286528638346326
3784,0.7568,15.40038506129558,27.577849031534324,38.32450271620965,49.36865844945914
3785,0.757,15.40038506129558,27.583480149955047,38.32932216344562,49.39224035617958
3786,0.7572,15.40038506129558,27.590084563430537,38.330632553357596,49.418337560517095
3787,0.7574,15.40038506129558,27.593444331852695,38.34723038392752,49.44439397200625
3788,0.7576,15.413578460971538,27.595272251144564,38.36897816525818,49.47264039805962
3789,0.7578,15.429803559861902,27.612471394776485,38.39351422481098,49.49906311945685
3790,0.758,15.433598320090264,27.617834529206295,38.41985666918132,49.524454645469724
3791,0.7582,15.434097151505277,27.623412898298422,38.44375300086411,49.53316859267581
3792,0.7584,15.44752509281653,27.62987482567397,38.46626854518662,49.53753168399015
3793,0.7586,15.450060694624462,27.63324010525301,38.48818956032355,49.629571948889755
3794,0.7588,15.464587510983726,27.647190845115702,38.4946005711392,49.74456460202523
3795,0.759,15.467547580656415,27.66326791445213,38.576425804847204,49.77898929378853
3796,0.7592,15.467716389715923,27.67979261411856,38.672011885458325,49.79153675748809
3797,0.7594,15.468591202087639,27.684355041698673,38.69145153091424,49.88957327911246
3798,0.7596,15.483116227860284,27.6863242985502,38.69410922530897,49.92155851726104
3799,0.7598,15.483901092450683,27.703127875216815,38.708018783323446,49.93460164361945
3800,0.76,15.483901092450683,27.72391290980452,38.710285192291096,49.942273401938664
3801,0.7602,15.483901092450683,27.730095643348402,38.72448219089381,49.9665709611045
3802,0.7604,15.483901092450683,27.736061477996273,38.72556794762209,49.98323264935468
3803,0.7606,15.483901092450683,27.754466201037786,38.72556794762209,50.06796471851048
3804,0.7608,15.483901092450683,27.760345452730434,38.72556794762209,50.17218025811388
3805,0.761,15.496341652387954,27.76273354514876,38.72556794762209,50.213870421402845
3806,0.7612,15.51152620174865,27.76419332648722,38.73982897238597,50.2327203170306
3807,0.7614,15.52720971775638,27.7654354799922,38.7427382353458,50.24293672682447
3808,0.7616,15.542968049215434,27.770273038382847,38.7427382353458,50.320519677707125
3809,0.7618,15.545710725257647,27.773265005616775,38.7427382353458,50.41272028162938
3810,0.762,15.545710725257647,27.775185086415746,38.75728621377682,50.442293371982416
3811,0.7622,15.558101052071823,27.776939247616873,38.760631605054016,50.4725833841986
3812,0.7624,15.573143352804895,27.778470681871607,38.77616152771129,50.504245974890786
3813,0.7626,15.575722889747748,27.77987312897635,38.779709182441415,50.53709940567123
3814,0.7628,15.589265416919977,27.781225494395507,38.7951028413986,50.567787380174856
3815,0.763,15.60520087321795,27.78256355723051,38.7985183176689,50.60062859791198
3816,0.7632,15.607955281740646,27.783913646786246,38.8138923465642,50.6355339638606
3817,0.7634,15.607955281740646,27.785261389365576,38.817402149654114,50.656468181210386
3818,0.7636,15.62086437515092,27.786606070136987,38.83293815794116,50.740714870573576
3819,0.7638,15.636663607742847,27.787951753361074,38.836558202009485,50.83960496043403
3820,0.764,15.640047709204461,27.789301223510428,38.909634317880936,50.94010919580914
3821,0.7642,15.654404512695315,27.790655239379756,38.99599035215051,50.97039917201492
3822,0.7644,15.657690724283183,27.792014990373357,39.043171378270834,50.98126499602982
3823,0.7646,15.672199126408637,27.793381032093052,39.05476151520928,51.084312561064834
3824,0.7648,15.675026355053658,27.794754288570314,39.057275742734525,51.12315959296687
3825,0.765,15.675040265998378,27.796372116450716,39.057275742734525,51.22412454402904
3826,0.7652,15.688103818962958,27.79812256123535,39.057275742734525,51.25404380177168
3827,0.7654,15.704115246546454,27.799915221277796,39.07101703470983,51.34974060778112
3828,0.7656,15.705908727253071,27.801716284095193,39.073533690549766,51.3793008503763
3829,0.7658,15.705908727253071,27.803323681137616,39.08671840297841,51.39097086578742
3830,0.766,15.705908727253071,27.8048412165087,39.08977243680115,51.47121643405598
3831,0.7662,15.705908727253071,27.806347282944074,39.1023618296058,51.56604825653165
3832,0.7664,15.705908727253071,27.807872337615784,39.11220637955212,51.62093660385556
3833,0.7666,15.705908727253071,27.809423896985166,39.11806565885441,51.63705227155057
3834,0.7668,15.705908727253071,27.811002301200993,39.12263669575212,51.641025118114676
3835,0.767,15.705908727253071,27.81260692958006,39.127460898584886,51.641670589896805
3836,0.7672,15.718698235548466,27.814236632167987,39.13261025297538,51.641670589896805
3837,0.7674,15.73511078454021,27.82152461999555,39.13749898695017,51.641670589896805
3838,0.7676,15.736494736063603,27.829861728834437,39.141916916258815,51.641670589896805
3839,0.7678,15.736494736063603,27.838436715928523,39.14609385338422,51.641670589896805
3840,0.768,15.736494736063603,27.84706383925938,39.15015491215535,51.64775509564867
3841,0.7682,15.736494736063603,27.8556864723468,39.15391926412287,51.65398866799074
3842,0.7684,15.736494736063603,27.865068936854538,39.157348574005056,51.65814513333793
3843,0.7686,15.736494736063603,27.869508481689806,39.15814099130878,51.66105073896722
3844,0.7688,15.736494736063603,27.881646423998383,39.15830290849715,51.66364989508112
3845,0.769,15.73655557713076,27.890670206010963,39.1583153333355,51.666195048002464
3846,0.7692,15.7366775536676,27.904989967042063,39.16591003304648,51.668565483047004
3847,0.7694,15.736859282624264,27.920487765396018,39.171261958532874,51.66917052422339
3848,0.7696,15.737050520376325,27.93053692830615,39.17257796095414,51.669300849671515
3849,0.7698,15.737317079189843,27.944454564295576,39.172893125468114,51.669305640437486
3850,0.77,15.737625933727502,27.958957670723002,39.17484022097927,51.67388522770818
3851,0.7702,15.737856194564795,27.97394089747518,39.17653356501673,51.67691413055525
3852,0.7704,15.738485193132348,27.98380738144414,39.176932916635295,51.67764303222043
3853,0.7706,15.738485193132348,27.98955060467627,39.17701201071559,51.67796426193217
3854,0.7708,15.738485193132348,27.997980947223247,39.17702440286567,51.67833380715
3855,0.771,15.738485193132348,28.019574894829262,39.177815779131976,51.68241576841755
3856,0.7712,15.738485193132348,28.038943877778856,39.181963598346385,51.68342936602834
3857,0.7714,15.738485193132348,28.06063799586747,39.182997909470124,51.68368235986099
3858,0.7716,15.738485193132348,28.068095783702244,39.18325643294427,51.68374558859644
3859,0.7718,15.738485193132348,28.084078338415107,39.18332108800411,51.683761395928656
3860,0.772,15.738485193132348,28.104627243434745,39.183337260189184,51.68376534811383
3861,0.7722,15.738485193132348,28.127102072610807,39.18334130554437,51.68376633626741
3862,0.7724,15.738706452936892,28.13500625974347,39.18334231747295,51.68376658333373
3863,0.7726,15.73922140263222,28.140221034240177,39.18334257060328,51.68376664510733
3864,0.7728,15.739559613610375,28.145353447599433,39.18334263392295,51.683766660552486
3865,0.773,15.739559613610375,28.154736092161595,39.18334264976213,51.683766664414215
3866,0.7732,15.73974828600187,28.170385573916207,39.183342653724246,51.68376666537976
3867,0.7734,15.73974828600187,28.186828908225202,39.183342654715354,51.68376666562117
3868,0.7736,15.753573666997994,28.203111867716146,39.183342654963276,51.68376666568153
3869,0.7738,15.770592030225316,28.214731758984374,39.18334265502529,51.68376666569662
3870,0.774,15.774075515464242,28.229430863989908,39.1833426550408,51.6837666657004
3871,0.7742,15.774075515464242,28.245807825077332,39.18334265504468,51.68376666570134
3872,0.7744,15.774075515464242,28.2526016137544,39.18334265504566,51.683766665701576
3873,0.7746,15.774075515464242,28.256587949073197,39.1833426550459,51.68376666570163
3874,0.7748,15.774075515464242,28.25974232222825,39.18334265504596,51.68376666570165
3875,0.775,15.774075515464242,28.26265962361192,39.183342655045976,51.683766665701654
3876,0.7752,15.787205516911756,28.277642391474938,39.18334265504598,51.683766665701654
3877,0.7754,15.78804629354603,28.295079338801564,39.18334265504598,51.683766665701654
3878,0.7756,15.78804629354603,28.316611899854063,39.18334265504598,51.683766665701654
3879,0.7758,15.78804629354603,28.32382011813631,39.18334265504598,51.683766665701654
3880,0.776,15.78804629354603,28.331210234930147,39.18334265504598,51.683766665701654
3881,0.7762,15.78804629354603,28.33554265711391,39.18334265504598,51.683766665701654
3882,0.7764,15.78804629354603,28.33847834151058,39.18334265504598,51.683766665701654
3883,0.7766,15.78804629354603,28.35313332271236,39.18334265504598,51.683766665701654
3884,0.7768,15.78804629354603,28.37110219700985,39.18334265504598,51.683766665701654
3885,0.777,15.78804629354603,28.394212585185944,39.18334265504598,51.683766665701654
3886,0.7772,15.78804629354603,28.402690559429665,39.18334265504598,51.683766665701654
3887,0.7774,15.78804629354603,28.40688042239542,39.18334265504598,51.683766665701654
3888,0.7776,15.78804629354603,28.40981517204793,39.18334265504598,51.683766665701654
3889,0.7778,15.78804629354603,28.42424716752707,39.18334265504598,51.683766665701654
3890,0.778,15.78804629354603,28.44076181839106,39.18334265504598,51.683766665701654
3891,0.7782,15.788252255680602,28.457823510698912,39.18334265504598,51.683766665701654
3892,0.7784,15.802254902282481,28.474988939071128,39.18334265504598,51.683766665701654
3893,0.7786,15.805851783957037,28.492145522966602,39.18334265504598,51.683766665701654
3894,0.7788,15.80672474469991,28.50912309175085,39.18334265504598,51.683766665701654
3895,0.779,15.80672474469991,28.51421292158048,39.18334265504598,51.683766665701654
3896,0.7792,15.80672474469991,28.532224940177837,39.18334265504598,51.683766665701654
3897,0.7794,15.80672474469991,28.538483306164736,39.18334265504598,51.683766665701654
3898,0.7796,15.80672474469991,28.541590288637256,39.18334265504598,51.683766665701654
3899,0.7798,15.80672474469991,28.543764811701543,39.18334265504598,51.683766665701654
3900,0.78,15.80672474469991,28.5576967202409,39.18334265504598,51.683766665701654
3901,0.7802,15.820379403029849,28.565503011222088,39.18334265504598,51.683766665701654
3902,0.7804,15.837172990317933,28.584691756526485,39.18334265504598,51.683766665701654
3903,0.7806,15.85456418437123,28.606576688525106,39.18334265504598,51.683766665701654
3904,0.7808,15.87259479515155,28.613365234348223,39.18334265504598,51.683766665701654
3905,0.781,15.874706214575864,28.63203007905517,39.18334265504598,51.683766665701654
3906,0.7812,15.874706214575864,28.638152160904916,39.18334265504598,51.683766665701654
3907,0.7814,15.874706214575864,28.656120744811904,39.18334265504598,51.683766665701654
3908,0.7816,15.874706214575864,28.661965630926286,39.18334265504598,51.683766665701654
3909,0.7818,15.874706214575864,28.664689853279548,39.18334265504598,51.683766665701654
3910,0.782,15.874706214575864,28.666593774390115,39.18334265504598,51.683766665701654
3911,0.7822,15.874706214575864,28.66832343175471,39.18334265504598,51.683766665701654
3912,0.7824,15.874706214575864,28.670016561658052,39.18334265504598,51.683766665701654
3913,0.7826,15.87474180118854,28.6716512051858,39.18334265504598,51.683766665701654
3914,0.7828,15.875193085901316,28.673246843756903,39.18334265504598,51.683766665701654
3915,0.783,15.87634725295594,28.674822128963694,39.18334265504598,51.683766665701654
3916,0.7832,15.87634725295594,28.67638715641012,39.18334265504598,51.683766665701654
3917,0.7834,15.87634725295594,28.67816289647788,39.18334265504598,51.683766665701654
3918,0.7836,15.87634725295594,28.683841765252943,39.18334265504598,51.683766665701654
3919,0.7838,15.87634725295594,28.687263990117838,39.18334265504598,51.683766665701654
3920,0.784,15.87634725295594,28.704900235381206,39.18334265504598,51.683766665701654
3921,0.7842,15.87634725295594,28.710370316605122,39.18334265504598,51.683766665701654
3922,0.7844,15.87634725295594,28.712824672651383,39.18334265504598,51.683766665701654
3923,0.7846,15.87634725295594,28.71832224387569,39.18334265504598,51.683766665701654
3924,0.7848,15.87634725295594,28.72535444568046,39.18334265504598,51.683766665701654
3925,0.785,15.87634725295594,28.732595021433696,39.18334265504598,51.683766665701654
3926,0.7852,15.87634725295594,28.73640038163787,39.18334265504598,51.683766665701654
3927,0.7854,15.87634725295594,28.738918173493364,39.18334265504598,51.683766665701654
3928,0.7856,15.87634725295594,28.74115193742754,39.18334265504598,51.683766665701654
3929,0.7858,15.87634725295594,28.74301443305552,39.18334265504598,51.683766665701654
3930,0.786,15.87634725295594,28.748762129378083,39.18334265504598,51.683766665701654
3931,0.7862,15.87634725295594,28.767895596112503,39.18334265504598,51.683766665701654
3932,0.7864,15.87634725295594,28.789465273594573,39.18334265504598,51.683766665701654
3933,0.7866,15.87634725295594,28.79589591944257,39.18334265504598,51.683766665701654
3934,0.7868,15.87634725295594,28.80263291162212,39.18334265504598,51.683766665701654
3935,0.787,15.87634725295594,28.80620894458982,39.18334265504598,51.683766665701654
3936,0.7872,15.87634725295594,28.82058922492161,39.18334265504598,51.683766665701654
3937,0.7874,15.87634725295594,28.83696958103588,39.18334265504598,51.683766665701654
3938,0.7876,15.87634725295594,28.857261019721427,39.18334265504598,51.683766665701654
3939,0.7878,15.87634725295594,28.863522247906022,39.18334265504598,51.683766665701654
3940,0.788,15.876413069165926,28.866204803287516,39.18334265504598,51.683766665701654
3941,0.7882,15.876413069165926,28.868021064245205,39.18334265504598,51.683766665701654
3942,0.7884,15.890194401955133,28.87008027896484,39.18334265504598,51.683766665701654
3943,0.7886,15.907725024016315,28.884104836239196,39.18334265504598,51.683766665701654
3944,0.7888,15.917013649438449,28.90363188742754,39.18334265504598,51.683766665701654
3945,0.789,15.917013649438449,28.925141260995037,39.18334265504598,51.683766665701654
3946,0.7892,15.917013649438449,28.93176874948221,39.18334265504598,51.683766665701654
3947,0.7894,15.917013649438449,28.934611279124066,39.18334265504598,51.683766665701654
3948,0.7896,15.917013649438449,28.93652304184502,39.18334265504598,51.683766665701654
3949,0.7898,15.917013649438449,28.938241661622868,39.18334265504598,51.683766665701654
3950,0.79,15.917013649438449,28.95559421802427,39.18334265504598,51.683766665701654
3951,0.7902,15.917013649438449,28.961365013686855,39.18334265504598,51.683766665701654
3952,0.7904,15.917013649438449,28.964566114267985,39.18334265504598,51.683766665701654
3953,0.7906,15.917013649438449,28.978878211914683,39.18334265504598,51.683766665701654
3954,0.7908,15.917013649438449,28.998855094507977,39.18334265504598,51.683766665701654
3955,0.791,15.917013649438449,29.020441058599527,39.18334265504598,51.683766665701654
3956,0.7912,15.917013649438449,29.02723496128149,39.18334265504598,51.683766665701654
3957,0.7914,15.917013649438449,29.030174187511754,39.18334265504598,51.683766665701654
3958,0.7916,15.917013649438449,29.03208940928165,39.18334265504598,51.683766665701654
3959,0.7918,15.917013649438449,29.033993969708682,39.18334265504598,51.683766665701654
3960,0.792,15.917013649438449,29.047508208118415,39.18334265504598,51.683766665701654
3961,0.7922,15.917013649438449,29.06306469889986,39.18334265504598,51.683766665701654
3962,0.7924,15.917013649438449,29.078950688623554,39.18334265504598,51.683766665701654
3963,0.7926,15.917013649438449,29.094857091861293,39.18334265504598,51.683766665701654
3964,0.7928,15.917013649438449,29.11072185155563,39.18334265504598,51.683766665701654
3965,0.793,15.917074185340157,29.11557129791893,39.18334265504598,51.683766665701654
3966,0.7932,15.91746512632912,29.129856209520767,39.18334265504598,51.683766665701654
3967,0.7934,15.918191979293868,29.145933506999526,39.18334265504598,51.683766665701654
3968,0.7936,15.918253516074488,29.15074351824808,39.18334265504598,51.683766665701654
3969,0.7938,15.9186308728598,29.153160384096456,39.18334265504598,51.683766665701654
3970,0.794,15.919120857327727,29.166717175054913,39.18334265504598,51.683766665701654
3971,0.7942,15.919120857327727,29.17099208008655,39.18334265504598,51.683766665701654
3972,0.7944,15.919120857327727,29.185084392903608,39.18334265504598,51.683766665701654
3973,0.7946,15.932809000910076,29.200782987192706,39.18334265504598,51.683766665701654
3974,0.7948,15.950392721571305,29.22057472489918,39.18334265504598,51.683766665701654
3975,0.795,15.953706644656142,29.226690632418393,39.18334265504598,51.683766665701654
3976,0.7952,15.953706644656142,29.229491327685977,39.18334265504598,51.683766665701654
3977,0.7954,15.953706644656142,29.23484344558804,39.18334265504598,51.683766665701654
3978,0.7956,15.953706644656142,29.253328605653767,39.18334265504598,51.683766665701654
3979,0.7958,15.953706644656142,29.271154887900227,39.18334265504598,51.683766665701654
3980,0.796,15.967138670090597,29.291415352118143,39.18334265504598,51.683766665701654
3981,0.7962,15.98385782315475,29.309078637319686,39.18334265504598,51.683766665701654
3982,0.7964,16.00198488719999,29.32864964697396,39.18334265504598,51.683766665701654
3983,0.7966,16.00306549696554,29.334372878950767,39.18334265504598,51.683766665701654
3984,0.7968,16.00306549696554,29.34855958513798,39.18334265504598,51.683766665701654
3985,0.797,16.00306549696554,29.367786826285865,39.18334265504598,51.683766665701654
3986,0.7972,16.00306549696554,29.373521349560267,39.18334265504598,51.683766665701654
3987,0.7974,16.00306549696554,29.375935237538144,39.18334265504598,51.683766665701654
3988,0.7976,16.00306549696554,29.381583302722877,39.18334265504598,51.683766665701654
3989,0.7978,16.00306549696554,29.384706316917175,39.18334265504598,51.683766665701654
3990,0.798,16.00306549696554,29.38699236110022,39.18334265504598,51.683766665701654
3991,0.7982,16.00306549696554,29.389048996822755,39.18334265504598,51.683766665701654
3992,0.7984,16.00306549696554,29.39129976116467,39.18334265504598,51.683766665701654
3993,0.7986,16.015947293408512,29.393662054260602,39.18334265504598,51.683766665701654
3994,0.7988,16.03243422637474,29.395785069592506,39.18334265504598,51.683766665701654
3995,0.799,16.035976717219494,29.401567765431338,39.18334265504598,51.683766665701654
3996,0.7992,16.036481634589403,29.408820849058838,39.18334265504598,51.683766665701654
3997,0.7994,16.036481634589403,29.416519181492593,39.18334265504598,51.683766665701654
3998,0.7996,16.0511052316796,29.424128325806148,39.18334265504598,51.683766665701654
3999,0.7998,16.05456231925072,29.427869534303113,39.18334265504598,51.683766665701654
4000,0.8,16.05590122253786,29.429905740383802,39.18334265504598,51.683766665701654
4001,0.8002,16.070319575864147,29.431394080101498,39.18334265504598,51.683766665701654
4002,0.8004,16.088443253041405,29.433257922430627,39.18334265504598,51.683766665701654
4003,0.8006,16.092755409774686,29.43526775053001,39.18334265504598,51.683766665701654
4004,0.8008,16.09432837176589,29.440891476687064,39.18334265504598,51.683766665701654
4005,0.801,16.108191597195916,29.455311572108624,39.18334265504598,51.683766665701654
4006,0.8012,16.124576975568164,29.459165944416963,39.18334265504598,51.683766665701654
4007,0.8014,16.128022657156883,29.460853925281143,39.18334265504598,51.683766665701654
4008,0.8016,16.129076860763035,29.46594585801091,39.18334265504598,51.683766665701654
4009,0.8018,16.129076860763035,29.47252957095099,39.18334265504598,51.683766665701654
4010,0.802,16.129076860763035,29.475863599306074,39.18334265504598,51.683766665701654
4011,0.8022,16.129076860763035,29.4815705708259,39.18334265504598,51.683766665701654
4012,0.8024,16.142891389927943,29.50038338561594,39.18334265504598,51.683766665701654
4013,0.8026,16.15991090927491,29.506279216811677,39.18334265504598,51.683766665701654
4014,0.8028,16.17697787992462,29.513063957324675,39.18334265504598,51.683766665701654
4015,0.803,16.195181824859123,29.532575460094712,39.18334265504598,51.683766665701654
4016,0.8032,16.1992498838005,29.550734943280425,39.18334265504598,51.683766665701654
4017,0.8034,16.199907467317882,29.556243869743586,39.18334265504598,51.683766665701654
4018,0.8036,16.214467772001342,29.5633643762719,39.18334265504598,51.683766665701654
4019,0.8038,16.21771516210752,29.571735679464403,39.18334265504598,51.683766665701654
4020,0.804,16.218934586780442,29.59135966269523,39.18334265504598,51.683766665701654
4021,0.8042,16.219057928951635,29.613522777858062,39.18334265504598,51.683766665701654
4022,0.8044,16.219057928951635,29.621440220743736,39.18334265504598,51.683766665701654
4023,0.8046,16.233048239915615,29.6370161787134,39.18334265504598,51.683766665701654
4024,0.8048,16.250912659435446,29.653803879856643,39.18334265504598,51.683766665701654
4025,0.805,16.25502329201628,29.678557681523667,39.18334265504598,51.683766665701654
4026,0.8052,16.25651251197663,29.706618780866176,39.18334265504598,51.683766665701654
4027,0.8054,16.256885634801677,29.736329835195093,39.18334265504598,51.683766665701654
4028,0.8056,16.25763151740277,29.766642973609017,39.18334265504598,51.683766665701654
4029,0.8058,16.258658565366815,29.78878252836583,39.18334265504598,51.683766665701654
4030,0.806,16.25915085887485,29.81131726888203,39.18334265504598,51.683766665701654
4031,0.8062,16.25935489741205,29.834168951416512,39.18334265504598,51.683766665701654
4032,0.8064,16.259448390088092,29.857304110784284,39.18334265504598,51.683766665701654
4033,0.8066,16.260240266360206,29.8663442914991,39.18334265504598,51.683766665701654
4034,0.8068,16.275107436201356,29.88845253846409,39.18334265504598,51.683766665701654
4035,0.807,16.292373924027945,29.9064408494033,39.18334265504598,51.683766665701654
4036,0.8072,16.311256699071155,29.917672936117132,39.18334265504598,51.683766665701654
4037,0.8074,16.31581557206977,29.938615046255336,39.18334265504598,51.683766665701654
4038,0.8076,16.316354484481067,29.945961108937468,39.18334265504598,51.683766665701654
4039,0.8078,16.316354484481067,29.965191502198227,39.18334265504598,51.683766665701654
4040,0.808,16.316354484481067,29.972932071700562,39.18334265504598,51.683766665701654
4041,0.8082,16.316354484481067,29.98674971789275,39.18334265504598,51.683766665701654
4042,0.8084,16.316354484481067,30.003586204987542,39.18334265504598,51.683766665701654
4043,0.8086,16.316354484481067,30.009693153830515,39.18334265504598,51.683766665701654
4044,0.8088,16.316354484481067,30.025135096952116,39.18334265504598,51.683766665701654
4045,0.809,16.316354484481067,30.04635554590673,39.18334265504598,51.683766665701654
4046,0.8092,16.316354484481067,30.065359529758783,39.18334265504598,51.683766665701654
4047,0.8094,16.316354484481067,30.090831168710363,39.18334265504598,51.683766665701654
4048,0.8096,16.316354484481067,30.106955477510745,39.18334265504598,51.683766665701654
4049,0.8098,16.316354484481067,30.113805644483932,39.18334265504598,51.683766665701654
4050,0.81,16.316354484481067,30.1332515226524,39.18334265504598,51.683766665701654
4051,0.8102,16.316354484481067,30.15583142082421,39.18334265504598,51.683766665701654
4052,0.8104,16.316387068565653,30.179163641221166,39.18334265504598,51.683766665701654
4053,0.8106,16.31646296742353,30.201494993589204,39.18334265504598,51.683766665701654
4054,0.8108,16.316559171325334,30.208723003617166,39.18334265504598,51.683766665701654
4055,0.811,16.317609341522278,30.223532332525895,39.18334265504598,51.683766665701654
4056,0.8112,16.318893145837784,30.231654426717807,39.18334265504598,51.683766665701654
4057,0.8114,16.320261843796175,30.250936043733855,39.18334265504598,51.683766665701654
4058,0.8116,16.321684331349825,30.25713683410041,39.18334265504598,51.683766665701654
4059,0.8118,16.323153681963138,30.259884034950442,39.18334265504598,51.683766665701654
4060,0.812,16.32478478134838,30.265928995705075,39.18334265504598,51.683766665701654
4061,0.8122,16.325485366415265,30.269853626173354,39.18334265504598,51.683766665701654
4062,0.8124,16.326025466820017,30.28399494990978,39.18334265504598,51.683766665701654
4063,0.8126,16.32763502164827,30.30326998685814,39.18334265504598,51.683766665701654
4064,0.8128,16.329527490371035,30.309366402089797,39.18334265504598,51.683766665701654
4065,0.813,16.331332504645168,30.317031099396775,39.18334265504598,51.683766665701654
4066,0.8132,16.333301568823064,30.326458346350368,39.18334265504598,51.683766665701654
4067,0.8134,16.334485231997746,30.34717051812114,39.18334265504598,51.683766665701654
4068,0.8136,16.335702121236555,30.35473880887957,39.18334265504598,51.683766665701654
4069,0.8138,16.336556341196495,30.359016475619608,39.18334265504598,51.683766665701654
4070,0.814,16.337229836029117,30.36469944109818,39.18334265504598,51.683766665701654
4071,0.8142,16.338641151176848,30.38786120473538,39.18334265504598,51.683766665701654
4072,0.8144,16.35380134248579,30.40390054635272,39.18334265504598,51.683766665701654
4073,0.8146,16.373199076255155,30.430217053045403,39.18334265504598,51.683766665701654
4074,0.8148,16.378442352665456,30.456546642988595,39.18334265504598,51.683766665701654
4075,0.815,16.380576379688375,30.470664607174484,39.18334265504598,51.683766665701654
4076,0.8152,16.3816305197559,30.493179343037504,39.18334265504598,51.683766665701654
4077,0.8154,16.397703187673955,30.51857209914456,39.18334265504598,51.683766665701654
4078,0.8156,16.402181283764122,30.544215285976737,39.18334265504598,51.683766665701654
4079,0.8158,16.418522587427912,30.569198678487943,39.18334265504598,51.683766665701654
4080,0.816,16.423376259279745,30.585336297822284,39.18334265504598,51.683766665701654
4081,0.8162,16.439588287487055,30.604008444668263,39.18334265504598,51.683766665701654
4082,0.8164,16.458379852059856,30.609815401355398,39.18334265504598,51.683766665701654
4083,0.8166,16.463690042019213,30.613296533267736,39.18334265504598,51.683766665701654
4084,0.8168,16.48061944193461,30.620721651725567,39.18334265504598,51.683766665701654
4085,0.817,16.48520588633345,30.643772361604775,39.18334265504598,51.683766665701654
4086,0.8172,16.50192682698486,30.669383069151017,39.18334265504598,51.683766665701654
4087,0.8174,16.506434202782994,30.680617493722547,39.18334265504598,51.683766665701654
4088,0.8176,16.52251809344453,30.698169631243008,39.18334265504598,51.683766665701654
4089,0.8178,16.541842151102813,30.72805849169557,39.18334265504598,51.683766665701654
4090,0.818,16.546898137896104,30.73859475675278,39.18334265504598,51.683766665701654
4091,0.8182,16.56278176395979,30.758840429595057,39.18334265504598,51.683766665701654
4092,0.8184,16.566804292886232,30.765807634880037,39.18334265504598,51.683766665701654
4093,0.8186,16.567982994246453,30.76987081956018,39.18334265504598,51.683766665701654
4094,0.8188,16.582523512653037,30.772952888442557,39.18334265504598,51.683766665701654
4095,0.819,16.60004952354925,30.79000659581245,39.18334265504598,51.683766665701654
4096,0.8192,16.618049605070667,30.815453332201287,39.18334265504598,51.683766665701654
4097,0.8194,16.63600135129917,30.82857167170876,39.18334265504598,51.683766665701654
4098,0.8196,16.65381444152861,30.850812962472563,39.18334265504598,51.683766665701654
4099,0.8198,16.657908559164554,30.872486398333173,39.18334265504598,51.683766665701654
4100,0.82,16.659024222243044,30.90613913505335,39.18334265504598,51.683766665701654
4101,0.8202,16.660582346267976,30.929111930917756,39.18334265504598,51.683766665701654
4102,0.8204,16.662075812809277,30.955421251865456,39.18334265504598,51.683766665701654
4103,0.8206,16.66435639253153,30.98317511537513,39.18334265504598,51.683766665701654
4104,0.8208,16.666909289623696,31.009103921444396,39.18334265504598,51.683766665701654
4105,0.821,16.668940445050925,31.022403318466537,39.18334265504598,51.683766665701654
4106,0.8212,16.671072063585843,31.033477545412683,39.18334265504598,51.683766665701654
4107,0.8214,16.687221369422538,31.039406511773493,39.18334265504598,51.683766665701654
4108,0.8216,16.70656386795016,31.054220857762093,39.18334265504598,51.683766665701654
4109,0.8218,16.711544217098062,31.080439937193983,39.18334265504598,51.683766665701654
4110,0.822,16.713044711178753,31.090615986508336,39.18334265504598,51.683766665701654
4111,0.8222,16.71370908670771,31.12006210110425,39.18334265504598,51.683766665701654
4112,0.8224,16.714215698502674,31.13064203854887,39.18334265504598,51.683766665701654
4113,0.8226,16.72871425292373,31.139057255781456,39.18334265504598,51.683766665701654
4114,0.8228,16.74630272528518,31.158105874366775,39.18334265504598,51.683766665701654
4115,0.823,16.764441450638817,31.186876256541833,39.18334265504598,51.683766665701654
4116,0.8232,16.782549588132238,31.195569719590097,39.18334265504598,51.683766665701654
4117,0.8234,16.80050003639329,31.2258458682689,39.18334265504598,51.683766665701654
4118,0.8236,16.818211906648912,31.25210382652574,39.18334265504598,51.683766665701654
4119,0.8238,16.835707566033907,31.27511143607796,39.18334265504598,51.683766665701654
4120,0.824,16.852992225440364,31.305073990875318,39.18334265504598,51.683766665701654
4121,0.8242,16.86993203936175,31.313803864018027,39.18334265504598,51.683766665701654
4122,0.8244,16.87332553129463,31.32298197658221,39.18334265504598,51.683766665701654
4123,0.8246,16.87365034973176,31.329406637209356,39.18334265504598,51.683766665701654
4124,0.8248,16.87365034973176,31.33418755394691,39.18334265504598,51.683766665701654
4125,0.825,16.87365034973176,31.349139115853944,39.18334265504598,51.683766665701654
4126,0.8252,16.87365034973176,31.365848785292776,39.18334265504598,51.683766665701654
4127,0.8254,16.87404525225393,31.387387820624475,39.18334265504598,51.683766665701654
4128,0.8256,16.87404525225393,31.4105516716067,39.18334265504598,51.683766665701654
4129,0.8258,16.874627624320183,31.429875500576102,39.18334265504598,51.683766665701654
4130,0.826,16.874627624320183,31.447665558742482,39.18334265504598,51.683766665701654
4131,0.8262,16.87537890920951,31.45366183666668,39.18334265504598,51.683766665701654
4132,0.8264,16.876411187802912,31.470351083677773,39.18334265504598,51.683766665701654
4133,0.8266,16.87759604675077,31.476217866252853,39.18334265504598,51.683766665701654
4134,0.8268,16.87760849744005,31.49356701931203,39.18334265504598,51.683766665701654
4135,0.827,16.878629710993472,31.52560495481803,39.18334265504598,51.683766665701654
4136,0.8272,16.87863342968349,31.537992269845972,39.18334265504598,51.683766665701654
4137,0.8274,16.879608251381562,31.555932984588278,39.18334265504598,51.683766665701654
4138,0.8276,16.88077453415077,31.587523256149044,39.18334265504598,51.683766665701654
4139,0.8278,16.88200701388629,31.59885376627159,39.18334265504598,51.683766665701654
4140,0.828,16.883287879154594,31.627585813090693,39.18334265504598,51.683766665701654
4141,0.8282,16.884585423643923,31.636873357380768,39.18334265504598,51.683766665701654
4142,0.8284,16.88588654071236,31.656787149997605,39.18334265504598,51.683766665701654
4143,0.8286,16.887217180037705,31.680455420949286,39.18334265504598,51.683766665701654
4144,0.8288,16.88858940351507,31.712403106561254,39.18334265504598,51.683766665701654
4145,0.829,16.89000792533576,31.723474835394775,39.18334265504598,51.683766665701654
4146,0.8292,16.891474615293657,31.72968230000965,39.18334265504598,51.683766665701654
4147,0.8294,16.89298976885234,31.73496660473493,39.18334265504598,51.683766665701654
4148,0.8296,16.894553388050348,31.764377963393397,39.18334265504598,51.683766665701654
4149,0.8298,16.896164118780177,31.7986160882349,39.18334265504598,51.683766665701654
4150,0.83,16.89782109794593,31.833846234762355,39.18334265504598,51.683766665701654
4151,0.8302,16.899527504803213,31.86900588601378,39.18334265504598,51.683766665701654
4152,0.8304,16.901283456765075,31.90350073964936,39.18334265504598,51.683766665701654
4153,0.8306,16.90347062862785,31.937384718537636,39.18334265504598,51.683766665701654
4154,0.8308,16.90554304268913,31.97096166457222,39.18334265504598,51.683766665701654
4155,0.831,16.907915249849438,32.00439551027959,39.18334265504598,51.683766665701654
4156,0.8312,16.910077261827436,32.03756343204735,39.18334265504598,51.683766665701654
4157,0.8314,16.912133927620285,32.070482421501104,39.18334265504598,51.683766665701654
4158,0.8316,16.914580521001515,32.09001712173557,39.18334265504598,51.683766665701654
4159,0.8318,16.916883554428615,32.12143439444194,39.18334265504598,51.683766665701654
4160,0.832,16.91909052006547,32.1413507424183,39.18334265504598,51.683766665701654
4161,0.8322,16.91982776375673,32.159502113199444,39.18334265504598,51.683766665701654
4162,0.8324,16.9217448199898,32.181926515286136,39.18334265504598,51.683766665701654
4163,0.8326,16.922571799559318,32.20731381556708,39.18334265504598,51.683766665701654
4164,0.8328,16.92317789696277,32.23370964006207,39.18334265504598,51.683766665701654
4165,0.833,16.923748499852923,32.258860059218954,39.18334265504598,51.683766665701654
4166,0.8332,16.924249466715793,32.28553021687704,39.18334265504598,51.683766665701654
4167,0.8334,16.92458922050447,32.29642215852906,39.18334265504598,51.683766665701654
4168,0.8336,16.924948309958427,32.304062796942596,39.18334265504598,51.683766665701654
4169,0.8338,16.92524468348226,32.33453557070015,39.18334265504598,51.683766665701654
4170,0.834,16.925508667055972,32.368385572960634,39.18334265504598,51.683766665701654
4171,0.8342,16.9258946820205,32.40241625468321,39.18334265504598,51.683766665701654
4172,0.8344,16.92775183429725,32.43616369381963,39.18334265504598,51.683766665701654
4173,0.8346,16.93002491656786,32.472816153935234,39.18334265504598,51.683766665701654
4174,0.8348,16.930857110839426,32.48345384105422,39.18334265504598,51.683766665701654
4175,0.835,16.945408562665648,32.486869020322814,39.18334265504598,51.683766665701654
4176,0.8352,16.949126591111682,32.500868077735554,39.18334265504598,51.683766665701654
4177,0.8354,16.951748811988345,32.52085288274838,39.18334265504598,51.683766665701654
4178,0.8356,16.952474289266828,32.52898201059761,39.18334265504598,51.683766665701654
4179,0.8358,16.954353325862876,32.532086023504874,39.18334265504598,51.683766665701654
4180,0.836,16.955119963349745,32.53430378670926,39.18334265504598,51.683766665701654
4181,0.8362,16.955449335101388,32.53629700488856,39.18334265504598,51.683766665701654
4182,0.8364,16.95605032385898,32.56751024244706,39.18334265504598,51.683766665701654
4183,0.8366,16.95825059047523,32.57795578062212,39.18334265504598,51.683766665701654
4184,0.8368,16.961526800419694,32.60671848082482,39.18334265504598,51.683766665701654
4185,0.837,16.964833575869545,32.64226405403192,39.18334265504598,51.683766665701654
4186,0.8372,16.9674279720453,32.6521252326462,39.18334265504598,51.683766665701654
4187,0.8374,16.96975606723671,32.65499435938854,39.18334265504598,51.683766665701654
4188,0.8376,16.972000466396963,32.65724636056253,39.18334265504598,51.683766665701654
4189,0.8378,16.974905017494155,32.658902077369824,39.18334265504598,51.683766665701654
4190,0.838,16.978169955234677,32.65994276660714,39.18334265504598,51.683766665701654
4191,0.8382,16.979439601884774,32.660669366967376,39.18334265504598,51.683766665701654
4192,0.8384,16.980271314262506,32.66284870552946,39.18334265504598,51.683766665701654
4193,0.8386,16.98091530597635,32.66867697578308,39.18334265504598,51.683766665701654
4194,0.8388,16.98134579333525,32.67720309839808,39.18334265504598,51.683766665701654
4195,0.839,16.98168148841374,32.68257535549272,39.18334265504598,51.683766665701654
4196,0.8392,16.983694215562625,32.684879349713796,39.18334265504598,51.683766665701654
4197,0.8394,16.98440641878,32.69080580975797,39.18334265504598,51.683766665701654
4198,0.8396,16.98478084568904,32.69818038885343,39.18334265504598,51.683766665701654
4199,0.8398,16.986686122753152,32.70606990871653,39.18334265504598,51.683766665701654
4200,0.84,16.989050495371494,32.726487963302205,39.18334265504598,51.683766665701654
4201,0.8402,16.98982050544972,32.748191072385346,39.18334265504598,51.683766665701654
4202,0.8404,16.990185372435338,32.769277370696784,39.18334265504598,51.683766665701654
4203,0.8406,16.990445658908968,32.774732515040824,39.18334265504598,51.683766665701654
4204,0.8408,16.99214101103461,32.78118900356182,39.18334265504598,51.683766665701654
4205,0.841,16.994395879748513,32.78395150022611,39.18334265504598,51.683766665701654
4206,0.8412,16.99509938895847,32.78513474142353,39.18334265504598,51.683766665701654
4207,0.8414,16.995422409151185,32.786236992667696,39.18334265504598,51.683766665701654
4208,0.8416,16.995663251592624,32.80598345689559,39.18334265504598,51.683766665701654
4209,0.8418,16.998203119002874,32.82937238080452,39.18334265504598,51.683766665701654
4210,0.842,17.0015176989308,32.84828256707108,39.18334265504598,51.683766665701654
4211,0.8422,17.005132604091955,32.856075118178694,39.18334265504598,51.683766665701654
4212,0.8424,17.007235330541445,32.87420407118541,39.18334265504598,51.683766665701654
4213,0.8426,17.023125939138094,32.87883152110656,39.18334265504598,51.683766665701654
4214,0.8428,17.028213920325648,32.879974820431755,39.18334265504598,51.683766665701654
4215,0.843,17.03084126566834,32.88027563813226,39.18334265504598,51.683766665701654
4216,0.8432,17.032551186486092,32.89638280416187,39.18334265504598,51.683766665701654
4217,0.8434,17.04908464538124,32.90064515917684,39.18334265504598,51.683766665701654
4218,0.8436,17.053886560283313,32.901847331705476,39.18334265504598,51.683766665701654
4219,0.8438,17.07113801008448,32.93502070914064,39.18334265504598,51.683766665701654
4220,0.844,17.076431744730577,32.97838307504561,39.18334265504598,51.683766665701654
4221,0.8442,17.07920834861921,32.99214454367557,39.18334265504598,51.683766665701654
4222,0.8444,17.08107986199138,32.996994604346824,39.18334265504598,51.683766665701654
4223,0.8446,17.082706844699864,33.00375212796796,39.18334265504598,51.683766665701654
4224,0.8448,17.084324892379634,33.01046630883074,39.18334265504598,51.683766665701654
4225,0.845,17.10123278084669,33.01449548606773,39.18334265504598,51.683766665701654
4226,0.8452,17.12193634458163,33.01707419299076,39.18334265504598,51.683766665701654
4227,0.8454,17.12788881487999,33.01914468843819,39.18334265504598,51.683766665701654
4228,0.8456,17.130807063251588,33.02127909747797,39.18334265504598,51.683766665701654
4229,0.8458,17.132393095401554,33.02386073148835,39.18334265504598,51.683766665701654
4230,0.846,17.133491284065336,33.02678199979222,39.18334265504598,51.683766665701654
4231,0.8462,17.149188786783547,33.029875937774996,39.18334265504598,51.683766665701654
4232,0.8464,17.169125266423432,33.03412131140354,39.18334265504598,51.683766665701654
4233,0.8466,17.17473501314132,33.0375153959703,39.18334265504598,51.683766665701654
4234,0.8468,17.192205500892513,33.04021405917318,39.18334265504598,51.683766665701654
4235,0.847,17.197183182448054,33.04268181125919,39.18334265504598,51.683766665701654
4236,0.8472,17.19936062920787,33.06048370594237,39.18334265504598,51.683766665701654
4237,0.8474,17.21596480406565,33.08029193237824,39.18334265504598,51.683766665701654
4238,0.8476,17.2207088609124,33.11512012563001,39.18334265504598,51.683766665701654
4239,0.8478,17.237500286884273,33.15790479710782,39.18334265504598,51.683766665701654
4240,0.848,17.242212291124698,33.20397210960491,39.18334265504598,51.683766665701654
4241,0.8482,17.258983573411427,33.21842075605272,39.18334265504598,51.683766665701654
4242,0.8484,17.263641656586223,33.22374277421852,39.18334265504598,51.683766665701654
4243,0.8486,17.26524219488703,33.226470148809334,39.18334265504598,51.683766665701654
4244,0.8488,17.26609322837759,33.22852107905621,39.18334265504598,51.683766665701654
4245,0.849,17.26680668757412,33.23050944139407,39.18334265504598,51.683766665701654
4246,0.8492,17.267493122020028,33.23277152693208,39.18334265504598,51.683766665701654
4247,0.8494,17.28334396465078,33.25111540586941,39.18334265504598,51.683766665701654
4248,0.8496,17.303293301397456,33.27136460323599,39.18334265504598,51.683766665701654
4249,0.8498,17.30885480048103,33.31132467846964,39.18334265504598,51.683766665701654
4250,0.85,17.3261635099976,33.32330670607522,39.18334265504598,51.683766665701654
4251,0.8502,17.33103108668589,33.332338391289476,39.18334265504598,51.683766665701654
4252,0.8504,17.334371178483263,33.37113063013952,39.18334265504598,51.683766665701654
4253,0.8506,17.337367477735278,33.416884293210266,39.18334265504598,51.683766665701654
4254,0.8508,17.34110797866679,33.4312898566488,39.18334265504598,51.683766665701654
4255,0.851,17.344476221748906,33.45192091363467,39.18334265504598,51.683766665701654
4256,0.8512,17.34782200052518,33.47662166275595,39.18334265504598,51.683766665701654
4257,0.8514,17.351228198021253,33.48475293440315,39.18334265504598,51.683766665701654
4258,0.8516,17.354689452848298,33.510862190937196,39.18334265504598,51.683766665701654
4259,0.8518,17.356254023562276,33.54347319201801,39.18334265504598,51.683766665701654
4260,0.852,17.35734330680978,33.55874557385554,39.18334265504598,51.683766665701654
4261,0.8522,17.359057953780937,33.56690532531321,39.18334265504598,51.683766665701654
4262,0.8524,17.375367618955785,33.60522129225494,39.18334265504598,51.683766665701654
4263,0.8526,17.38044012000456,33.63390102748764,39.18334265504598,51.683766665701654
4264,0.8528,17.383496865564343,33.658398329494766,39.18334265504598,51.683766665701654
4265,0.853,17.38534274481603,33.66696220759947,39.18334265504598,51.683766665701654
4266,0.8532,17.402194334865154,33.677230153984475,39.18334265504598,51.683766665701654
4267,0.8534,17.407328187932514,33.72027977475061,39.18334265504598,51.683766665701654
4268,0.8536,17.409417793717996,33.77133050522327,39.18334265504598,51.683766665701654
4269,0.8538,17.41143475246988,33.789464196887,39.18334265504598,51.683766665701654
4270,0.854,17.41313939048038,33.797594246216505,39.18334265504598,51.683766665701654
4271,0.8542,17.414735187685988,33.80932286248739,39.18334265504598,51.683766665701654
4272,0.8544,17.416070159526242,33.85808729353694,39.18334265504598,51.683766665701654
4273,0.8546,17.417258295066162,33.87656088871373,39.18334265504598,51.683766665701654
4274,0.8548,17.418379125339335,33.88456739911966,39.18334265504598,51.683766665701654
4275,0.855,17.420211972214815,33.89481919418261,39.18334265504598,51.683766665701654
4276,0.8552,17.436509592076302,33.9253447220081,39.18334265504598,51.683766665701654
4277,0.8554,17.456284742228718,33.94101285329725,39.18334265504598,51.683766665701654
4278,0.8556,17.476663891462,33.94846185031195,39.18334265504598,51.683766665701654
4279,0.8558,17.496776562880445,33.95408620360935,39.18334265504598,51.683766665701654
4280,0.856,17.502347651611682,33.959912528894804,39.18334265504598,51.683766665701654
4281,0.8562,17.519710170552756,33.966245346947794,39.18334265504598,51.683766665701654
4282,0.8564,17.525624815850495,33.995267513973154,39.18334265504598,51.683766665701654
4283,0.8566,17.543373074688493,34.03384511828208,39.18334265504598,51.683766665701654
4284,0.8568,17.548727226316185,34.074428693408265,39.18334265504598,51.683766665701654
4285,0.857,17.566184880791045,34.109723774930586,39.18334265504598,51.683766665701654
4286,0.8572,17.571941361356828,34.13829299477619,39.18334265504598,51.683766665701654
4287,0.8574,17.589582772846352,34.165060123202856,39.18334265504598,51.683766665701654
4288,0.8576,17.594662678255425,34.19163245671382,39.18334265504598,51.683766665701654
4289,0.8578,17.596752144160217,34.21824727570743,39.18334265504598,51.683766665701654
4290,0.858,17.613056621721356,34.24491169883263,39.18334265504598,51.683766665701654
4291,0.8582,17.618470345877014,34.27861815734851,39.18334265504598,51.683766665701654
4292,0.8584,17.635995755009834,34.31025095940565,39.18334265504598,51.683766665701654
4293,0.8586,17.640997269978918,34.3199067558464,39.18334265504598,51.683766665701654
4294,0.8588,17.644446010441566,34.323908869606484,39.18334265504598,51.683766665701654
4295,0.859,17.647604350089985,34.32725097143016,39.18334265504598,51.683766665701654
4296,0.8592,17.65099588944959,34.33092936732666,39.18334265504598,51.683766665701654
4297,0.8594,17.654557534064764,34.334866827129,39.18334265504598,51.683766665701654
4298,0.8596,17.658244230895626,34.338760654807125,39.18334265504598,51.683766665701654
4299,0.8598,17.662035544635703,34.34277122107543,39.18334265504598,51.683766665701654
4300,0.86,17.6658909940378,34.34698810172826,39.18334265504598,51.683766665701654
4301,0.8602,17.66952154934907,34.351058191831754,39.18334265504598,51.683766665701654
4302,0.8604,17.673327038294577,34.35514138356447,39.18334265504598,51.683766665701654
4303,0.8606,17.677248439913036,34.35913100117834,39.18334265504598,51.683766665701654
4304,0.8608,17.680714992345678,34.36340810018277,39.18334265504598,51.683766665701654
4305,0.861,17.682276055668584,34.36796577996223,39.18334265504598,51.683766665701654
4306,0.8612,17.685211549140778,34.37222416981077,39.18334265504598,51.683766665701654
4307,0.8614,17.688370751167813,34.376095275448606,39.18334265504598,51.683766665701654
4308,0.8616,17.69235236901497,34.38007176786302,39.18334265504598,51.683766665701654
4309,0.8618,17.696750271639413,34.38422634612427,39.18334265504598,51.683766665701654
4310,0.862,17.698860296123314,34.38824594855727,39.18334265504598,51.683766665701654
4311,0.8622,17.702102139663918,34.392310378928975,39.18334265504598,51.683766665701654
4312,0.8624,17.70369231013544,34.396462959004374,39.18334265504598,51.683766665701654
4313,0.8626,17.704819207580645,34.400644141853036,39.18334265504598,51.683766665701654
4314,0.8628,17.70763364058196,34.414837050322596,39.18334265504598,51.683766665701654
4315,0.863,17.7091505915847,34.43604076743126,39.18334265504598,51.683766665701654
4316,0.8632,17.710317875042264,34.44932376641022,39.18334265504598,51.683766665701654
4317,0.8634,17.71138095188004,34.47206050451272,39.18334265504598,51.683766665701654
4318,0.8636,17.71258721731037,34.48089587948122,39.18334265504598,51.683766665701654
4319,0.8638,17.713862014207717,34.48611032138294,39.18334265504598,51.683766665701654
4320,0.864,17.715153551500453,34.490659862547396,39.18334265504598,51.683766665701654
4321,0.8642,17.716442731027286,34.512082665420635,39.18334265504598,51.683766665701654
4322,0.8644,17.717727192260625,34.53850486787075,39.18334265504598,51.683766665701654
4323,0.8646,17.719012083521406,34.561408286343,39.18334265504598,51.683766665701654
4324,0.8648,17.72037453763698,34.57269371992726,39.18334265504598,51.683766665701654
4325,0.865,17.721527571367407,34.61123781132345,39.18334265504598,51.683766665701654
4326,0.8652,17.722750968160444,34.659514677567856,39.18334265504598,51.683766665701654
4327,0.8654,17.72382259095516,34.709318225072366,39.18334265504598,51.683766665701654
4328,0.8656,17.724811563133034,34.76101436962663,39.18334265504598,51.683766665701654
4329,0.8658,17.72576011358916,34.777248416188435,39.18334265504598,51.683766665701654
4330,0.866,17.726683987973765,34.79601031374106,39.18334265504598,51.683766665701654
4331,0.8662,17.72758843669597,34.81513064067772,39.18334265504598,51.683766665701654
4332,0.8664,17.72847540886922,34.85588902467532,39.18334265504598,51.683766665701654
4333,0.8666,17.729345895629482,34.86779943044576,39.18334265504598,51.683766665701654
4334,0.8668,17.730200549202316,34.872882385207944,39.18334265504598,51.683766665701654
4335,0.867,17.73103997053281,34.87686619027722,39.18334265504598,51.683766665701654
4336,0.8672,17.74633162190727,34.88086134579889,39.18334265504598,51.683766665701654
4337,0.8674,17.765015717894723,34.88500910476666,39.18334265504598,51.683766665701654
4338,0.8676,17.76993723564486,34.904103174985785,39.18334265504598,51.683766665701654
4339,0.8678,17.771541077961217,34.926603697244296,39.18334265504598,51.683766665701654
4340,0.868,17.77234319974142,34.95091429690151,39.18334265504598,51.683766665701654
4341,0.8682,17.772947546561504,34.96055163137454,39.18334265504598,51.683766665701654
4342,0.8684,17.7734987345509,34.96547586382447,39.18334265504598,51.683766665701654
4343,0.8686,17.774031396939506,34.96921507273703,39.18334265504598,51.683766665701654
4344,0.8688,17.776055709433482,34.98994994167789,39.18334265504598,51.683766665701654
4345,0.869,17.778693241108293,35.005959148127936,39.18334265504598,51.683766665701654
4346,0.8692,17.780063424006034,35.021933100914,39.18334265504598,51.683766665701654
4347,0.8694,17.781210181174337,35.03856452189077,39.18334265504598,51.683766665701654
4348,0.8696,17.782361193410356,35.048066103144755,39.18334265504598,51.683766665701654
4349,0.8698,17.783565378943866,35.07101213457377,39.18334265504598,51.683766665701654
4350,0.87,17.78483273402435,35.08203055089039,39.18334265504598,51.683766665701654
4351,0.8702,17.786164739485557,35.10579511973673,39.18334265504598,51.683766665701654
4352,0.8704,17.78715094156929,35.11528514809237,39.18334265504598,51.683766665701654
4353,0.8706,17.78812399407943,35.128180210325624,39.18334265504598,51.683766665701654
4354,0.8708,17.79058641355874,35.15483682881799,39.18334265504598,51.683766665701654
4355,0.871,17.793287506848795,35.201217815880014,39.18334265504598,51.683766665701654
4356,0.8712,17.79616755891902,35.247183594591235,39.18334265504598,51.683766665701654
4357,0.8714,17.79912294081165,35.29040663898467,39.18334265504598,51.683766665701654
4358,0.8716,17.801942730153232,35.30092221700632,39.18334265504598,51.683766665701654
4359,0.8718,17.805465388127022,35.323018758627825,39.18334265504598,51.683766665701654
4360,0.872,17.80935691814879,35.33041583182815,39.18334265504598,51.683766665701654
4361,0.8722,17.81116385048036,35.359338936412136,39.18334265504598,51.683766665701654
4362,0.8724,17.81365576748767,35.38906534980281,39.18334265504598,51.683766665701654
4363,0.8726,17.816215385662606,35.436570542918965,39.18334265504598,51.683766665701654
4364,0.8728,17.819011240149315,35.45225466469531,39.18334265504598,51.683766665701654
4365,0.873,17.820221519277197,35.46868025203782,39.18334265504598,51.683766665701654
4366,0.8732,17.82101816525373,35.4920594766277,39.18334265504598,51.683766665701654
4367,0.8734,17.83610809400325,35.52061049171469,39.18334265504598,51.683766665701654
4368,0.8736,17.855333466262845,35.530208285958885,39.18334265504598,51.683766665701654
4369,0.8738,17.87471055069006,35.533904395156654,39.18334265504598,51.683766665701654
4370,0.874,17.894220181596598,35.536346512668445,39.18334265504598,51.683766665701654
4371,0.8742,17.914416630786597,35.544408947272615,39.18334265504598,51.683766665701654
4372,0.8744,17.919696288954867,35.565116442852826,39.18334265504598,51.683766665701654
4373,0.8746,17.92123550825196,35.57493445964211,39.18334265504598,51.683766665701654
4374,0.8748,17.922210737405848,35.597975637495196,39.18334265504598,51.683766665701654
4375,0.875,17.924706135729615,35.61730833777432,39.18334265504598,51.683766665701654
4376,0.8752,17.927223891159613,35.62665982611875,39.18334265504598,51.683766665701654
4377,0.8754,17.930068275574143,35.662637242687296,39.18334265504598,51.683766665701654
4378,0.8756,17.931755013261736,35.671367683040245,39.18334265504598,51.683766665701654
4379,0.8758,17.94723347774946,35.68516553378165,39.18334265504598,51.683766665701654
4380,0.876,17.966546710699085,35.7139850924058,39.18334265504598,51.683766665701654
4381,0.8762,17.971574220565376,35.73475938793698,39.18334265504598,51.683766665701654
4382,0.8764,17.974296849228566,35.754096686912575,39.18334265504598,51.683766665701654
4383,0.8766,17.97646310647367,35.788297010497004,39.18334265504598,51.683766665701654
4384,0.8768,17.978477427351187,35.83427450384137,39.18334265504598,51.683766665701654
4385,0.877,17.98044359168754,35.88371817339258,39.18334265504598,51.683766665701654
4386,0.8772,17.98101427312633,35.897532353388726,39.18334265504598,51.683766665701654
4387,0.8774,17.98126755522714,35.902153072749826,39.18334265504598,51.683766665701654
4388,0.8776,17.981450825729404,35.916745848003195,39.18334265504598,51.683766665701654
4389,0.8778,17.9816205628469,35.94798077989782,39.18334265504598,51.683766665701654
4390,0.878,17.981789673633664,35.98274035240768,39.18334265504598,51.683766665701654
4391,0.8782,17.981958389564838,36.0149834001167,39.18334265504598,51.683766665701654
4392,0.8784,17.98212531109589,36.04412805358026,39.18334265504598,51.683766665701654
4393,0.8786,17.983798483765472,36.076840130917034,39.18334265504598,51.683766665701654
4394,0.8788,17.984356296901996,36.114039135387465,39.18334265504598,51.683766665701654
4395,0.879,17.984627017737974,36.142867986658224,39.18334265504598,51.683766665701654
4396,0.8792,17.98622851331939,36.174498994860265,39.18334265504598,51.683766665701654
4397,0.8794,17.988226359288205,36.2041564796194,39.18334265504598,51.683766665701654
4398,0.8796,17.988854018649697,36.23154837991467,39.18334265504598,51.683766665701654
4399,0.8798,17.989290202086753,36.26657129648439,39.18334265504598,51.683766665701654
4400,0.88,17.989567194280585,36.30613762863121,39.18334265504598,51.683766665701654
4401,0.8802,17.98987638946682,36.33812907007468,39.18334265504598,51.683766665701654
4402,0.8804,17.991574584048813,36.372750640318145,39.18334265504598,51.683766665701654
4403,0.8806,17.993448790584235,36.40436934219927,39.18334265504598,51.683766665701654
4404,0.8808,17.994030126832655,36.43077106617857,39.18334265504598,51.683766665701654
4405,0.881,17.99430602668965,36.439708422293016,39.18334265504598,51.683766665701654
4406,0.8812,17.99450910135408,36.44967107922331,39.18334265504598,51.683766665701654
4407,0.8814,17.994693993369697,36.46274848691197,39.18334265504598,51.683766665701654
4408,0.8816,17.99487362568645,36.48843504391737,39.18334265504598,51.683766665701654
4409,0.8818,17.995861751049734,36.50192591142278,39.18334265504598,51.683766665701654
4410,0.882,17.997292751073896,36.51362341724328,39.18334265504598,51.683766665701654
4411,0.8822,18.013018833987378,36.53814467972754,39.18334265504598,51.683766665701654
4412,0.8824,18.032464795592336,36.54476599629247,39.18334265504598,51.683766665701654
4413,0.8826,18.038028780922605,36.55722826310764,39.18334265504598,51.683766665701654
4414,0.8828,18.055036869500785,36.56846796722614,39.18334265504598,51.683766665701654
4415,0.883,18.074758046157285,36.5850593919855,39.18334265504598,51.683766665701654
4416,0.8832,18.079927605170184,36.60716940135829,39.18334265504598,51.683766665701654
4417,0.8834,18.083208911103043,36.62023107368056,39.18334265504598,51.683766665701654
4418,0.8836,18.085786666517958,36.64977776960672,39.18334265504598,51.683766665701654
4419,0.8838,18.086893326631188,36.66500062611983,39.18334265504598,51.683766665701654
4420,0.884,18.088845882424955,36.68826211085827,39.18334265504598,51.683766665701654
4421,0.8842,18.091135771396676,36.71264200600463,39.18334265504598,51.683766665701654
4422,0.8844,18.092145325451177,36.73179350934972,39.18334265504598,51.683766665701654
4423,0.8846,18.094863898969326,36.77652272390319,39.18334265504598,51.683766665701654
4424,0.8848,18.09613731293559,36.79787192334733,39.18334265504598,51.683766665701654
4425,0.885,18.097046760653598,36.82046050729767,39.18334265504598,51.683766665701654
4426,0.8852,18.097729593343576,36.83824991137411,39.18334265504598,51.683766665701654
4427,0.8854,18.098320310003515,36.859892829184275,39.18334265504598,51.683766665701654
4428,0.8856,18.100171658070977,36.86671875478595,39.18334265504598,51.683766665701654
4429,0.8858,18.10104222825538,36.8862258587813,39.18334265504598,51.683766665701654
4430,0.886,18.102066166144976,36.89260321982632,39.18334265504598,51.683766665701654
4431,0.8862,18.11747753814893,36.89719991959482,39.18334265504598,51.683766665701654
4432,0.8864,18.13637484573409,36.92437257244304,39.18334265504598,51.683766665701654
4433,0.8866,18.14147994880208,36.936927304302536,39.18334265504598,51.683766665701654
4434,0.8868,18.144423306449685,36.943701467968175,39.18334265504598,51.683766665701654
4435,0.887,18.145513567065706,36.948365035965615,39.18334265504598,51.683766665701654
4436,0.8872,18.147239332115653,36.9914202703513,39.18334265504598,51.683766665701654
4437,0.8874,18.14927206251596,37.00856148219579,39.18334265504598,51.683766665701654
4438,0.8876,18.150110586184038,37.01731341472385,39.18334265504598,51.683766665701654
4439,0.8878,18.165142288982697,37.02298926615669,39.18334265504598,51.683766665701654
4440,0.888,18.18347785432049,37.027751414649984,39.18334265504598,51.683766665701654
4441,0.8882,18.202578684137414,37.03346671249763,39.18334265504598,51.683766665701654
4442,0.8884,18.221809279548246,37.076971774961336,39.18334265504598,51.683766665701654
4443,0.8886,18.240954322828774,37.094216691359414,39.18334265504598,51.683766665701654
4444,0.8888,18.259949022666287,37.10194341026424,39.18334265504598,51.683766665701654
4445,0.889,18.278772165972168,37.1144872763074,39.18334265504598,51.683766665701654
4446,0.8892,18.283722710934423,37.16297976403284,39.18334265504598,51.683766665701654
4447,0.8894,18.286578691474546,37.18069548573747,39.18334265504598,51.683766665701654
4448,0.8896,18.288888796060565,37.1886695609901,39.18334265504598,51.683766665701654
4449,0.8898,18.290697157733074,37.23114013861337,39.18334265504598,51.683766665701654
4450,0.89,18.291182510183884,37.27592155925087,39.18334265504598,51.683766665701654
4451,0.8902,18.2925268844926,37.32390114732482,39.18334265504598,51.683766665701654
4452,0.8904,18.292899163053733,37.3385984857039,39.18334265504598,51.683766665701654
4453,0.8906,18.2930333366795,37.37481010335745,39.18334265504598,51.683766665701654
4454,0.8908,18.308090043594152,37.4078931330655,39.18334265504598,51.683766665701654
4455,0.891,18.311904886462845,37.45488541192793,39.18334265504598,51.683766665701654
4456,0.8912,18.312911933702868,37.47037429235737,39.18334265504598,51.683766665701654
4457,0.8914,18.31333092133496,37.47623904041841,39.18334265504598,51.683766665701654
4458,0.8916,18.314679647378853,37.47931784355367,39.18334265504598,51.683766665701654
4459,0.8918,18.315082022590108,37.49065932296166,39.18334265504598,51.683766665701654
4460,0.892,18.316396179669006,37.49473907628551,39.18334265504598,51.683766665701654
4461,0.8922,18.316786991570417,37.49951075875897,39.18334265504598,51.683766665701654
4462,0.8924,18.31767198173467,37.50294030832637,39.18334265504598,51.683766665701654
4463,0.8926,18.318868730533428,37.53131701624137,39.18334265504598,51.683766665701654
4464,0.8928,18.319953600989223,37.57886061370403,39.18334265504598,51.683766665701654
4465,0.893,18.32051053393256,37.59598923480222,39.18334265504598,51.683766665701654
4466,0.8932,18.32094453764379,37.611225853278484,39.18334265504598,51.683766665701654
4467,0.8934,18.321353161352686,37.642971034056494,39.18334265504598,51.683766665701654
4468,0.8936,18.321743320177415,37.65471988354546,39.18334265504598,51.683766665701654
4469,0.8938,18.32295959988915,37.67751436613414,39.18334265504598,51.683766665701654
4470,0.894,18.32448082553655,37.72288618013505,39.18334265504598,51.683766665701654
4471,0.8942,18.324984877285257,37.73914539915497,39.18334265504598,51.683766665701654
4472,0.8944,18.326232590027242,37.74536562335167,39.18334265504598,51.683766665701654
4473,0.8946,18.326650262659907,37.77493578880451,39.18334265504598,51.683766665701654
4474,0.8948,18.326874982137635,37.80912748803879,39.18334265504598,51.683766665701654
4475,0.895,18.327056045888177,37.85329046592754,39.18334265504598,51.683766665701654
4476,0.8952,18.327226739077155,37.896893891284975,39.18334265504598,51.683766665701654
4477,0.8954,18.328409111868872,37.92057869140441,39.18334265504598,51.683766665701654
4478,0.8956,18.32988581777533,37.95998575614229,39.18334265504598,51.683766665701654
4479,0.8958,18.331261534016104,37.98425929591356,39.18334265504598,51.683766665701654
4480,0.896,18.33273010330829,38.0233331612044,39.18334265504598,51.683766665701654
4481,0.8962,18.334069076189216,38.046493802567774,39.18334265504598,51.683766665701654
4482,0.8964,18.335494534419283,38.069602560543075,39.18334265504598,51.683766665701654
4483,0.8966,18.335914256045825,38.07828406318196,39.18334265504598,51.683766665701654
4484,0.8968,18.3370682354637,38.08356522054782,39.18334265504598,51.683766665701654
4485,0.897,18.3382807488354,38.103833827214274,39.18334265504598,51.683766665701654
4486,0.8972,18.338606313911843,38.127858841563985,39.18334265504598,51.683766665701654
4487,0.8974,18.338736273141727,38.152500396216745,39.18334265504598,51.683766665701654
4488,0.8976,18.338820435968614,38.164280707680156,39.18334265504598,51.683766665701654
4489,0.8978,18.338892571725754,38.17919423120283,39.18334265504598,51.683766665701654
4490,0.898,18.33896104580218,38.18583640378312,39.18334265504598,51.683766665701654
4491,0.8982,18.33903644536278,38.19017798002592,39.18334265504598,51.683766665701654
4492,0.8984,18.33922181767519,38.19484456680648,39.18334265504598,51.683766665701654
4493,0.8986,18.33946262390465,38.19868885399605,39.18334265504598,51.683766665701654
4494,0.8988,18.339621908326613,38.208963339795474,39.18334265504598,51.683766665701654
4495,0.899,18.340568521740774,38.24223868422158,39.18334265504598,51.683766665701654
4496,0.8992,18.340840035481378,38.26818827613062,39.18334265504598,51.683766665701654
4497,0.8994,18.34096353440416,38.28622031013362,39.18334265504598,51.683766665701654
4498,0.8996,18.341053118089086,38.31764198655838,39.18334265504598,51.683766665701654
4499,0.8998,18.341133860249617,38.32595277196725,39.18334265504598,51.683766665701654
4500,0.9,18.341211496603517,38.362978114733465,39.18334265504598,51.683766665701654
4501,0.9002,18.341288945199185,38.3967291294909,39.18334265504598,51.683766665701654
4502,0.9004,18.341367127483625,38.44168206890738,39.18334265504598,51.683766665701654
4503,0.9006,18.34144794151247,38.460653498197374,39.18334265504598,51.683766665701654
4504,0.9008,18.341587665268445,38.47892071552249,39.18334265504598,51.683766665701654
4505,0.901,18.341755791654105,38.51112752695858,39.18334265504598,51.683766665701654
4506,0.9012,18.34193575105079,38.54681484279774,39.18334265504598,51.683766665701654
4507,0.9014,18.342121487987388,38.560495630143485,39.18334265504598,51.683766665701654
4508,0.9016,18.342402934356723,38.57361511658259,39.18334265504598,51.683766665701654
4509,0.9018,18.34273142249593,38.57688074200119,39.18334265504598,51.683766665701654
4510,0.902,18.343080805847226,38.58826008185937,39.18334265504598,51.683766665701654
4511,0.9022,18.343440853304887,38.61557545528225,39.18334265504598,51.683766665701654
4512,0.9024,18.34381017554557,38.62119831368211,39.19601617180542,51.696121882651795
4513,0.9026,18.344042500900876,38.63240428043276,39.240746747297216,51.69921210657514
4514,0.9028,18.344211118298475,38.66160507649001,39.29308370869621,51.7607609604137
4515,0.903,18.344357547678374,38.69746011713961,39.34301212620054,51.83521653516157
4516,0.9032,18.34458512366769,38.71387938183814,39.38894825840764,51.85310648994457
4517,0.9034,18.34485448319241,38.719732791708786,39.40056271111831,51.91706029751565
4518,0.9036,18.345144298030963,38.724244453267545,39.462812432330345,51.9770923424693
4519,0.9038,18.345353413075387,38.758602232141435,39.51923029291109,52.02535253514697
4520,0.904,18.345523565879827,38.77099737478714,39.53113093451509,52.03641379718727
4521,0.9042,18.34568018616281,38.7757867963534,39.59474080233761,52.09750882881421
4522,0.9044,18.3459699430748,38.78872810373133,39.60913825889338,52.16020150925707
4523,0.9046,18.346186747865428,38.798866680643705,39.67245067204215,52.21042191073609
4524,0.9048,18.346362773205488,38.80357929362147,39.74820732363532,52.22252294842831
4525,0.905,18.34652226416832,38.805993836577095,39.80366930468189,52.28355131524004
4526,0.9052,18.34667448191486,38.80826462510619,39.81682847350565,52.298532856882034
4527,0.9054,18.346822399246648,38.813108872474,39.82019861175405,52.359870155061905
4528,0.9056,18.34696691399995,38.831532739359,39.88239455178023,52.42802208678638
4529,0.9058,18.347108305522905,38.85354500734938,39.89782115929003,52.44350796899882
4530,0.906,18.347246678838925,38.87417880240802,39.902035158418585,52.50444409387579
4531,0.9062,18.34738209155403,38.89389817315027,39.90356321408719,52.51976048450182
4532,0.9064,18.347514489315138,38.91337446382675,39.9824371674163,52.58077580294181
4533,0.9066,18.34764431715604,38.9346453299391,40.002783040862326,52.65249889388831
4534,0.9068,18.3477715787142,38.95661572529,40.02565722012659,52.66930638892364
4535,0.907,18.347895670070297,38.97909554116786,40.050895846620136,52.67374464180568
4536,0.9072,18.348027194355215,39.002435017034664,40.078234087271596,52.67520394036946
4537,0.9074,18.348153571335477,39.009285524012526,40.10420866981421,52.67591083542014
4538,0.9076,18.349055791971264,39.01143260362022,40.132036191824,52.75788521057914
4539,0.9078,18.349566604640405,39.01535370456964,40.15827932734053,52.85839470327257
4540,0.908,18.34983585528903,39.02060292883935,40.16753578713981,52.88405913341625
4541,0.9082,18.350056128362446,39.02623150068805,40.1722212194289,52.89059430304796
4542,0.9084,18.35026683523439,39.03206486167264,40.175533726375825,52.971328818441336
4543,0.9086,18.35048790409683,39.038005316370636,40.19430429195402,53.06256685542324
4544,0.9088,18.350675554586132,39.04117256985755,40.20120064158392,53.146237167062296
4545,0.909,18.35083507452317,39.04294278685375,40.20503670760632,53.19713193409372
4546,0.9092,18.350980432726715,39.04443764306731,40.223620685770676,53.20623864858335
4547,0.9094,18.351118365636538,39.04993684196973,40.246053216274994,53.25949472024996
4548,0.9096,18.351249287623688,39.05754978408861,40.26951754819501,53.31564988910061
4549,0.9098,18.351375115628848,39.06163582312841,40.277496641019525,53.36277486437209
4550,0.91,18.351576122125035,39.06365205549332,40.28151516238723,53.4044142749972
4551,0.9102,18.351809406699648,39.06508051644748,40.30047799731431,53.444706766193455
4552,0.9104,18.351976395889146,39.0663610379808,40.32332754037047,53.48688313529014
4553,0.9106,18.352113227401777,39.06760167634456,40.33157380615335,53.528286347462235
4554,0.9108,18.3522491663533,39.06887916279811,40.35179250288101,53.53386904660921
4555,0.911,18.352374476071642,39.07019643081559,40.35963478424598,53.5471003470188
4556,0.9112,18.35325336499749,39.07147594538965,40.36447195536448,53.562937867473934
4557,0.9114,18.3535664792274,39.088229375024696,40.384137055356035,53.57990335756336
4558,0.9116,18.35373477140705,39.09323109883027,40.40769718162422,53.583023703423784
4559,0.9118,18.353868272669605,39.09567537149294,40.416411587687904,53.65085226251848
4560,0.912,18.353995916846554,39.10754714316723,40.4212835508199,53.664731307785196
4561,0.9122,18.35485952026595,39.12044225433341,40.44207564550366,53.66780777694425
4562,0.9124,18.355165920204776,39.139558166965045,40.45183203592793,53.66914005743577
4563,0.9126,18.355329810062447,39.16061228751381,40.47567061218861,53.67005056029066
4564,0.9128,18.356109712064924,39.16738859799655,40.48807120178516,53.68719799661173
4565,0.913,18.356983110407032,39.170688190456445,40.56547460253028,53.71016274762823
4566,0.9132,18.357897203570996,39.173712839965724,40.593317280038534,53.73399068962388
4567,0.9134,18.35889332258447,39.17812817231182,40.67136235386322,53.760216133027136
4568,0.9136,18.359206029176036,39.183031041170246,40.76058351855111,53.78744787065846
4569,0.9138,18.359350155582536,39.19412675346823,40.84644156599759,53.812902153195694
4570,0.914,18.359454083561413,39.20905231437115,40.925992390623556,53.8368400330063
4571,0.9142,18.35962239540451,39.22526056374492,40.9499922011331,53.86006643648476
4572,0.9144,18.35982021215205,39.24104016366522,41.02817414659826,53.8676760565493
4573,0.9146,18.359955060162033,39.256469675800375,41.1028167902914,53.88672611130806
4574,0.9148,18.360061200901924,39.26516911008687,41.1145390773287,53.89307605577211
4575,0.915,18.360813969023326,39.270771417963076,41.128663536965796,53.911556530201786
4576,0.9152,18.361748483546695,39.27573768048006,41.128663536965796,53.917565774645254
4577,0.9154,18.362109776098944,39.280615998839636,41.128663536965796,53.920587831503425
4578,0.9156,18.362920820670073,39.28314248494073,41.14126093846882,53.92273485537227
4579,0.9158,18.36382065011161,39.284917040207155,41.157374680019984,53.94006679760755
4580,0.916,18.3640906432404,39.28654723594351,41.160077634059576,53.94572760380941
4581,0.9162,18.364208863509013,39.2881352674509,41.174319392698465,53.948546533219165
4582,0.9164,18.36428971805956,39.28966337555599,41.17630094250311,53.95077578997108
4583,0.9166,18.364360413407514,39.29104152422694,41.17630094250311,53.95273277665194
4584,0.9168,18.364427471383976,39.29232583508259,41.17630094250311,53.95480140674037
4585,0.917,18.364492522401722,39.29310587877694,41.23528257235006,54.03913210400463
4586,0.9172,18.364556008364637,39.29391717090432,41.31176932622155,54.060068208120626
4587,0.9174,18.364618071778214,39.29479856780494,41.33261081100204,54.08022001902355
4588,0.9176,18.364678775930173,39.2957457933155,41.339335885758224,54.10029999123695
4589,0.9178,18.36473816272823,39.29674521365203,41.34481053997172,54.105347856177126
4590,0.918,18.36479626804079,39.297772858273404,41.3556710654952,54.1220058243319
4591,0.9182,18.36485312568576,39.298809648956386,41.433643284529204,54.127120132137286
4592,0.9184,18.3649087684877,39.29985190841912,41.4598382628683,54.14474978039557
4593,0.9186,18.36496443989053,39.30089754148626,41.470648881072655,54.15062264017993
4594,0.9188,18.365020675810992,39.301942718513594,41.49232346594774,54.1603141296636
4595,0.919,18.365616610040668,39.326700712792075,41.501244243539055,54.17568381771902
4596,0.9192,18.36642040957003,39.34007196388224,41.506555747313485,54.21145403125882
4597,0.9194,18.36668608278601,39.35299886107003,41.51545458448219,54.25433202958889
4598,0.9196,18.367369085809997,39.378270946120516,41.5231569107123,54.28416089166397
4599,0.9198,18.36820699949618,39.40570239666337,41.63379968960137,54.37936721610562
4600,0.92,18.368457510220214,39.41577260357854,41.674797158206026,54.48067117071693
4601,0.9202,18.369087327661145,39.419296263577706,41.7035585264224,54.5888873278869
4602,0.9204,18.369818352722476,39.420925187767516,41.81907773146223,54.68144148184814
4603,0.9206,18.37063769242525,39.42198701593654,41.85810719664997,54.77710922753594
4604,0.9208,18.370869432564096,39.422877113676215,41.96712276363893,54.800298252127774
4605,0.921,18.370960110752602,39.42385010440848,42.08692888357747,54.80588139633449
4606,0.9212,18.37108369479788,39.4247801737675,42.12176784833326,54.88259134898505
4607,0.9214,18.37178064760965,39.42562136541538,42.13312784807456,54.96711147637991
4608,0.9216,18.37199540388909,39.426410166437606,42.14165124051615,55.04833264860485
4609,0.9218,18.37208562885533,39.427192085011825,42.21146586366769,55.12932619018334
4610,0.922,18.372206907743657,39.43365201641828,42.23140883237892,55.146506242476285
4611,0.9222,18.372384660427546,39.440591861404606,42.23786041737956,55.15754448520974
4612,0.9224,18.37249267688115,39.4537336092668,42.30572312848875,55.22969313696555
4613,0.9226,18.37256504210307,39.45629871033792,42.38722378987591,55.303496615669445
4614,0.9228,18.37262428869025,39.45717541622612,42.41274695563018,55.37358637442438
4615,0.923,18.373245804158834,39.45784331192724,42.42583665870096,55.443427627947585
4616,0.9232,18.374028000627025,39.45848110326009,42.43224649317954,55.465694157604204
4617,0.9234,18.374852865001223,39.45910884483253,42.441041973035524,55.47191113570426
4618,0.9236,18.37509783585179,39.45977413199546,42.4472263712925,55.47783066072689
4619,0.9238,18.375694440825704,39.47718394979861,42.45285126682618,55.54992372894709
4620,0.924,18.3764504772578,39.49702722750334,42.45863348339619,55.622730469699654
4621,0.9242,18.37667052651375,39.516980197263614,42.464369135509536,55.69637083982802
4622,0.9244,18.376791895782777,39.542338334689255,42.54138150304142,55.77526868743214
4623,0.9246,18.376963326511564,39.57006472239848,42.63324957239734,55.791149428843354
4624,0.9248,18.377071759936662,39.58367468310077,42.6644372524325,55.86468012011772
4625,0.925,18.377209609335665,39.610672346440246,42.68118916306668,55.95018886540512
4626,0.9252,18.37772158458714,39.62132064599276,42.68994945357082,55.96893973368162
4627,0.9254,18.379278354514966,39.64887755349494,42.76587289679716,55.9815975377047
4628,0.9256,18.381852854515643,39.65858549891563,42.79064193835438,55.986548668675354
4629,0.9258,18.38383677127375,39.684641765357085,42.90499803430197,55.98788082277327
4630,0.926,18.386104551424715,39.69171866808384,42.94352004390665,56.06650173747787
4631,0.9262,18.38859519808302,39.69456148009999,43.0572104706373,56.086611506560715
4632,0.9264,18.391232729060267,39.6968560328022,43.101430358907685,56.1628119601702
4633,0.9266,18.393961101866704,39.69917695627168,43.12967543900788,56.18617017181194
4634,0.9268,18.39679109547742,39.70679819590118,43.23899865088965,56.270524023816044
4635,0.927,18.39972112803817,39.70901327739344,43.35985178523639,56.2972185308881
4636,0.9272,18.40271349841519,39.71066769016751,43.39381657056077,56.372029982669986
4637,0.9274,18.404236807741974,39.712270766065465,43.481441507973486,56.45086237816803
4638,0.9276,18.405054590374778,39.7138855020642,43.50563953562806,56.46595277527095
4639,0.9278,18.40562111773295,39.71552888204886,43.59720540335899,56.46999881736779
4640,0.928,18.406108028196684,39.717240383630134,43.622498969561335,56.525181681930825
4641,0.9282,18.406570804416845,39.71901325291021,43.693460959180385,56.59103623736622
4642,0.9284,18.40702575802507,39.72083993947855,43.77934919326755,56.66177522483766
4643,0.9286,18.407477213872077,39.72269677971041,43.86961462997686,56.681386946568736
4644,0.9288,18.407926057079223,39.72390692420827,43.95852604010053,56.74682154829614
4645,0.929,18.408939260439382,39.725014857648446,44.04455685574771,56.82044125146164
4646,0.9292,18.409751572843206,39.726143938904976,44.06637211687644,56.89207118524156
4647,0.9294,18.4103869881466,39.727302763789204,44.13040788335364,56.95843829063596
4648,0.9296,18.410933557317062,39.72850481062707,44.202423425479964,56.971875267247476
4649,0.9298,18.411446329074,39.73038366624545,44.21894203241181,56.973232676471355
4650,0.93,18.411944787835015,39.732393689547735,44.28031289231785,57.02507511042689
4651,0.9302,18.412433484419562,39.73444537012959,44.29492233297411,57.08538099447236
4652,0.9304,18.412914915496202,39.73652824015162,44.3594959515349,57.12455760188526
4653,0.9306,18.41338899839878,39.739284114238494,44.37888776445799,57.15254403404028
4654,0.9308,18.41385631545167,39.741057695617506,44.390637619774964,57.1779640590112
4655,0.931,18.414317412934388,39.74244899225083,44.40098729893434,57.204358807366184
4656,0.9312,18.41477258671342,39.743714045991965,44.496866920785465,57.210168745000104
4657,0.9314,18.415221959771333,39.74485604872388,44.525846796679325,57.24809044783238
4658,0.9316,18.415665587315978,39.745917485102595,44.61842538008393,57.283369813305896
4659,0.9318,18.41610348105576,39.747538537013924,44.643949064796736,57.29160285999214
4660,0.932,18.4165356326729,39.749272682721646,44.6539675958138,57.2933485524242
4661,0.9322,18.418494173098217,39.75043587944154,44.71949426745697,57.341760346380084
4662,0.9324,18.434517571061612,39.75814109499144,44.79679480921634,57.383430361656174
4663,0.9326,18.454181850891324,39.76825709869064,44.87454322179174,57.393207699887505
4664,0.9328,18.459352152518644,39.77880446977137,44.93406871710196,57.39525288806173
4665,0.933,18.461843818467262,39.797845583040825,44.94770179855375,57.44105548428064
4666,0.9332,18.478320164243247,39.818463239447155,44.95063979305665,57.45275347341141
4667,0.9334,18.498043888184004,39.82391094625683,44.986128715862925,57.49272980536509
4668,0.9336,18.518384570228157,39.82626641910345,44.99447569027694,57.524970691973124
4669,0.9338,18.538855894988572,39.83497602001826,44.99702371488772,57.532705848690966
4670,0.934,18.559337627981954,39.84552021250193,44.9986097018845,57.56182584087571
4671,0.9342,18.578191115758216,39.86463650944456,45.000458301917305,57.590660011070206
4672,0.9344,18.59784361146898,39.88543745499439,45.00279188516233,57.59741897629291
4673,0.9346,18.602788433890783,39.906610838586104,45.091162123382986,57.59874810710903
4674,0.9348,18.605143945337627,39.92765270991925,45.11539158597918,57.64302850211189
4675,0.935,18.607113673687874,39.948708098170286,45.12239878404418,57.67995585738099
4676,0.9352,18.62264987251503,39.9542520438075,45.125439348233336,57.68916400865195
4677,0.9354,18.641173062950102,39.97214381996595,45.20314425905719,57.7135273830188
4678,0.9356,18.660245520302812,39.97728303855568,45.222940400039164,57.738630196416054
4679,0.9358,18.67923774802755,39.979066354214936,45.22773815437345,57.744728722497236
4680,0.936,18.685279828738757,39.987012371295094,45.22873793385581,57.77190766523092
4681,0.9362,18.70082899026199,39.991306228538235,45.228790502820054,57.778442843193346
4682,0.9364,18.71829689645764,40.000049404623375,45.2436827673111,57.810278210839805
4683,0.9366,18.735448948839963,40.0105438176963,45.262142851124665,57.81813264124481
4684,0.9368,18.753365334743687,40.02139242982482,45.26645978752501,57.84830210123253
4685,0.937,18.75837057073927,40.03311900247388,45.282415675550126,57.855731202109226
4686,0.9372,18.773834418276817,40.03894995061809,45.286280633551364,57.85747336973854
4687,0.9374,18.79044601042707,40.04873761845107,45.28719213211546,57.85775465112563
4688,0.9376,18.80692839737499,40.054717127592845,45.28774696985363,57.85775465112563
4689,0.9378,18.823097124676227,40.0739782683471,45.28906186775094,57.85870617945176
4690,0.938,18.838950130585886,40.1025840089374,45.35373393496166,57.94136723434408
4691,0.9382,18.85450349115406,40.13196897413213,45.43486417024972,57.960942960763
4692,0.9384,18.862983597069306,40.16104107875431,45.502246839076264,57.96595525797495
4693,0.9386,18.862983597069306,40.190916359726906,45.52614823269252,58.0049096301378
4694,0.9388,18.862983597069306,40.221018592599506,45.531411433382445,58.01494052702429
4695,0.939,18.862983597069306,40.251961990735914,45.53221600016795,58.017569684627844
4696,0.9392,18.862983597069306,40.280253580487674,45.53255715014933,58.052090534434086
4697,0.9394,18.862983597069306,40.3096457956577,45.56664190039636,58.06038802703052
4698,0.9396,18.862983597069306,40.33920341721015,45.59385219389606,58.0868032299545
4699,0.9398,18.862983597069306,40.36915016337007,45.600510811765304,58.093086622487604
4700,0.94,18.862983597069306,40.382541366694795,45.6183793675921,58.11582754279484
4701,0.9402,18.862983597069306,40.39859700520792,45.62290115715071,58.13616352588691
4702,0.9404,18.862983597069306,40.40795082709892,45.644961103652356,58.141085459577425
4703,0.9406,18.862983597069306,40.425794149366965,45.65051534979611,58.14248698521329
4704,0.9408,18.862983597069306,40.448640019911835,45.65192020530218,58.14317444118841
4705,0.941,18.862983597069306,40.4589096632537,45.65241361436874,58.14371074536228
4706,0.9412,18.862983597069306,40.47582524985547,45.69275607753775,58.14455241612509
4707,0.9414,18.862983597069306,40.49958317592239,45.703077861962846,58.14574437786503
4708,0.9416,18.862983597069306,40.51971355243292,45.70575854879678,58.147143315338084
4709,0.9418,18.862983597069306,40.54759249630617,45.70649994447273,58.14864472252682
4710,0.942,18.862983597069306,40.55561713741088,45.742652723788346,58.212704819732366
4711,0.9422,18.862983597069306,40.559130965832544,45.75137889554018,58.229349097306795
4712,0.9424,18.862983597069306,40.56026836954772,45.753715759342064,58.23377588862259
4713,0.9426,18.862983597069306,40.56070320435506,45.78096772574643,58.277367970000704
4714,0.9428,18.862983597069306,40.56107988850068,45.80152451547389,58.30490368247528
4715,0.943,18.862983597069306,40.56153926619403,45.80653795662875,58.315584716007905
4716,0.9432,18.862983597069306,40.56209533312972,45.81830963306897,58.32191113251456
4717,0.9434,18.862983597069306,40.57166411195368,45.82128492842006,58.33008728562064
4718,0.9436,18.862983597069306,40.58080012774692,45.836768420292096,58.340019148902485
4719,0.9438,18.862983597069306,40.600603255767524,45.84066823737882,58.350163572740996
4720,0.944,18.862983597069306,40.622553941102964,45.85584248549581,58.35976193378108
4721,0.9442,18.862983597069306,40.63848042338005,45.859599462047804,58.36216275171103
4722,0.9444,18.862983597069306,40.650378525859125,45.86062456012084,58.374335893028885
4723,0.9446,18.862983597069306,40.67075846891543,45.88011615567481,58.377414310164355
4724,0.9448,18.862983597069306,40.6835046914279,45.89547446463549,58.390897855215975
4725,0.945,18.86300377341645,40.695550029260104,45.904296186177724,58.39428717147196
4726,0.9452,18.863107360894862,40.700111060855015,45.91073815276562,58.407053169746106
4727,0.9454,18.863273463738857,40.70865012825074,45.91733303108414,58.410285331994686
4728,0.9456,18.863509284822022,40.712881131997506,45.924372137989046,58.42194762933103
4729,0.9458,18.86437314287534,40.72390987002901,45.93145074658423,58.43211548571677
4730,0.946,18.879299629888294,40.742389644167424,45.93320328991416,58.439110895287335
4731,0.9462,18.880903680185977,40.74784943064503,45.93363964706201,58.44080890425309
4732,0.9464,18.880903680185977,40.76563702884893,45.93375317743772,58.441238373000424
4733,0.9466,18.880903680185977,40.77110823100156,45.9510485338349,58.453060641536624
4734,0.9468,18.880903680185977,40.77394274626409,45.96354939779162,58.45606305892463
4735,0.947,18.880903680185977,40.77569588027023,45.969585342254845,58.45684415337671
4736,0.9472,18.880903680185977,40.78591772812236,45.9710939705173,58.46903590792676
4737,0.9474,18.880903680185977,40.804299621533836,45.97622258032063,58.47212573919351
4738,0.9476,18.880903680185977,40.83281724038496,45.98177576667356,58.472917968359006
4739,0.9478,18.880903680185977,40.86544660748158,45.986449275585045,58.473134444439225
4740,0.948,18.880903680185977,40.899202911491194,45.99037064481276,58.486034184264575
4741,0.9482,18.880903680185977,40.91792458606247,45.9939663799871,58.49503920589397
4742,0.9484,18.880903680185977,40.94324586815385,45.997383526775316,58.498820175381304
4743,0.9486,18.880903680185977,40.96920802063002,46.00057319032528,58.499703890158365
4744,0.9488,18.880903680185977,40.978423321097026,46.00136659972503,58.50269602082641
4745,0.949,18.880903680185977,40.98188391250502,46.005124968221175,58.50339766494127
4746,0.9492,18.893972390889232,40.99167901532338,46.00858806288091,58.50739505732609
4747,0.9494,18.910311104181467,41.020409118689756,46.01096084334756,58.508409808718035
4748,0.9496,18.913305598379086,41.02972949646327,46.01267205007301,58.50867742154714
4749,0.9498,18.913305598379086,41.03287870910379,46.013098167597555,58.508757844374465
4750,0.95,18.913305598379086,41.03432192361563,46.01320861310803,58.513805414241276
4751,0.9502,18.913305598379086,41.04096931916547,46.015667799291755,58.51508768114148
4752,0.9504,18.913305598379086,41.05265043637606,46.016270184509416,58.51541910762067
4753,0.9506,18.913305598379086,41.055360391265495,46.0175541267477,58.51728276929627
4754,0.9508,18.92650974863379,41.065585717639216,46.018294516931995,58.51831076244859
4755,0.951,18.942988056225122,41.07720499427559,46.02242371780435,58.52249598513623
4756,0.9512,18.946844501681596,41.08966559111624,46.023452543446346,58.52353809056634
4757,0.9514,18.9479330090759,41.093816744875255,46.023709530068174,58.52379842491909
4758,0.9516,18.948473926939382,41.10384084095158,46.02377376220957,58.52386352923358
4759,0.9518,18.948964872408535,41.10912870966232,46.0237898191417,58.52387981586894
4760,0.952,18.949516259642635,41.112315523572995,46.02379383325675,58.52388389050176
4761,0.9522,18.95015139672671,41.11486313066282,46.02379483676588,58.52388490992415
4762,0.9524,18.951810364729052,41.11722838058417,46.023795087638874,58.52388516497203
4763,0.9526,18.954018044640705,41.119955817541104,46.02379515035609,58.523885228782135
4764,0.9528,18.955160026852944,41.1236712455625,46.023795166035136,58.523885244746694
4765,0.953,18.955767721443138,41.12792747902631,46.02379516995483,58.52388524874084
4766,0.9532,18.956180322161167,41.131648316424545,46.02379517093474,58.523885249740125
4767,0.9534,18.956530636649628,41.135023369331066,46.023795171179714,58.52388524999014
4768,0.9536,18.97165545327175,41.13788808146895,46.023795171240955,58.523885250052686
4769,0.9538,18.97557091146904,41.140026652900225,46.02379517125627,58.52388525006833
4770,0.954,18.976718705326896,41.141832633394706,46.0237951712601,58.52388525007225
4771,0.9542,18.97718346316479,41.14353258456117,46.02379517126106,58.52388525007323
4772,0.9544,18.97750532344157,41.14578263237828,46.0237951712613,58.52388525007347
4773,0.9546,18.977822861069946,41.15463390007491,46.023795171261355,58.52388525007353
4774,0.9548,18.978144054968208,41.16481195219656,46.02379517126137,58.52388525007355
4775,0.955,18.978464454507332,41.185055832598024,46.023795171261376,58.523885250073555
4776,0.9552,18.978781403392777,41.20737564581704,46.023795171261376,58.523885250073555
4777,0.9554,18.97909388466308,41.23026616633178,46.023795171261376,58.523885250073555
4778,0.9556,18.97940183206677,41.253358728909085,46.023795171261376,58.523885250073555
4779,0.9558,18.97970511266746,41.277055774902934,46.023795171261376,58.523885250073555
4780,0.956,18.98000362797693,41.29430241485762,46.023795171261376,58.523885250073555
4781,0.9562,18.99424447385396,41.3158377083137,46.023795171261376,58.523885250073555
4782,0.9564,19.012536686042868,41.33934220425311,46.023795171261376,58.523885250073555
4783,0.9566,19.031856212372784,41.34773373166666,46.023795171261376,58.523885250073555
4784,0.9568,19.05169170294597,41.35223828729724,46.023795171261376,58.523885250073555
4785,0.957,19.071578675935786,41.36434659033715,46.023795171261376,58.523885250073555
4786,0.9572,19.076760657935107,41.36862191520981,46.023795171261376,58.523885250073555
4787,0.9574,19.09302092431699,41.372010593016775,46.023795171261376,58.523885250073555
4788,0.9576,19.097027615826,41.37527781881451,46.023795171261376,58.523885250073555
4789,0.9578,19.097994739088442,41.378487815646636,46.023795171261376,58.523885250073555
4790,0.958,19.098541601491892,41.38149962414156,46.023795171261376,58.523885250073555
4791,0.9582,19.09873207617114,41.384493345942815,46.023795171261376,58.523885250073555
4792,0.9584,19.09877938177417,41.38755799145274,46.023795171261376,58.523885250073555
4793,0.9586,19.11340721925769,41.38987377261873,46.023795171261376,58.523885250073555
4794,0.9588,19.117872412149598,41.40664046693355,46.023795171261376,58.523885250073555
4795,0.959,19.120104985592967,41.41137121081862,46.023795171261376,58.523885250073555
4796,0.9592,19.12191899649578,41.42968589448591,46.023795171261376,58.523885250073555
4797,0.9594,19.137411226198736,41.435501623696105,46.023795171261376,58.523885250073555
4798,0.9596,19.156197391792524,41.447140146787135,46.023795171261376,58.523885250073555
4799,0.9598,19.16037970928679,41.4657223262731,46.023795171261376,58.523885250073555
4800,0.96,19.16037970928679,41.47143873485105,46.023795171261376,58.523885250073555
4801,0.9602,19.16037970928679,41.48998609476149,46.023795171261376,58.523885250073555
4802,0.9604,19.16037970928679,41.49580762606959,46.023795171261376,58.523885250073555
4803,0.9606,19.16037970928679,41.498327123647506,46.023795171261376,58.523885250073555
4804,0.9608,19.16037970928679,41.500024367146594,46.023795171261376,58.523885250073555
4805,0.961,19.16037970928679,41.50984347852382,46.023795171261376,58.523885250073555
4806,0.9612,19.16037970928679,41.5208444850797,46.023795171261376,58.523885250073555
4807,0.9614,19.16037970928679,41.53843827265421,46.023795171261376,58.523885250073555
4808,0.9616,19.16037970928679,41.55149466363963,46.023795171261376,58.523885250073555
4809,0.9618,19.16037970928679,41.569513796189824,46.023795171261376,58.523885250073555
4810,0.962,19.16037970928679,41.57434420106621,46.023795171261376,58.523885250073555
4811,0.9622,19.16037970928679,41.57666133205289,46.023795171261376,58.523885250073555
4812,0.9624,19.16037970928679,41.57849212495849,46.023795171261376,58.523885250073555
4813,0.9626,19.16037970928679,41.595365447388765,46.023795171261376,58.523885250073555
4814,0.9628,19.16037970928679,41.60049287503477,46.023795171261376,58.523885250073555
4815,0.963,19.16037970928679,41.60277043497209,46.023795171261376,58.523885250073555
4816,0.9632,19.16037970928679,41.60440598651004,46.023795171261376,58.523885250073555
4817,0.9634,19.16037970928679,41.6060886193589,46.023795171261376,58.523885250073555
4818,0.9636,19.16037970928679,41.61678648084641,46.023795171261376,58.523885250073555
4819,0.9638,19.16037970928679,41.63475727743478,46.023795171261376,58.523885250073555
4820,0.964,19.16037970928679,41.63980649538373,46.023795171261376,58.523885250073555
4821,0.9642,19.174948169275694,41.641870196959545,46.023795171261376,58.523885250073555
4822,0.9644,19.17946292963541,41.65009304176131,46.023795171261376,58.523885250073555
4823,0.9646,19.18078677051109,41.668610187324596,46.023795171261376,58.523885250073555
4824,0.9648,19.181158135373845,41.67350637992638,46.023795171261376,58.523885250073555
4825,0.965,19.181280426099743,41.68631540650556,46.023795171261376,58.523885250073555
4826,0.9652,19.181336531418697,41.69340816621612,46.023795171261376,58.523885250073555
4827,0.9654,19.18144750425974,41.71273018465518,46.023795171261376,58.523885250073555
4828,0.9656,19.181587672470894,41.727973468584516,46.023795171261376,58.523885250073555
4829,0.9658,19.18211755549477,41.74737695615767,46.023795171261376,58.523885250073555
4830,0.966,19.182779848682074,41.75338243886329,46.023795171261376,58.523885250073555
4831,0.9662,19.18340296919308,41.75607166443878,46.023795171261376,58.523885250073555
4832,0.9664,19.18407158433514,41.757937136652984,46.023795171261376,58.523885250073555
4833,0.9666,19.184684277276396,41.76020218473258,46.023795171261376,58.523885250073555
4834,0.9668,19.184767384752586,41.76834018197809,46.023795171261376,58.523885250073555
4835,0.967,19.184767384752586,41.781337304751446,46.023795171261376,58.523885250073555
4836,0.9672,19.184767384752586,41.8000627340054,46.023795171261376,58.523885250073555
4837,0.9674,19.184767384752586,41.804924596598234,46.023795171261376,58.523885250073555
4838,0.9676,19.184767384752586,41.8068739174196,46.023795171261376,58.523885250073555
4839,0.9678,19.184767384752586,41.81731463817839,46.023795171261376,58.523885250073555
4840,0.968,19.198588052358435,41.8289886598738,46.023795171261376,58.523885250073555
4841,0.9682,19.215770815165186,41.840876012855155,46.023795171261376,58.523885250073555
4842,0.9684,19.233727257862608,41.84522610296524,46.023795171261376,58.523885250073555
4843,0.9686,19.25273010027416,41.85107595638325,46.023795171261376,58.523885250073555
4844,0.9688,19.257287576388922,41.88096122563041,46.023795171261376,58.523885250073555
4845,0.969,19.272023229945223,41.91157193319718,46.023795171261376,58.523885250073555
4846,0.9692,19.290065029848684,41.94420947710487,46.023795171261376,58.523885250073555
4847,0.9694,19.294282431680337,41.98296152435779,46.023795171261376,58.523885250073555
4848,0.9696,19.294937519992367,42.018958148290885,46.023795171261376,58.523885250073555
4849,0.9698,19.294937519992367,42.03583194544178,46.023795171261376,58.523885250073555
4850,0.97,19.294937519992367,42.06539355604856,46.023795171261376,58.523885250073555
4851,0.9702,19.294937519992367,42.0802070832327,46.023795171261376,58.523885250073555
4852,0.9704,19.308654192075046,42.09066494677361,46.023795171261376,58.523885250073555
4853,0.9706,19.325371241994862,42.09450576362225,46.023795171261376,58.523885250073555
4854,0.9708,19.342664620298866,42.09661854658357,46.023795171261376,58.523885250073555
4855,0.971,19.360002956374235,42.09826657336655,46.023795171261376,58.523885250073555
4856,0.9712,19.360418530651906,42.09976385717819,46.023795171261376,58.523885250073555
4857,0.9714,19.360418530651906,42.101183607730874,46.023795171261376,58.523885250073555
4858,0.9716,19.360418530651906,42.102304655693736,46.023795171261376,58.523885250073555
4859,0.9718,19.360418530651906,42.10332819322345,46.023795171261376,58.523885250073555
4860,0.972,19.360418530651906,42.10429115513814,46.023795171261376,58.523885250073555
4861,0.9722,19.360418530651906,42.10519345005952,46.023795171261376,58.523885250073555
4862,0.9724,19.360418530651906,42.105971034186354,46.023795171261376,58.523885250073555
4863,0.9726,19.360418530651906,42.10663026969995,46.023795171261376,58.523885250073555
4864,0.9728,19.360418530651906,42.107232906296915,46.023795171261376,58.523885250073555
4865,0.973,19.360418530651906,42.10781882702824,46.023795171261376,58.523885250073555
4866,0.9732,19.360418530651906,42.10840525156777,46.023795171261376,58.523885250073555
4867,0.9734,19.360418530651906,42.10904513779343,46.023795171261376,58.523885250073555
4868,0.9736,19.360418530651906,42.109747401479495,46.023795171261376,58.523885250073555
4869,0.9738,19.360418530651906,42.11046886530955,46.023795171261376,58.523885250073555
4870,0.974,19.360418530651906,42.11112947448164,46.023795171261376,58.523885250073555
4871,0.9742,19.360418530651906,42.11173660372288,46.023795171261376,58.523885250073555
4872,0.9744,19.360418530651906,42.11229883119321,46.023795171261376,58.523885250073555
4873,0.9746,19.360552287634725,42.11330426382969,46.023795171261376,58.523885250073555
4874,0.9748,19.360843904137507,42.115178222522204,46.023795171261376,58.523885250073555
4875,0.975,19.361240043337677,42.11693995425537,46.023795171261376,58.523885250073555
4876,0.9752,19.36173964804141,42.134256734626724,46.023795171261376,58.523885250073555
4877,0.9754,19.362026241234748,42.13948820281306,46.023795171261376,58.523885250073555
4878,0.9756,19.36254558484486,42.14156718688001,46.023795171261376,58.523885250073555
4879,0.9758,19.36294015247841,42.1429152304352,46.023795171261376,58.523885250073555
4880,0.976,19.36362129277784,42.144122869367386,46.023795171261376,58.523885250073555
4881,0.9762,19.364954471172346,42.14533661906844,46.023795171261376,58.523885250073555
4882,0.9764,19.36695986513216,42.14661541064542,46.023795171261376,58.523885250073555
4883,0.9766,19.368264304446452,42.14811222674189,46.023795171261376,58.523885250073555
4884,0.9768,19.36950594356104,42.14987480846971,46.023795171261376,58.523885250073555
4885,0.977,19.38610023864838,42.15179950429702,46.023795171261376,58.523885250073555
4886,0.9772,19.40660241571967,42.154122032803656,46.023795171261376,58.523885250073555
4887,0.9774,19.412499052279447,42.15677494170077,46.023795171261376,58.523885250073555
4888,0.9776,19.414604480032192,42.15931388406991,46.023795171261376,58.523885250073555
4889,0.9778,19.415723998448474,42.161180077926936,46.023795171261376,58.523885250073555
4890,0.978,19.416581826724556,42.169132635916924,46.023795171261376,58.523885250073555
4891,0.9782,19.417364362843685,42.17312991125306,46.023795171261376,58.523885250073555
4892,0.9784,19.418119546159346,42.17529525728685,46.023795171261376,58.523885250073555
4893,0.9786,19.418859767137295,42.1928649289021,46.023795171261376,58.523885250073555
4894,0.9788,19.419588305728517,42.198515606671116,46.023795171261376,58.523885250073555
4895,0.979,19.42030610883443,42.20095780569427,46.023795171261376,58.523885250073555
4896,0.9792,19.421013524785465,42.21776823674825,46.023795171261376,58.523885250073555
4897,0.9794,19.42171074693257,42.22314476528557,46.023795171261376,58.523885250073555
4898,0.9796,19.422397927129786,42.2318265171497,46.023795171261376,58.523885250073555
4899,0.9798,19.42307520467536,42.236043965409195,46.023795171261376,58.523885250073555
4900,0.98,19.423742713634994,42.23838982542505,46.023795171261376,58.523885250073555
4901,0.9802,19.424400584651206,42.255311123092014,46.023795171261376,58.523885250073555
4902,0.9804,19.42504894637142,42.26690801331747,46.023795171261376,58.523885250073555
4903,0.9806,19.425687933511156,42.27154016222732,46.023795171261376,58.523885250073555
4904,0.9808,19.42631768521589,42.2895978016116,46.023795171261376,58.523885250073555
4905,0.981,19.426938340020673,42.295040002543296,46.023795171261376,58.523885250073555
4906,0.9812,19.427550034104623,42.31321519321793,46.023795171261376,58.523885250073555
4907,0.9814,19.428152944797482,42.33464068370399,46.023795171261376,58.523885250073555
4908,0.9816,19.428747276647588,42.341105659320554,46.023795171261376,58.523885250073555
4909,0.9818,19.429333244822928,42.3506239041058,46.023795171261376,58.523885250073555
4910,0.982,19.429936536758948,42.370819000872935,46.023795171261376,58.523885250073555
4911,0.9822,19.430593402495873,42.37643753800552,46.023795171261376,58.523885250073555
4912,0.9824,19.431268726377915,42.38669688529484,46.023795171261376,58.523885250073555
4913,0.9826,19.43194408567128,42.39180665823793,46.023795171261376,58.523885250073555
4914,0.9828,19.432612844568474,42.39457622340481,46.023795171261376,58.523885250073555
4915,0.983,19.43329768364091,42.406178143098614,46.023795171261376,58.523885250073555
4916,0.9832,19.434011467952452,42.425551974554594,46.023795171261376,58.523885250073555
4917,0.9834,19.450279813360293,42.431524085049055,46.023795171261376,58.523885250073555
4918,0.9836,19.45500418029291,42.45143269566188,46.023795171261376,58.523885250073555
4919,0.9838,19.456733077080326,42.45883729975507,46.023795171261376,58.523885250073555
4920,0.984,19.45844922010286,42.463109011874536,46.023795171261376,58.523885250073555
4921,0.9842,19.459892025701034,42.46689976367819,46.023795171261376,58.523885250073555
4922,0.9844,19.46097273705219,42.47061231640276,46.023795171261376,58.523885250073555
4923,0.9846,19.47637376245423,42.48423474508015,46.023795171261376,58.523885250073555
4924,0.9848,19.481398397746478,42.50537842129835,46.023795171261376,58.523885250073555
4925,0.985,19.483613189470603,42.5129561359578,46.023795171261376,58.523885250073555
4926,0.9852,19.499334213113844,42.51722670866306,46.023795171261376,58.523885250073555
4927,0.9854,19.518921388075764,42.53600268648709,46.023795171261376,58.523885250073555
4928,0.9856,19.525084492654003,42.54263855199899,46.023795171261376,58.523885250073555
4929,0.9858,19.527320563102553,42.55247727238655,46.023795171261376,58.523885250073555
4930,0.986,19.528446936204908,42.56330727896424,46.023795171261376,58.523885250073555
4931,0.9862,19.54453280218607,42.56860860175963,46.023795171261376,58.523885250073555
4932,0.9864,19.549885980425785,42.58054373629939,46.023795171261376,58.523885250073555
4933,0.9866,19.55210358397483,42.58465482661514,46.023795171261376,58.523885250073555
4934,0.9868,19.554301435375937,42.58719854464524,46.023795171261376,58.523885250073555
4935,0.987,19.555679066088068,42.605068930897765,46.023795171261376,58.523885250073555
4936,0.9872,19.571049628264415,42.61990130683022,46.023795171261376,58.523885250073555
4937,0.9874,19.575265559206063,42.62439672404887,46.023795171261376,58.523885250073555
4938,0.9876,19.59139865934764,42.627075829327346,46.023795171261376,58.523885250073555
4939,0.9878,19.610843581757635,42.629316633770294,46.023795171261376,58.523885250073555
4940,0.988,19.63101026282184,42.632463008318375,46.023795171261376,58.523885250073555
4941,0.9882,19.636302459529624,42.63696101598138,46.023795171261376,58.523885250073555
4942,0.9884,19.638094916949942,42.64103412937293,46.023795171261376,58.523885250073555
4943,0.9886,19.65385105033756,42.65970627388564,46.023795171261376,58.523885250073555
4944,0.9888,19.673009858463313,42.68664663067142,46.023795171261376,58.523885250073555
4945,0.989,19.69289592405474,42.70050976952931,46.023795171261376,58.523885250073555
4946,0.9892,19.712878621788125,42.73100320652557,46.023795171261376,58.523885250073555
4947,0.9894,19.71879087983364,42.77213126932675,46.023795171261376,58.523885250073555
4948,0.9896,19.73571814373091,42.81238598432249,46.023795171261376,58.523885250073555
4949,0.9898,19.74013141297197,42.83223870431615,46.023795171261376,58.523885250073555
4950,0.99,19.74135480907119,42.84688152444127,46.023795171261376,58.523885250073555
4951,0.9902,19.74176630831341,42.85967484328333,46.023795171261376,58.523885250073555
4952,0.9904,19.75711257768676,42.87278726830392,46.023795171261376,58.523885250073555
4953,0.9906,19.761095129492922,42.87689396540583,46.023795171261376,58.523885250073555
4954,0.9908,19.762220855204983,42.88070187698578,46.023795171261376,58.523885250073555
4955,0.991,19.763502464500824,42.88447955972967,46.023795171261376,58.523885250073555
4956,0.9912,19.764184521971007,42.88790049437681,46.023795171261376,58.523885250073555
4957,0.9914,19.778871287580497,42.89894470437213,46.023795171261376,58.523885250073555
4958,0.9916,19.79758203248451,42.91138343551739,46.023795171261376,58.523885250073555
4959,0.9918,19.802301431351342,42.9233907374543,46.023795171261376,58.523885250073555
4960,0.992,19.80353492218007,42.935210347270825,46.023795171261376,58.523885250073555
4961,0.9922,19.805017104222266,42.946650805514345,46.023795171261376,58.523885250073555
4962,0.9924,19.820834332456272,42.95010744791743,46.023795171261376,58.523885250073555
4963,0.9926,19.824964921251357,42.95318843916935,46.023795171261376,58.523885250073555
4964,0.9928,19.827038414402818,42.95617537534475,46.023795171261376,58.523885250073555
4965,0.993,19.84304194515221,42.95892913256082,46.023795171261376,58.523885250073555
4966,0.9932,19.84726416073125,42.96142123020421,46.023795171261376,58.523885250073555
4967,0.9934,19.848475775222386,42.963751604657816,46.023795171261376,58.523885250073555
4968,0.9936,19.848918641804712,42.96596231284312,46.023795171261376,58.523885250073555
4969,0.9938,19.849164974690787,42.96803941169948,46.023795171261376,58.523885250073555
4970,0.994,19.849361170616483,42.97011181645295,46.023795171261376,58.523885250073555
4971,0.9942,19.849545006088857,42.97214510499611,46.023795171261376,58.523885250073555
4972,0.9944,19.84972665447343,42.98020614663727,46.023795171261376,58.523885250073555
4973,0.9946,19.849908447219985,42.984025841894415,46.023795171261376,58.523885250073555
4974,0.9948,19.850090149737277,43.0016910213078,46.023795171261376,58.523885250073555
4975,0.995,19.850271637492302,43.0066655500287,46.023795171261376,58.523885250073555
4976,0.9952,19.850452809715534,43.00964459489727,46.023795171261376,58.523885250073555
4977,0.9954,19.85140043756795,43.02781834743171,46.023795171261376,58.523885250073555
4978,0.9956,19.852623483055623,43.03422669766088,46.023795171261376,58.523885250073555
4979,0.9958,19.853054694377047,43.03798662206286,46.023795171261376,58.523885250073555
4980,0.996,19.854173391736666,43.05611050768678,46.023795171261376,58.523885250073555
4981,0.9962,19.854585955835912,43.061585844125254,46.023795171261376,58.523885250073555
4982,0.9964,19.854819415793493,43.06417288090316,46.023795171261376,58.523885250073555
4983,0.9966,19.85500745421702,43.066008559747104,46.023795171261376,58.523885250073555
4984,0.9968,19.85596850037716,43.067579469601526,46.023795171261376,58.523885250073555
4985,0.997,19.85631657035834,43.06890974688122,46.023795171261376,58.523885250073555
4986,0.9972,19.8565423391241,43.07026767936353,46.023795171261376,58.523885250073555
4987,0.9974,19.85767537149796,43.071684378034654,46.023795171261376,58.523885250073555
4988,0.9976,19.859269553547385,43.07305152105025,46.023795171261376,58.523885250073555
4989,0.9978,19.86106293965469,43.0743932571822,46.023795171261376,58.523885250073555
4990,0.998,19.876937520546686,43.075931342583026,46.023795171261376,58.523885250073555
4991,0.9982,19.896210516950518,43.077775072643135,46.023795171261376,58.523885250073555
4992,0.9984,19.901374995603174,43.07972670155353,46.023795171261376,58.523885250073555
4993,0.9986,19.903094199509837,43.08165654554309,46.023795171261376,58.523885250073555
4994,0.9988,19.91898134342396,43.083513829831716,46.023795171261376,58.523885250073555
4995,0.999,19.923392749780458,43.0853131012455,46.023795171261376,58.523885250073555
4996,0.9992,19.939943590099325,43.08703460013823,46.023795171261376,58.523885250073555
4997,0.9994,19.944320163874664,43.08849533807173,46.023795171261376,58.523885250073555
4998,0.9996,19.945653522561248,43.10593118609162,46.023795171261376,58.523885250073555
4999,0.9998,19.947034429613375,43.11181679318258,46.023795171261376,58.523885250073555
5000,1.0,19.94757753382674,43.115061022509266,46.023795171261376,58.523885250073555
